id,platform,author,raw_content,rating,created_at,url,primary_purchased_category,willing_to_try_new,new_categories_of_interest,barrier_reason,is_spam
gp_7fdc7c1c-cb5e-4325-821c-4cd851b0d202,play_store,Rishabh C,"i added 2 items to my cart and went to the payment page. when the payment got initiated I saw that the amount is being charged for just 1 item and it went through. That's when I realised the restaurant branch automatically changed and it probably removed the item that was not available in the store by itself. This lead to additional delivery charges and when I tried to cancel, that didn't happen and there was no response from support for 15 minutes. ended up paying extra for a glitch on the app.",1,2025-08-14T21:38:40,https://play.google.com/store/apps/details?id=in.swiggy.android&reviewId=7fdc7c1c-cb5e-4325-821c-4cd851b0d202,"Dairy, Bread & Eggs",Undecided,,Frequent out-of-stock issues,0
gp_dc029a3e-0730-4e62-8221-5ab288b02cc0,play_store,Nitesh Garg,"Swiggy is stealing money from people through policies that are nothing but scam. If your order is not delivered, instead of refunding the money (which is bare minimum they should do), they issue you a coupon that is valid for a week, so that if you don't order again, they can keep your money. That coupon can not be used to replace the missing items from your order as well because they put several restrictions on these coupons ensuring you can't use them. Stay away from these scamsters.",1,2026-07-19T00:31:38,https://play.google.com/store/apps/details?id=in.swiggy.android&reviewId=dc029a3e-0730-4e62-8221-5ab288b02cc0,"Dairy, Bread & Eggs",Undecided,,No specific friction mentioned,0
gp_9a40be8b-8e84-4155-9db9-722bd13fbd8d,play_store,Manan Agarwal,"Initially, I faced an issue where my order was marked as delivered even though I had not received it. I contacted Swiggy's support team, and after investigating the matter, they resolved the issue and provided a full refund within two days. While the delivery issue was frustrating, I appreciate the support team's prompt response and their efforts to resolve the problem fairly.",4,2026-07-08T20:59:56,https://play.google.com/store/apps/details?id=in.swiggy.android&reviewId=9a40be8b-8e84-4155-9db9-722bd13fbd8d,"Dairy, Bread & Eggs",Undecided,,No specific friction mentioned,0
gp_42887553-c057-48e1-95d7-de6a51110a53,play_store,Kajal Chauhan,"Very disappointing experience! I ordered a meal but received something completely different. On top of that, I used my coupon code on this order, and when I asked for it back due to their mistake, they clearly refused. This is not acceptable at all. If the fault is from your side, customers should not have to suffer the loss. Extremely poor customer service and zero accountability. Not ordering again!",1,2026-07-15T19:16:46,https://play.google.com/store/apps/details?id=in.swiggy.android&reviewId=42887553-c057-48e1-95d7-de6a51110a53,"Dairy, Bread & Eggs",Undecided,,No specific friction mentioned,0
gp_ba807e54-cb1c-478d-a71e-a4fe5001419f,play_store,Gunjan Choudhary,"It's been an hour since I placed the order on Swiggy, but my pizza still hasn't arrived. On top of that, the delivery is taking so long.I'm getting really irritated with Swiggy because my order still hasn't arrived. It's been showing ""7–8 minutes"" for so long, but the delivery isn't moving. Their delivery is extremely slow and the service is really disappointing. It's taking way too much time. Swiggy's delivery is really slow. Zepto's delivery service is much better than theirs.",1,2026-07-16T15:31:47,https://play.google.com/store/apps/details?id=in.swiggy.android&reviewId=ba807e54-cb1c-478d-a71e-a4fe5001419f,"Dairy, Bread & Eggs",Undecided,,No specific friction mentioned,0
gp_1cb0d648-19ad-4876-856a-113b322a2918,play_store,Meraj Khan,"I placed a food order and paid online. The app shows that the delivery partner has arrived at my location, but no one actually came. I was personally standing at the entrance of my building at 2:00 AM, waiting for the order, and there was no delivery partner. On top of that, the delivery partner is not answering my calls. This is extremely disappointing and unprofessional service.",1,2026-07-18T03:09:00,https://play.google.com/store/apps/details?id=in.swiggy.android&reviewId=1cb0d648-19ad-4876-856a-113b322a2918,Pet Care,Undecided,,No specific friction mentioned,0
gp_86c37c63-0c24-42c8-b428-8dde81138c1e,play_store,RISHABH JAISWAL,"Hi Swiggy Team, What the hell is wrong with your service? The app showed 30–35 minutes, but my order arrived over an hour late and completely cold. The delivery partner admitted he was handling multiple orders first and then asked me to come outside my society to collect the order instead of delivering it to my doorstep. This is unacceptable. If you can't manage multiple orders properly, don't accept them. Learn something from Zomato—they don't compromise the customer experience like this.",1,2026-07-16T00:59:01,https://play.google.com/store/apps/details?id=in.swiggy.android&reviewId=86c37c63-0c24-42c8-b428-8dde81138c1e,"Dairy, Bread & Eggs",Undecided,,No specific friction mentioned,0
gp_b0e82ca4-b2df-4ad6-be7a-2cdc3e12aa29,play_store,Anurag King,"Worst customer support experience I've ever had. I strongly advise against ordering food at night. They delivered rotten food, and if you pay via Cash on Delivery (COD), you're left with almost no support. Their customer service is extremely disappointing. Every time I connect through chat, a new agent joins and asks the exact same questions, with no progress or resolution. Even the escalation team has failed to take any meaningful action.",1,2026-07-11T14:27:02,https://play.google.com/store/apps/details?id=in.swiggy.android&reviewId=b0e82ca4-b2df-4ad6-be7a-2cdc3e12aa29,"Dairy, Bread & Eggs",Undecided,,Quality concerns on fresh items,0
gp_de1023b8-0c05-40e2-9b71-7e6b959a8cab,play_store,Saidali Sulthan,"My child accidentally placed a food order without my knowledge. Even though I requested a cancellation the exact moment they accepted it, I was only able to message a bot. It didn't even ask for a cancellation reason, and the order wasn't cancelled. Ultimately, the delivery person arrived with the food. I explained the situation to him and told him I didn't have the money to pay for it, so he finally took it back. Carrying out customer support like this using just a bot is highly frustrating.",1,2026-07-11T13:01:25,https://play.google.com/store/apps/details?id=in.swiggy.android&reviewId=de1023b8-0c05-40e2-9b71-7e6b959a8cab,"Dairy, Bread & Eggs",Undecided,,No specific friction mentioned,0
gp_11fa166d-ce4a-4070-8d98-353d94889f93,play_store,Aradhana Dubey,"initially it was the best app there, but now I'm not satisfied with them, my daughter by mistake placed an order and j went on cancelling it, just 3 sec after placing it, no matter how much i tried they didn't cancel it, kept saying it will go to waste even when my order is not even prepared or not even started preparing, and i end up receiving tones of food, for just one person, and it did go to waste eventually. it's very disturbing and unprofessional, plus they also don't do refunds now.",1,2026-07-18T16:47:23,https://play.google.com/store/apps/details?id=in.swiggy.android&reviewId=11fa166d-ce4a-4070-8d98-353d94889f93,"Dairy, Bread & Eggs",Undecided,,No specific friction mentioned,0
gp_4385f173-eb1c-425e-af55-40d75f18312f,play_store,Devendiran M,The delivery is getting worse day by day. They are pushing for gold membership but is service is worst and the delivery partner is not even trying to move towards the restaurant. The food is severed cold and I don't even have a way to escalate it. The escalation just goes to a bot and gets a standard reply template. I think it's time to support some locally developed app and abandon the big names,1,2026-07-16T18:59:43,https://play.google.com/store/apps/details?id=in.swiggy.android&reviewId=4385f173-eb1c-425e-af55-40d75f18312f,"Dairy, Bread & Eggs",Undecided,,No specific friction mentioned,0
gp_898538d0-148d-4c88-9f46-a89f0989bfeb,play_store,sathish sha,"Worst app and terrible customer service. I placed a food order, and the delivery partner was assigned but kept asking me to wait because he was waiting at another restaurant. Even after more than an hour, my order was still not delivered, and Swiggy didn't seem to monitor or resolve the issue. Customer support was also unhelpful and failed to provide a proper solution. Based on my personal experience, I cannot recommend using this app. I hope the company improves its delivery tracking and custo",1,2026-07-10T23:57:01,https://play.google.com/store/apps/details?id=in.swiggy.android&reviewId=898538d0-148d-4c88-9f46-a89f0989bfeb,"Dairy, Bread & Eggs",Undecided,,No specific friction mentioned,0
gp_cfd5cbb2-5826-4258-bbec-faabdfcf8446,play_store,Leena Vedamani,Pathetic app and delivery partner. I ordered something today and it was never delivered. The delivery guy disappeared while it was still showing 3 minutes away and didn't answer our calls . I tried to escalate this with the customer care but no use. They can't resolve this issue. They are not even refunding the amount. With this kind of service I don't think you guys will survive in the business. Extremely poor service and very disappointed.,1,2026-07-22T23:24:18,https://play.google.com/store/apps/details?id=in.swiggy.android&reviewId=cfd5cbb2-5826-4258-bbec-faabdfcf8446,"Dairy, Bread & Eggs",Undecided,,No specific friction mentioned,0
gp_d0720b98-446f-460e-8983-3b16678b4b55,play_store,KZ V,"applied for 3 months free delivery but there is a hidden charge. Apart from the food bill, service and everything which I calculated and checked, the bill was higher than what was shown when I tried to pay. what was the additional charges for? there's no transparency. it doesn't even show in the bill detail.",1,2026-07-20T17:40:47,https://play.google.com/store/apps/details?id=in.swiggy.android&reviewId=d0720b98-446f-460e-8983-3b16678b4b55,"Dairy, Bread & Eggs",Undecided,,Poor discoverability or category search layout,0
gp_f413aabc-adc7-4b0d-a956-2aa54c7194ae,play_store,lopamudra acharya,"One of the items was missing from my recent order. I reported the issue immediately through the app, but despite their investigation, my refund request was rejected without any clear explanation. Just a day earlier, another order was delayed by more than an hour and had to be cancelled. This is not about the amount of money. If a customer pays for an item and doesn't receive it, they deserve either the item or a refund. Very poor customer service.",1,2026-06-26T18:57:44,https://play.google.com/store/apps/details?id=in.swiggy.android&reviewId=f413aabc-adc7-4b0d-a956-2aa54c7194ae,"Dairy, Bread & Eggs",Undecided,,No specific friction mentioned,0
gp_fca98771-89f4-4d8b-ad3c-0e084e6bd433,play_store,hari krishna,"Absolutely the worst experience with Swiggy. I placed my food order and waited for more than 2 hours. I contacted customer support several times, but instead of resolving the issue, they kept me waiting and finally cancelled my order. This was a complete waste of my time. If the order couldn't be fulfilled, it should have been cancelled much earlier. Very disappointing service and poor customer support. I expected much better.",1,2026-07-05T16:00:18,https://play.google.com/store/apps/details?id=in.swiggy.android&reviewId=fca98771-89f4-4d8b-ad3c-0e084e6bd433,"Dairy, Bread & Eggs",Undecided,,No specific friction mentioned,0
gp_872bf702-10c8-4b3b-af3f-ed45e3cc876c,play_store,Divyanshu Nautiyal,"worst customer support. Highly unprofessional, misleading. It took more than one hour just to figure out the problem. Recommended to be alert until you receive your order. Fraud delivery executives are on their network, who receive the order, but the customer has not been informed or notified. Then the other/second designated delivery executive informs the customer of this scenario. The Swiggy is at a great fault for not building a proper basic system of tracking the order.",1,2026-06-28T01:05:03,https://play.google.com/store/apps/details?id=in.swiggy.android&reviewId=872bf702-10c8-4b3b-af3f-ed45e3cc876c,"Dairy, Bread & Eggs",Undecided,,No specific friction mentioned,0
gp_00a67478-0d8b-4652-969e-de789ef1eb40,play_store,Saravan,"They are frequently giving one item short, and as a refund they will provide coupon, and keep a time limit for that. Why should there be a time limit on my refund money, and even if I want to use that, I will again have to order by giving all the extra delivery charge, platform fee, surge fee, packing charge etc. Also I cannot club another coupon with my refund as if the refund is some kind of discount offer from swiggy.",1,2026-07-08T16:15:58,https://play.google.com/store/apps/details?id=in.swiggy.android&reviewId=00a67478-0d8b-4652-969e-de789ef1eb40,"Dairy, Bread & Eggs",Undecided,,Surge fees and checkout charges on small orders,0
gp_8d4900fb-8245-4630-8317-4cb7c6e476a9,play_store,Fatema Vadgamwala,"Worst customer support I've ever experienced. My orders kept getting cancelled, I couldn't access support from my registered number, and I spent over 5 hours repeating the same issue to multiple agents. They kept transferring chats, closing conversations, and asking me to email support instead of resolving anything. Only apologies, no action. Completely lost my trust in Swiggy. Not recommended",1,2026-07-03T11:45:16,https://play.google.com/store/apps/details?id=in.swiggy.android&reviewId=8d4900fb-8245-4630-8317-4cb7c6e476a9,"Dairy, Bread & Eggs",Undecided,,No specific friction mentioned,0
gp_91f9225b-5299-4944-b515-b8669a017225,play_store,Jitender Sharma,"Very disappointing experience. I received a broken/damaged product, but my return request was declined without any valid reason. The app simply disabled the return option for my order. Customer care was equally unhelpful—they refused to register my complaint or provide any resolution, saying they couldn't do anything. Selling damaged products is one issue, but denying returns and offering no customer support is completely unacceptable. I hope the company improves its after-sales service",1,2026-07-14T00:35:18,https://play.google.com/store/apps/details?id=in.swiggy.android&reviewId=91f9225b-5299-4944-b515-b8669a017225,"Dairy, Bread & Eggs",Undecided,,No specific friction mentioned,0
gp_be50cf64-aa89-4129-97a5-8c1f5b97de27,play_store,Pallabi Ghosh,"Swiggy has become a fraud. They take extra money as Platform fee, packaging fee, taxes, delivery fee and then they provide one item short. Now when you call the customer support, they say they can only refund the money and cannot replace it. So when you try to replace the order from your end, you again have to bear those extra charges, making the total far more than what they have refunded. In other order, you have to pay extra money.",1,2026-06-14T14:38:15,https://play.google.com/store/apps/details?id=in.swiggy.android&reviewId=be50cf64-aa89-4129-97a5-8c1f5b97de27,"Dairy, Bread & Eggs",Undecided,,Surge fees and checkout charges on small orders,0
gp_f18d712b-6a1c-4c47-8833-b599dd816e80,play_store,Saif Ali,"This was my first order from Swiggy, and it was a very bad experience. My order was accepted, but when I called, your team said the item was unavailable. After that, the order got cancelled without any proper update. This is very unprofessional service. If the item was not available, the order should not have been accepted. Very disappointed with Swiggy’s service.",1,2026-05-18T02:22:02,https://play.google.com/store/apps/details?id=in.swiggy.android&reviewId=f18d712b-6a1c-4c47-8833-b599dd816e80,"Dairy, Bread & Eggs",Undecided,,Frequent out-of-stock issues,0
gp_c4024e42-c736-46ec-b7d3-f41e95109b7e,play_store,MOHD ASIF KHAN,"I had ordered two products, but I later decided I didn't want one of them, so I tried to request a cancellation for just that item. Since there was no option to cancel a single item, I ended up cancelling the entire order. I was concerned that the delivery executive might face inconvenience once the order Later, when the refund status showed as zero, I chatted with Swiggy support, and they informed me that I wouldn't receive a refund.",1,2026-06-21T20:38:39,https://play.google.com/store/apps/details?id=in.swiggy.android&reviewId=c4024e42-c736-46ec-b7d3-f41e95109b7e,"Dairy, Bread & Eggs",Undecided,,No specific friction mentioned,0
gp_0b772a0b-2b26-4576-b44b-6d797bd305be,play_store,Jaya Rajput,"I am very disappointed with my recent experiences. My orders are being cancelled after waiting for almost an hour, which is a complete waste of time. In some cases, items were also missing from the delivery. This shows poor coordination between the restaurant and delivery partner. Please improve order reliability and ensure customers receive complete orders without long delays or last-minute cancellations Don't place any orders using this app. 🙏🏻",1,2026-06-19T00:09:09,https://play.google.com/store/apps/details?id=in.swiggy.android&reviewId=0b772a0b-2b26-4576-b44b-6d797bd305be,"Dairy, Bread & Eggs",Undecided,,No specific friction mentioned,0
gp_89428f6a-729a-49aa-a220-879231e80c44,play_store,Pravin Kumar,"Very bad experience. I have been using Swiggy for more than 8 years. There had been times when I faced issues but they were resolved. Today, however, the customer support wasn't very willing to help and even disconnected the call. My order is still stuck and this time I am not even going to do anything about it. I will see for how long you guys will keep an order active. I am definitely switching after this.",1,2026-06-25T21:27:11,https://play.google.com/store/apps/details?id=in.swiggy.android&reviewId=89428f6a-729a-49aa-a220-879231e80c44,"Dairy, Bread & Eggs",Undecided,,No specific friction mentioned,0
gp_0ad72f62-62e4-43a3-804a-aef72ec4bcbe,play_store,Uzma Alam,"I had a missing item in my order, something that should be a simple fix & instead of resolving it, their chatbot kept me on hold, closed the chat on its own, and the next day I got a copy-paste email saying they ""carefully reviewed"" my concern but won't offer a refund. No real explanation. No solution. The food might be fine but if anything goes wrong with your order, don't expect any help. Their support system is designed to exhaust you until you give up. Won't be ordering again.",1,2026-05-29T10:05:56,https://play.google.com/store/apps/details?id=in.swiggy.android&reviewId=0ad72f62-62e4-43a3-804a-aef72ec4bcbe,"Dairy, Bread & Eggs",Undecided,,No specific friction mentioned,0
gp_e943755b-950a-4177-8118-d95c950597c1,play_store,Ansh Gupta,"I am very disappointed with my recent experiences. My orders are not being cancelled after waiting for almost an hour, which is a complete waste of time. In some cases, items were also missing from the delivery. This shows poor coordination between the restaurant and delivery partner. Please improve order reliability and ensure customers receive complete orders without long delays or last-minute cancellations.",1,2026-06-22T22:45:26,https://play.google.com/store/apps/details?id=in.swiggy.android&reviewId=e943755b-950a-4177-8118-d95c950597c1,"Dairy, Bread & Eggs",Undecided,,No specific friction mentioned,0
gp_f7a0ac3a-4d6a-4a3e-920b-668db133f530,play_store,Sricharan Suresh,"Accidentally confirmed a COD order while adding items. No confirmation prompt, one tap and it was placed. Contacted support immediately to cancel and was told I'd be charged the entire bill as a cancellation fee, within the first minute of ordering. Can't add items after placing, no confirmation on COD, and a full cancellation fee if you slip up. Support was useless. This is how you treat a premium customer? A simple ""are you sure?"" would've prevented all of this. I would gice zero stars.",1,2026-05-30T16:01:11,https://play.google.com/store/apps/details?id=in.swiggy.android&reviewId=f7a0ac3a-4d6a-4a3e-920b-668db133f530,"Dairy, Bread & Eggs",Undecided,,No specific friction mentioned,0
gp_aaa7dcd5-ec21-4700-8c7e-7d9c4b89bba7,play_store,Yousuf Rayyan,"Very disappointing experience. My food order was delayed for more than 2 hours because Swiggy could not assign a delivery partner. The worst part is that this did not happen just once—it happened 3 times on the same day. Despite this, the app kept showing changing delivery times and making false promises instead of providing clear updates. If there are no delivery partners available, orders should not be accepted. Stop advertising fast and on-time delivery if you cannot fulfill those promises.",1,2026-06-02T05:12:56,https://play.google.com/store/apps/details?id=in.swiggy.android&reviewId=aaa7dcd5-ec21-4700-8c7e-7d9c4b89bba7,"Dairy, Bread & Eggs",Undecided,,No specific friction mentioned,0
gp_7cdf5eeb-36a1-40a5-9c9a-cbb5a0904752,play_store,Meghna Pamnani,"I refused to accept the order as 3 cheese chicken rolls were missing, which was also confirmed by the delivery partner. Despite this, your customer executive insisted that I make the payment first and assured that the issue would be resolved later. However, no resolution has been provided so far. It is extremely disappointing that Swiggy fails to offer proper support even in clear cases of missing items. Shame on you Swiggy team. Value our money!!!!!",1,2026-06-19T12:39:34,https://play.google.com/store/apps/details?id=in.swiggy.android&reviewId=7cdf5eeb-36a1-40a5-9c9a-cbb5a0904752,"Dairy, Bread & Eggs",Undecided,,No specific friction mentioned,0
gp_e346a80d-8139-4dda-9811-c540e66d0bb4,play_store,Shree Vishen,"Im extremely disappointed with the way my recent order was handled. Products that were apparently out of stock were still shown as available and accepted in my order. After the order was placed, some items were removed, and I was forced to accept a refund instead. This is unfair to customers because if I need those items, I have to place another order and pay additional delivery charges and other fees again. If certain products are not available, they should be clearly marked as out of stock be",1,2026-05-31T17:00:53,https://play.google.com/store/apps/details?id=in.swiggy.android&reviewId=e346a80d-8139-4dda-9811-c540e66d0bb4,"Dairy, Bread & Eggs",Undecided,,Frequent out-of-stock issues,0
gp_ff22ceba-0423-403c-a36e-e73e20fa92b3,play_store,anvi jain,"Very bad experience with Swiggy. They showed an offer that if we order above ₹199, we can get a product for just ₹1. But when the delivery person came, he said the ₹1 product was not available. If the product is unavailable, then why show the offer? This has happened with me two times now. The company only gives a small refund instead of solving the problem properly. Really disappointing service and misleading offers.",1,2026-05-21T22:49:59,https://play.google.com/store/apps/details?id=in.swiggy.android&reviewId=ff22ceba-0423-403c-a36e-e73e20fa92b3,"Dairy, Bread & Eggs",Undecided,,Frequent out-of-stock issues,0
gp_443a3aa1-6054-4db5-a6e0-c9c7f20ece93,play_store,Asna Afreen,"This is the worst app till date. do not order guys on this app coz I faced a lot of issue as they didn't deliver my food at all. I waited for 1 and half hour for the order but the delivery boy didn't pic the call. later on he switched off the phone. I asked help with the customer care but a loss of 500/- I got. No help at all. was it my fault to cancel the order? let me know. Till today no response at all. Even I salend the mail too, but they didn't understand my words at all.",1,2026-05-14T13:56:48,https://play.google.com/store/apps/details?id=in.swiggy.android&reviewId=443a3aa1-6054-4db5-a6e0-c9c7f20ece93,"Dairy, Bread & Eggs",Undecided,,No specific friction mentioned,0
gp_9bd346b0-b3f7-49d0-8b0a-5376dd86bb80,play_store,Nikhil Thakur,"Terrible experience. I placed my order at 10:15 PM, but it was never delivered. The delivery partner went missing, and customer support was completely unhelpful throughout the ordeal. When I tried to cancel because of the excessive delay, I was asked to pay a cancellation fee even though the fault was entirely on Swiggy's side. After making me wait for over 2 hours, they finally refunded my money. Refunding after wasting a customer's time doesn't make up for such poor service. Extremely disappoi",1,2026-07-07T00:23:09,https://play.google.com/store/apps/details?id=in.swiggy.android&reviewId=9bd346b0-b3f7-49d0-8b0a-5376dd86bb80,"Dairy, Bread & Eggs",Undecided,,No specific friction mentioned,0
gp_4c59e3f6-efa1-41a3-ba2b-026774172c22,play_store,Anmol Singh Rathore,I accidentally ordered from the app and wanted to change the phone number. Not only it didn't allowed me to cancel the order despite me clicking on the help in just 5 seconds. The service also took more than 2 minutes to reply to just one message resulting in the order not being cancelled as well as putting cancellation fees same as the order price. The delivery partner was also very rude and not willing to listen. I had a horrible experience here.,1,2026-05-10T12:13:48,https://play.google.com/store/apps/details?id=in.swiggy.android&reviewId=4c59e3f6-efa1-41a3-ba2b-026774172c22,"Dairy, Bread & Eggs",Undecided,,High price margins compared to local markets,0
gp_d40e2b76-3d59-4d5b-8c90-b167d1afc907,play_store,Rajit Pimpale,"They removed the option to cancel order even within 60 seconds of ordering. Cannot cancel the order at all! I've been a loyal Swiggy customer for years but I'm uninstalling now. I'm talking to you, the Product Manager from Swiggy. I know the dark patterns and I know you know them too and still chose to use them. Your A/B tests will give you good conversion and revenue in short term, but know that you've lost me and prolly many more customers forever, and that's a hit you can't measure.",1,2026-06-05T13:42:06,https://play.google.com/store/apps/details?id=in.swiggy.android&reviewId=d40e2b76-3d59-4d5b-8c90-b167d1afc907,"Dairy, Bread & Eggs",Undecided,,No specific friction mentioned,0
gp_27d1d0b1-7703-490f-90ca-1459b773d24c,play_store,Sritama Mitra,Today I ordered food from a restaurant. The delivery had a missing item. when I was trying to lodge a complain the app wanted an image. no matter how many times I tried to upload a picture of the item it just failed. the network was good. camera was good. every permission was given. if you people don't want to take any complains then why the help button? bad experience.,1,2026-07-11T14:55:28,https://play.google.com/store/apps/details?id=in.swiggy.android&reviewId=27d1d0b1-7703-490f-90ca-1459b773d24c,"Dairy, Bread & Eggs",Undecided,,No specific friction mentioned,0
gp_fedfc8b7-ff0d-4ec2-bb55-f6ec9e43325c,play_store,B Shiva,"I had already escalated repeated delivery failures, but only received a generic response. Even now, I'm facing long wait times, orders being cancelled after nearly an hour, and unreliable deliveries. This shows no effective action has been taken. Please investigate and resolve these recurring issues instead of sending automated replies. Otherwise, I'll reconsider using your platform.",1,2026-06-27T22:11:52,https://play.google.com/store/apps/details?id=in.swiggy.android&reviewId=fedfc8b7-ff0d-4ec2-bb55-f6ec9e43325c,"Dairy, Bread & Eggs",Undecided,,No specific friction mentioned,0
gp_85037d36-3e66-4752-9307-b1fdc341c783,play_store,Kiran Krishnan,"I had a bad experience in 2 consecutive days that ordered items missing and some items were replaced with others without asking me . I reported the same to customer support. they were offering coupons and agreed they will notify shops. This is not happening. if the same problem repeats, they are not putting the customer first, and not doing anything to resolve the issue. This is a really bad customer experience from Swiggy.",1,2026-06-25T17:43:45,https://play.google.com/store/apps/details?id=in.swiggy.android&reviewId=85037d36-3e66-4752-9307-b1fdc341c783,"Dairy, Bread & Eggs",Undecided,,No specific friction mentioned,0
gp_94d8a13f-5fbf-49e7-8a53-bc4c36b525e0,play_store,pradeep pradeep,"Accidentally ordered the wrong item and canceled it within minutes, but I was charged a 100% cancellation fee (₹292). I immediately contacted support, explained it was an honest mistake, and even asked them to reorder the same item, but they refused to help. The cancellation flow is confusing, and the support showed no flexibility. Very disappointed. I'll be using Zomato instead after this experience.",1,2026-07-15T13:35:05,https://play.google.com/store/apps/details?id=in.swiggy.android&reviewId=94d8a13f-5fbf-49e7-8a53-bc4c36b525e0,"Dairy, Bread & Eggs",Undecided,,No specific friction mentioned,0
gp_1e751c20-cd3e-4b59-b766-1b61ce6563d3,play_store,Yukta Punya Sonowal,"We can't cancel an order, customer service doesn't work, there's no helpline number. I had to make the full payment to the delivery guy separately via call as he couldn't reach the location (due to floods) making it an inconvenience for the both of us, there is no option for cancellation at all. Thank you for providing the most useless service.",1,2026-07-21T13:22:05,https://play.google.com/store/apps/details?id=in.swiggy.android&reviewId=1e751c20-cd3e-4b59-b766-1b61ce6563d3,Pet Care,Undecided,,No specific friction mentioned,0
gp_8287d419-8e0d-46b3-9478-968ac955af26,play_store,Smruti Ranjan Das,"TERRIBLE EXPERIENCE. I called the delivery partner and he said he had some issues and is not going to pickup any more orders. So I told him to cancel the pickup at his end so Swiggy could reassign a new one but he told me that he was not able to do so in the app and instead asked me to do so in the help and support section,AI bot was unable to understand my concern and neither could I cancel my order or talk to a human representative for a long time.Waited for more than 1.5 hours. TERRIBLE.",1,2026-07-16T22:50:29,https://play.google.com/store/apps/details?id=in.swiggy.android&reviewId=8287d419-8e0d-46b3-9478-968ac955af26,"Dairy, Bread & Eggs",Undecided,,No specific friction mentioned,0
gp_5436a782-1170-4b38-b61d-7805525abd73,play_store,Himanshu Joshi,"I tried to cancel the order within seconds of placing it, but I was told that the restaurant had already started preparing it. That doesn't seem reasonable, especially since the payment had failed. How could the order be accepted and sent to the restaurant before the payment was completed? This happened because the order was placed for the wrong location, and I wasn't even given a chance to cancel or update the address. Day by Day why you are getting worse.. why Swiggy why?",1,2026-07-12T20:48:41,https://play.google.com/store/apps/details?id=in.swiggy.android&reviewId=5436a782-1170-4b38-b61d-7805525abd73,Pet Care,Undecided,,No specific friction mentioned,0
gp_9a047047-556e-4257-925e-e9de789363f4,play_store,Riya Rajput,"I would like to explain exactly what happened. Your delivery partner kept misleading me for more than 30 minutes. He repeatedly told me that my order was not yet ready, even though the order status kept changing. Because of his false information and continuous delay, I had no choice but to cancel the order. I still have not received the order in my hands, yet Swiggy is charging me a 100% cancellation fee. This is completely unacceptable and unfair.",1,2026-07-09T22:15:06,https://play.google.com/store/apps/details?id=in.swiggy.android&reviewId=9a047047-556e-4257-925e-e9de789363f4,"Dairy, Bread & Eggs",Undecided,,No specific friction mentioned,0
gp_f9efaa18-29b0-4886-8267-c6185ca86443,play_store,Govindraj Joshi,"I think it's high time to uninstall #Swiggy. Recently, service getting worse with frequently missing items in delivery of my orders (Swiggy One customer) Then, with hungry stomach, I've to be on phone talking to support person, ultimately they end up refunding for missed food items. every time nothing offered apart from standard Sorry dialogue.",1,2026-07-20T21:19:54,https://play.google.com/store/apps/details?id=in.swiggy.android&reviewId=f9efaa18-29b0-4886-8267-c6185ca86443,"Dairy, Bread & Eggs",Undecided,,No specific friction mentioned,0
gp_abf141fb-66fe-4991-a0a7-4e7614dcfbfe,play_store,Rekha R,"​Horrible service. Twice they messed up my orders—sent wrong food once, and missed items the next time while charging full price. Customer support refuses refunds and abruptly closes the chat. Do not trust them! sometimes mistakes happen but not repeated for more time. In Swiggy it's happening again and again. Take action on the hotels and delivery person they have to check order correct or not. may be hotel forgot to keep one item or delivery person theft it. who knows where is mistake happened",1,2026-07-18T12:36:34,https://play.google.com/store/apps/details?id=in.swiggy.android&reviewId=abf141fb-66fe-4991-a0a7-4e7614dcfbfe,"Dairy, Bread & Eggs",Undecided,,High price margins compared to local markets,0
gp_cdccb027-c5d7-4694-8f28-a09e2f4072a5,play_store,Charmi Nandu,I was offered coupon instead of refund for 1 item which was not delivered in the order. That coupon I received is equivalent to no use as there are coupon available for higher amount then the one provided. Also the item I did not receive was not part of any coupon but I had paid amount for the same. Even after escalating the issues I did not receive any resolution.,1,2026-07-21T01:44:41,https://play.google.com/store/apps/details?id=in.swiggy.android&reviewId=cdccb027-c5d7-4694-8f28-a09e2f4072a5,"Dairy, Bread & Eggs",Undecided,,No specific friction mentioned,0
gp_8a26dee0-c099-4f8b-9606-b7089bb38c35,play_store,Saksham Chopra,"Completely Disappointed with their services, I am repeatedly starting to face delivery issue with order delivered from Swiggy and they have such a long resolving procedure that it is almost exhausting . I ordered a subway and the item was delivered wrong and they don't even provide a refund for that . Better use other delivery apps over it. Please don't use this app complete waste of money and time.",1,2026-07-18T17:09:55,https://play.google.com/store/apps/details?id=in.swiggy.android&reviewId=8a26dee0-c099-4f8b-9606-b7089bb38c35,"Dairy, Bread & Eggs",Undecided,,No specific friction mentioned,0
gp_2c6535ed-b679-40f0-a32c-984f371ae810,play_store,Usha Sharma,"Very disappointing experience with Swiggy today. I ordered biryani, and initially the delivery time shown was just 20 minutes. However, even after waiting for 50 minutes, my order was still not delivered. The delivery executive was also not answering my calls. When I contacted customer care, the only solution they offered was to cancel the order and provide a refund. But what about the 50+ minutes of my time that was was ted waiting for the order? A refund does not compensate for the inconvenie",1,2026-07-22T15:11:44,https://play.google.com/store/apps/details?id=in.swiggy.android&reviewId=2c6535ed-b679-40f0-a32c-984f371ae810,"Dairy, Bread & Eggs",Undecided,,No specific friction mentioned,0
gp_aec7b3e5-aad8-406f-a4d4-ba0219e33b5a,play_store,Jacob Parrekar,"listen I don't have a problem with multi delivery orders. but how am I supposed to be happy when my 15 minute order gets delayed and takes 47minutes instead?! I don't know whether this is a driver issue or a stupid system assigning issue, but my driver took a route opposite to me which is so far away to deliver someone else's order. absolutely ridiculous...",1,2026-07-20T21:59:58,https://play.google.com/store/apps/details?id=in.swiggy.android&reviewId=aec7b3e5-aad8-406f-a4d4-ba0219e33b5a,"Dairy, Bread & Eggs",Undecided,,No specific friction mentioned,0
gp_4906d99f-ab5b-42e5-a59a-2a78f56b1df7,play_store,Anjana P,"After placing the order, I received a call from the delivery partner informing me that the restaurant owner/chef was not available today and therefore, my food could not be prepared. Based on this information, I cancelled the order, as it was impossible for the restaurant to fulfill it. Since the cancellation was due to the restaurant's inability to prepare the food and not because of any change from my side, swiggy should give me the refund. but they refuse to give that. worst app",1,2026-07-22T13:09:41,https://play.google.com/store/apps/details?id=in.swiggy.android&reviewId=4906d99f-ab5b-42e5-a59a-2a78f56b1df7,"Dairy, Bread & Eggs",Undecided,,Frequent out-of-stock issues,0
gp_3bb69219-0a5a-4184-ba9d-a372505bd029,play_store,Teja gadu,"⭐☆☆☆☆ (1/5) Very disappointing experience with Swiggy. My order was delayed for more than 1 hour 15 minutes the delivery partner was not reachable. I tried contacting the Help Center, but there was no option to speak to a real person. The chat kept saying ""Please wait 10 minutes,"" and after 10 minutes it repeated the same message again and again. There was no proper support or update about my order. I do not recommend this app because of the poor customer service and delayed delivery.",1,2026-07-16T14:05:29,https://play.google.com/store/apps/details?id=in.swiggy.android&reviewId=3bb69219-0a5a-4184-ba9d-a372505bd029,"Dairy, Bread & Eggs",Undecided,,No specific friction mentioned,0
gp_9396eef4-9a51-4733-961c-44138cb6e0fa,play_store,Ridhanshi Sah,"Worst app ever. I placed an order while it showed that payments ysing BHIM app will give flat ₹10 off. But the bill did not reduce and I had to pay the full amount even after applying the relevant payment offer coupon and using the BHIM app. Similarly,they displayed that a particular item would be discounted from ₹558 to ₹279. That's what the menu also showed, but whenever I added the item to the cart, this discount vanished and the total bill came up to ₹558, so I had to pay more.",1,2026-06-25T02:13:23,https://play.google.com/store/apps/details?id=in.swiggy.android&reviewId=9396eef4-9a51-4733-961c-44138cb6e0fa,"Dairy, Bread & Eggs",Undecided,,No specific friction mentioned,0
gp_67e7dfa0-1ed6-44f6-9948-e62f229f69f4,play_store,Ratnesh Mishra,"If any item is not available, you should ask the customer for the remaining order he wants or not. I have ordered and main item which I want not available without any confirmation that item cancelled and remaining order sent which is not my primary requirement. I have ordered that item just to save delivery charges. And at the end support was very bad you have no option to raise complain",1,2026-05-20T22:25:35,https://play.google.com/store/apps/details?id=in.swiggy.android&reviewId=67e7dfa0-1ed6-44f6-9948-e62f229f69f4,"Dairy, Bread & Eggs",Undecided,,Frequent out-of-stock issues,0
gp_ffff89bf-6a8f-46b0-aad3-8ef30813cd83,play_store,Prat LENKA,"Extremely disappointed with Swiggy. Almost every order I place gets delayed far beyond the promised delivery time. The app keeps showing changing ETAs, but the food still arrives very late. What's the point of ordering food online if it consistently takes much longer than expected? To make things worse, the food sometimes arrives in poor condition. On multiple occasions, items have been spilled inside the bag, making the packaging messy and ruining the meal experience. I deactivated my account.",1,2026-06-20T15:23:42,https://play.google.com/store/apps/details?id=in.swiggy.android&reviewId=ffff89bf-6a8f-46b0-aad3-8ef30813cd83,"Dairy, Bread & Eggs",Undecided,,No specific friction mentioned,0
gp_3b40b167-500c-4820-b28f-cf4d2e39e06b,play_store,tharuN,"I placed an order through your app, but immediately after placing it, I realized that I had selected the wrong delivery address. When I tried to change the address, I found that my current address was not serviceable. Since the order had just been placed and could not be delivered to my location, I immediately contacted customer support and requested that the order be canceled. However, after the cancellation, I was not refunded any amount. The entire order value was deducted as a cancellation.",1,2026-07-13T15:51:57,https://play.google.com/store/apps/details?id=in.swiggy.android&reviewId=3b40b167-500c-4820-b28f-cf4d2e39e06b,Pet Care,Undecided,,No specific friction mentioned,0
gp_f7121c6f-3187-4ce3-8fa1-a3d746b16560,play_store,Akanksha Singh,"Worst delivery app. They send perishable items like bread with same day expiry date in evening, when only few hours left in its expiry and keep saying that they won't return/replace or provide any refund. One time they even lost my order & said what we can do, you cancel it & order again. And I got to know this after 1 hour. And on top of it, when there is no rain, no bad weather, still chatging surge charge saying due to high orders. Are you the only delivery app, why not blinkit charging it?",1,2026-07-11T17:09:54,https://play.google.com/store/apps/details?id=in.swiggy.android&reviewId=f7121c6f-3187-4ce3-8fa1-a3d746b16560,"Dairy, Bread & Eggs",Undecided,,Surge fees and checkout charges on small orders,0
gp_85e59a11-cf0a-415a-90ef-c532ccfa7809,play_store,Zainab Fathima,"Very disappointing experience. I placed an order and paid ₹565 through PhonePe on 8 July. The delivery partner reached the wrong location even though I had entered the correct address in the app. I was continuously trying to guide him to my location and did not cancel the order. However, the order was cancelled, and I have still not received my refund. I request Swiggy to investigate this issue and process my refund as soon as possible.",1,2026-07-13T17:29:58,https://play.google.com/store/apps/details?id=in.swiggy.android&reviewId=85e59a11-cf0a-415a-90ef-c532ccfa7809,Pet Care,Undecided,,No specific friction mentioned,0
gp_25a66a05-5931-4a25-90e7-4f1bc70f9036,play_store,Shirish Bagade,"Extremely disappointing experience with Swiggy. I placed an order expecting all items to be delivered, but several items were missing when the order arrived. What made the experience even worse was the complete lack of accountability from customer support.. Despite clearly reporting the missing items immediately and providing all required details, photos , Swiggy refused to issue a refund. As a customer, paying for items that were never delivered and then being denied a refund is unacceptable",1,2026-05-11T00:43:03,https://play.google.com/store/apps/details?id=in.swiggy.android&reviewId=25a66a05-5931-4a25-90e7-4f1bc70f9036,"Dairy, Bread & Eggs",Undecided,,No specific friction mentioned,0
gp_03ff7af1-cf85-4226-867f-d8a449908249,play_store,Ahala Fatima,"Extremely disappointing. This is the second time this has happened to me. I placed my order and waited nearly 2 hours while the estimated time remained stuck at 6 minutes. The restaurant didn't answer calls, support was unreachable too and in the end my order was simply cancelled after wasting almost 2 hours of my time. If this is how customer issues are handled this is really disappointing from the company this big. never ordering anything from here again",1,2026-07-02T23:06:44,https://play.google.com/store/apps/details?id=in.swiggy.android&reviewId=03ff7af1-cf85-4226-867f-d8a449908249,"Dairy, Bread & Eggs",Undecided,,No specific friction mentioned,0
gp_28422562-5623-4594-ac68-fdeb594dde65,play_store,Ashwani Agrahari,"I ordered a pizza a few days ago. I placed the order at 12:00 AM, and it was ready by 12:30 AM. It was dispatched for delivery... I waited for an hour, but the pizza never arrived. The app showed it would arrive in two minutes, but it didn't. I contacted customer care, but they put me on hold and then disconnected the call. I waited longer and tried customer care again, but they did the exact same thing. This has been my worst experience so far; I am now uninstalling the app from my phone .",1,2026-06-18T19:21:05,https://play.google.com/store/apps/details?id=in.swiggy.android&reviewId=28422562-5623-4594-ac68-fdeb594dde65,"Dairy, Bread & Eggs",Undecided,,No specific friction mentioned,0
gp_f28074ef-9bce-492e-8b60-96addac753f5,play_store,Amisha Belkhode,"Hidden fees and unfair pricing patterns!The app looks cheap initially, but they hit you with massive ""Restaurant Packaging"" fees (₹45+) and platform fees right before payment. Packaging is mandatory to deliver food, so it should be included in the food price by law. Swiggy hides behind the excuse that ""restaurants set the fee,"" but they actively facilitate these unfair trade practices.",1,2026-07-07T17:52:06,https://play.google.com/store/apps/details?id=in.swiggy.android&reviewId=f28074ef-9bce-492e-8b60-96addac753f5,"Dairy, Bread & Eggs",Undecided,,High price margins compared to local markets,0
gp_dc2dbe14-d715-4930-b318-697bacfbb3de,play_store,Rohan Velip,"This is extremely disappointing. My order arrived with items missing, and this is not the first time I've faced issues. I paid for the complete order and expect to receive everything I was charged for. This level of service is unacceptable. Please provide an immediate refund for the missing items and take steps to prevent this from happening again.",1,2026-07-05T22:53:10,https://play.google.com/store/apps/details?id=in.swiggy.android&reviewId=dc2dbe14-d715-4930-b318-697bacfbb3de,"Dairy, Bread & Eggs",Undecided,,No specific friction mentioned,0
gp_c6fd2dae-b53a-4381-9ca3-ee45853c0239,play_store,Rasitha Rajendran,"Very disappointing service. My order was automatically marked for re-delivery without my approval, and I was not given a refund. The resolution process was poor, and customer support was not helpful. This experience was frustrating, and I expected much better service from Swiggy. I hope they improve their customer support and refund policy.",1,2026-07-17T22:14:01,https://play.google.com/store/apps/details?id=in.swiggy.android&reviewId=c6fd2dae-b53a-4381-9ca3-ee45853c0239,"Dairy, Bread & Eggs",Undecided,,No specific friction mentioned,0
gp_e78f0d4e-8b17-4dba-9c36-31aceb8450ac,play_store,Vinod Murthy,no proper connection between the restaurant and Swiggy backend team. in the app there are various offers like buy 1 get 1 free. once you select that. the restaurant in my case Dindigul talapakatt sent only 1 item and did not share the other item. I could leave this issue. but it's clearly a scam to get people to order under the pretext of an offer and later they deny that they can't reach to the customer service. their customer service has become worse. for everything they say write an email.,1,2026-06-21T22:48:26,https://play.google.com/store/apps/details?id=in.swiggy.android&reviewId=e78f0d4e-8b17-4dba-9c36-31aceb8450ac,"Dairy, Bread & Eggs",Undecided,,No specific friction mentioned,0
gp_8ae33164-90d1-47fb-9ae2-cdc956f94b1d,play_store,Meghana Yelamanchi,"Last night, I ordered Chicken Doner Fries but received a completely different item. Unfortunately, there was no way to connect with a customer support agent, and the support team informed me that they could neither refund nor resolve the issue. What is disappointing is that the delivered item was of lower value than what I paid for, yet no compensation was offered. When a platform delivers the wrong product, customers expect a fair resolution. Due to this experience, I have decided to uninstal",1,2026-06-12T09:03:11,https://play.google.com/store/apps/details?id=in.swiggy.android&reviewId=8ae33164-90d1-47fb-9ae2-cdc956f94b1d,Meat & Fish,Undecided,,No specific friction mentioned,0
gp_c39548f8-f696-46e8-8945-b83992c80b47,play_store,Nilesh Bhatia,"Terrible experience, I have been a Swiggy one customer for over a year, today I tried ordering dominos first at 8 pm, waited for 1 hour, tried calling the store but the number provided was wrong, had to go through 1 more hr of dominos customer support to even get any info about my order and to try to cancel it. Then tried ordering again from a different restaurant, took 30 mins again and they ending up sending the wrong order(not even from the same restaurant!)",1,2026-07-01T23:15:06,https://play.google.com/store/apps/details?id=in.swiggy.android&reviewId=c39548f8-f696-46e8-8945-b83992c80b47,"Dairy, Bread & Eggs",Undecided,,No specific friction mentioned,0
gp_c0199f63-67c7-4189-8225-34257f6489dd,play_store,faizan Ahmad,"Your app does not provide the cancellation option immediately. First, it shows the restaurant’s number, then the delivery partner’s number, and only after that it shows the option to cancel. By the time I reach the cancellation option, the time limit is already over according to your policy, and I become not ineligible for a refund. This delay happens because of your system, not because of me.",1,2026-05-05T22:14:07,https://play.google.com/store/apps/details?id=in.swiggy.android&reviewId=c0199f63-67c7-4189-8225-34257f6489dd,"Dairy, Bread & Eggs",Undecided,,No specific friction mentioned,0
gp_4748a549-42c9-41df-8d18-65756b8f927e,play_store,Sumit Mech,"Worst experience with Swiggy. I placed a Burger King order at around 2 AM. After waiting for over an hour, the app kept showing ""2 minutes away"" or ""5 minutes away"" without any progress. I never received a call from the delivery partner, and the order remained stuck as ""Out for Delivery"" for hours, even the next afternoon. The biggest issue wasn't the delay—it was the fake ETA and zero communication. If an order can't be delivered, at least inform the customer instead of making them wait endles",1,2026-06-29T12:32:40,https://play.google.com/store/apps/details?id=in.swiggy.android&reviewId=4748a549-42c9-41df-8d18-65756b8f927e,Pet Care,Undecided,,No specific friction mentioned,0
gp_d623a06d-76e0-4224-a60f-dc58a3e6ceb3,play_store,Ashmika Ajinkya,"I really appreciate Swiggy’s service and the convenience it provides. However, I would kindly like to share a few concerns. Sometimes the packaging is not proper, and occasionally the eggs arrive broken. There are also delays in delivery at times, and the prices feel a little expensive. In addition, the payment options available are quite limited. I hope these areas can be improved to make the overall experience even better.",3,2026-05-23T21:16:17,https://play.google.com/store/apps/details?id=in.swiggy.android&reviewId=d623a06d-76e0-4224-a60f-dc58a3e6ceb3,"Dairy, Bread & Eggs",Undecided,,High price margins compared to local markets,0
gp_e9995cef-f617-4a7f-85cd-fa065d0816d6,play_store,JItesh PAtil,"I had the worst experience with my past many orders. Food is always 15-20mins late than committed time. Also, AI chat box is of no use. I'm using the Swiggy platform and I have to call delivery person and Restaurant to check whether order is ready or not, if order has been picked up or not. Why are we paying extra for food orders. It's better than we order food from restaurant like in the past and pick it up ourselves. No doubt Swiggy's share has beaten up since listing.",1,2026-06-01T21:21:30,https://play.google.com/store/apps/details?id=in.swiggy.android&reviewId=e9995cef-f617-4a7f-85cd-fa065d0816d6,"Dairy, Bread & Eggs",Undecided,,No specific friction mentioned,0
gp_1261754a-beb0-4bc9-98a8-67c2b2459f57,play_store,Ashish Gangurde,"This is a fraudulent app. I placed an order here, and before the payment, it showed a delivery time of 30 minutes. However, as soon as the payment was completed, the delivery time changed to 50 minutes. When I tried to cancel the order and requested a refund, the cancellation fee shown was equal to the total order amount. This means if I cancel the order, I will receive no refund at all. This app is terrible and is essentially cheating people. [1]",1,2026-05-03T21:26:39,https://play.google.com/store/apps/details?id=in.swiggy.android&reviewId=1261754a-beb0-4bc9-98a8-67c2b2459f57,"Dairy, Bread & Eggs",Undecided,,No specific friction mentioned,0
gp_a97ccfbd-8a74-43a3-b1d0-8caba9f597b5,play_store,MANASI DANGLE,This is the most disgusting app ever. DO NOT INSTALL IT IT'S A COMPLETE FRAUD! So I placed an order and in a few minutes it showed me delivered whereas I did not receive my order and when I tried contacting the delivery partner several times he did not pick up. Then I contacted the support team they tried calling the delivery partner and even then he didn't pick up so they asked me to write an email. Then they replied we can't do anything about your problem. In short they are a scam don't order!,1,2026-05-21T13:15:47,https://play.google.com/store/apps/details?id=in.swiggy.android&reviewId=a97ccfbd-8a74-43a3-b1d0-8caba9f597b5,"Dairy, Bread & Eggs",Undecided,,No specific friction mentioned,0
gp_0013c2a9-a6fe-478e-8909-f769be9e8e28,play_store,Monika Varma,"Very poor customer service. For an incomplete order, I reached out to the customer care team to issue me a refund. they issued a wrong coupon code which I could not use. When I contacted back via email, Swiggy blocked my email instead of resolving the concern. There is no way you can reach out to any customer care executive to get your issue resolved. I have sent email, still the worst you can do is just block the consumers, seriously!!!",1,2026-05-21T23:05:52,https://play.google.com/store/apps/details?id=in.swiggy.android&reviewId=0013c2a9-a6fe-478e-8909-f769be9e8e28,"Dairy, Bread & Eggs",Undecided,,No specific friction mentioned,0
gp_2c2b056a-3417-4fc9-91d2-d339a89aff5b,play_store,Bhumika Bafna,"Very disappointing experience with Swiggy. My cold coffee order (₹250+) was delivered 1 hour 20 minutes late, and the bottle was half empty. On contacting support, I was told they can only offer what the “system allows”- ₹43 coupon for the half product and ₹102 for the delay, which is completely unfair. Poor service, poor resolution, and no accountability. Definitely not reliable.",1,2026-05-05T20:04:07,https://play.google.com/store/apps/details?id=in.swiggy.android&reviewId=2c2b056a-3417-4fc9-91d2-d339a89aff5b,"Dairy, Bread & Eggs",Undecided,,No specific friction mentioned,0
gp_f58bc9f6-8cd9-45e8-b35b-497dc534bdeb,play_store,i p,"The food quality, the claims of protein and chicken on the app are highly questionable. Poorest customer service, with absolutely no resolution. They don't replay to emails. The chat service is just limited to stupid questions and queries. Useless. Extremely late delivery time. For 1.8km distance it can take 1 hr 45 mins that too for a salad with no option of cancelling it and it does it almost every time now. It comes on its own wishes. The prices are sooo high it's become unbearable now.",1,2026-07-12T13:33:28,https://play.google.com/store/apps/details?id=in.swiggy.android&reviewId=f58bc9f6-8cd9-45e8-b35b-497dc534bdeb,Meat & Fish,Undecided,,High price margins compared to local markets,0
gp_6189fe8c-d909-451e-97f2-52feec640f06,play_store,Aki,"Shittiest support system ever. Worst communication with its delivery partners and the support agent. Both give different information regarding any issues. Very slow system management too. My food order was delayed by 2 hours and still was not cancelled and every time I tried to do it, it was some random automated bot replying that order will arrive soon. Meanwhile the support agent assigned didn't even reply after I complained to it.",1,2026-07-13T19:57:02,https://play.google.com/store/apps/details?id=in.swiggy.android&reviewId=6189fe8c-d909-451e-97f2-52feec640f06,Pet Care,Undecided,,No specific friction mentioned,0
gp_b45cfd5c-2035-453c-b6e2-d99ab2463b62,play_store,NIKHIL SINHA,"The lack of any kind of professionalism is jarring at best. If someone decides to call your service the person answering the selected language doesn't even process the language. How am I supposed to ask questions or get things done? Your app at times automatically decides how I'm supposed to pay, and then leaves me in a limbo if I've actually ordered or not. By far the worst of the bunch, the only sane thing is the discount sometimes.",1,2026-05-17T13:40:16,https://play.google.com/store/apps/details?id=in.swiggy.android&reviewId=b45cfd5c-2035-453c-b6e2-d99ab2463b62,"Dairy, Bread & Eggs",Undecided,,No specific friction mentioned,0
gp_08f28e6c-1bde-4e53-85ce-933e5467cd95,play_store,gohil ujjval,"Initially, I faced an issue where my order was marked as delivered but I did not receive it. I contacted Swiggy support regarding the matter, and after investigation, they resolved the issue and provided a full refund within 2 days. While the delivery issue was frustrating, I appreciate the support team's response and their effort to resolve the problem fairly. Thank you for addressing my concern.",4,2026-06-14T13:32:04,https://play.google.com/store/apps/details?id=in.swiggy.android&reviewId=08f28e6c-1bde-4e53-85ce-933e5467cd95,"Dairy, Bread & Eggs",Undecided,,No specific friction mentioned,0
gp_8bb9b1a3-e969-4185-a3d1-ebc68493920b,play_store,sakshi handore,"this app is a full on scam, trying to empty your pockets by adding hidden charges and surge fees, handling fees, and on top of that the product prices are drastically increased. every time I add something for free delivery it again asks to add more and spend more money. I would rather buy from a physical store than pay these scammers.🤬",1,2026-06-27T17:52:15,https://play.google.com/store/apps/details?id=in.swiggy.android&reviewId=8bb9b1a3-e969-4185-a3d1-ebc68493920b,"Dairy, Bread & Eggs",Undecided,,High price margins compared to local markets,0
gp_31be3ff7-e851-45a8-9839-4a7cda0600db,play_store,Rajarshi Ghosh Dastidar,"I ordered a kebab and 2 rotis, my rotis were missing. The bot gave me a 35 rs coupon code which is worthless because i cannot apply it with offers, neither is it equivalent to cash. But for a missing item a proper refund to original payment mechanism is the correct way to handle it. Even after escalating with the customer support and talking with them for nearly a hour, sending pictures and unboxing videos, I couldn't get a refund. That's just plain fraud at that point. Now i prefer zomato.",1,2026-07-01T10:47:59,https://play.google.com/store/apps/details?id=in.swiggy.android&reviewId=31be3ff7-e851-45a8-9839-4a7cda0600db,"Dairy, Bread & Eggs",Undecided,,No specific friction mentioned,0
gp_9c1689ce-4a3b-4cc3-a7fd-39f333d72e4a,play_store,Kushal Jadhav,There was a missing item in the food parcel. Upon complaining I got a coupon code for a tiny amount valid only for 7 days for the same restaurant. This is so tricky to give business to the same restaurant and no benefit to me. Uninstalling the Swiggy app. There is no proper customer support. The Chat option is a dead end.,1,2026-07-04T21:16:19,https://play.google.com/store/apps/details?id=in.swiggy.android&reviewId=9c1689ce-4a3b-4cc3-a7fd-39f333d72e4a,"Dairy, Bread & Eggs",Undecided,,No specific friction mentioned,0
gp_42e3fdaa-83f7-4c50-ac78-dfb1e5882ce6,play_store,Subinoy Chatterjee,"I used to use Swiggy a lot. Had Swiggy one also but I'm very disappointed with Swiggy's customer support. I was issued a ₹484 compensation coupon for a missing item, but it kept showing as ineligible when I tried to use it. I reported the issue while the coupon was still valid and followed up for 7 days, but support kept delaying with no resolution. After the coupon expired, I was told nothing could be done. As a Swiggy member, I expected much better service and accountability.",2,2026-06-27T15:09:36,https://play.google.com/store/apps/details?id=in.swiggy.android&reviewId=42e3fdaa-83f7-4c50-ac78-dfb1e5882ce6,"Dairy, Bread & Eggs",Undecided,,No specific friction mentioned,0
gp_c344e399-5b71-44d5-875a-7f4f409cc092,play_store,Shivanathan M,Not user friendly for refund. They will not add refund amount to your wallet. Just give some useless coupon with 7 days validity. In my case I have ordered for two items. Only one was delivered. For undelivered item they fmgave 119 Rs coupon with 7 days validity. To use the coupon I have to make an order. Please consider giving refund in wallet or return to the account.,1,2026-06-27T21:06:23,https://play.google.com/store/apps/details?id=in.swiggy.android&reviewId=c344e399-5b71-44d5-875a-7f4f409cc092,"Dairy, Bread & Eggs",Undecided,,No specific friction mentioned,0
gp_2e947aeb-efa9-4357-aa81-228a68f55b12,play_store,karunakar y,"Very disappointing experience with Swiggy. My order was marked as delivered, but I never received it. Despite repeatedly asking for proof of delivery, the delivery location, and call records, the support team only kept saying the order was delivered without providing any evidence. This kind of handling encourages fraudulent deliveries and leaves genuine customers without a resolution. Customer support failed to investigate the issue properly or address my concerns.",1,2026-07-11T09:33:03,https://play.google.com/store/apps/details?id=in.swiggy.android&reviewId=2e947aeb-efa9-4357-aa81-228a68f55b12,Pet Care,Undecided,,No specific friction mentioned,0
gp_0388dc7c-28de-4f01-8fff-5759aac2ef7b,play_store,Sharmistha Haldar Santra,This is the 2nd time I'm facing issues with swiggy delivery. That's why I have to write this negative remark. In the 1st case my order got canceled after almost 1hour of waiting. This time my order takes more than 40 minutes after confirming to reach within 20 minutes. Today I ordered almost at 9:30 pm but its still showing that my order is waiting to be picked up. If you cant deliver food on time then what is the purpose of yours? Someone must be hungry. Think of this. Shame on you.,1,2026-07-04T22:14:24,https://play.google.com/store/apps/details?id=in.swiggy.android&reviewId=0388dc7c-28de-4f01-8fff-5759aac2ef7b,"Dairy, Bread & Eggs",Undecided,,No specific friction mentioned,0
gp_11b24221-60a1-4e85-b598-b7f9e32419dc,play_store,Ravi Ahir,"Third-class service. Very disappointing experience. I waited for around 30 minutes, but the restaurant did not hand over my order to the delivery partner. I spoke to the delivery partner, and he confirmed that he had also been waiting for 25–30 minutes. I had no option but to cancel the order. I did not receive my food, yet Swiggy charged me the full ₹249 cancellation fee. The worst part was that I could not get proper customer support, and the responses I received were only generic policy messa",1,2026-07-15T16:26:16,https://play.google.com/store/apps/details?id=in.swiggy.android&reviewId=11b24221-60a1-4e85-b598-b7f9e32419dc,"Dairy, Bread & Eggs",Undecided,,No specific friction mentioned,0
gp_456258f5-96df-402b-8649-1093604504bd,play_store,Satheesh Satz,"Working a night shift, I ordered food at 2 AM. The app showed 40–45 mins delivery, but even after 1 hour I didn't receive my order. I called the delivery partner several times, but he never answered. Customer support said they couldn't reach him either. After waiting hungry for 75+ mins, my order was cancelled. Now I'm going to sleep on an empty stomach. Worst experience with Swiggy. A ₹64 coupon is not enough compensation for this inconvenience. Very disappointing. do I need to use app again.",1,2026-05-30T04:08:26,https://play.google.com/store/apps/details?id=in.swiggy.android&reviewId=456258f5-96df-402b-8649-1093604504bd,"Dairy, Bread & Eggs",Undecided,,No specific friction mentioned,0
gp_f986dcff-1fcf-4d70-9636-ec3df032dd26,play_store,Swapnil Daf,"I recently used Swiggy Dineout and was disappointed to find that the discount policy has changed. Earlier, users could get a direct discount on the bill, but now Swiggy provides cashback instead, which can only be used within the next 15 days. This change significantly reduces the value of booking through the app. If the benefit is only future cashback with a short validity period, there is little incentive to use Dineout for restaurant bookings.",2,2026-06-01T23:41:31,https://play.google.com/store/apps/details?id=in.swiggy.android&reviewId=f986dcff-1fcf-4d70-9636-ec3df032dd26,"Dairy, Bread & Eggs",Undecided,,Poor discoverability or category search layout,0
gp_3e640a3d-15ad-4f6b-8359-5dceae86f0d2,play_store,Akshay Sethia,"⭐ 1 Star Wrong items, incomplete deliveries, and missing products have become very common. Customer support is almost non-existent now. Every issue is redirected to email, responses come after a day, and most replies appear to be automated templates with no real resolution. I have been cheated multiple times due to wrong or missing orders and received no meaningful support. Very disappointing experience.",1,2026-06-04T20:21:40,https://play.google.com/store/apps/details?id=in.swiggy.android&reviewId=3e640a3d-15ad-4f6b-8359-5dceae86f0d2,"Dairy, Bread & Eggs",Undecided,,No specific friction mentioned,0
gp_23c39cfa-63d7-47ce-adfb-7fd8351afd4f,play_store,Anurag Sharma,"Worst food & grocery delivery app I've ever used. Orders get delayed or cancelled, and customer support only gives copy-paste replies with no real resolution. I spent over 2 hours with multiple agents, including the escalation desk, but they simply asked me to email support and wait another 48–72 hours. Swiggy One BLCK is a complete waste of money. Better to choose other platforms who value customers and provide real support.",1,2026-07-09T02:44:23,https://play.google.com/store/apps/details?id=in.swiggy.android&reviewId=23c39cfa-63d7-47ce-adfb-7fd8351afd4f,"Dairy, Bread & Eggs",Undecided,,No specific friction mentioned,0
gp_01467bda-e265-4358-b801-4fb6f7dc2eb7,play_store,AKSHAY MANDAL,"Terrible experience with . I made a small address mistake and there was no option in the app or through customer support to correct it, even with 1 hour left and no rider assigned. I even offered extra payment to the delivery guy after giving the correct address, but he was forced to cancel the order. ₹2500 worth of food got wasted because of a broken system. Worst part? They still wanted full payment. Completely unacceptable.",1,2026-05-10T00:10:05,https://play.google.com/store/apps/details?id=in.swiggy.android&reviewId=01467bda-e265-4358-b801-4fb6f7dc2eb7,"Dairy, Bread & Eggs",Undecided,,No specific friction mentioned,0
gp_ed0e426e-63e8-473a-8aba-698a0934f60b,play_store,Divya Survi,"I am writing this out of sheer frustration with Swiggy's service. For the past few months, the delivery times have been an absolute joke. Even when I order from restaurants that are literally a 2 km radius away from my location in Uppal, Hyderabad, the food routinely takes over an hour to arrive. The app initially shows a highly optimistic ETA, which then creeps up in small increments as the order gets delayed. By the time the food arrives, it is consistently cold, rubbery, and soggy.",1,2026-05-23T01:21:01,https://play.google.com/store/apps/details?id=in.swiggy.android&reviewId=ed0e426e-63e8-473a-8aba-698a0934f60b,Pet Care,Undecided,,No specific friction mentioned,0
gp_1ca15ca2-0a88-4487-806d-cedaf28edc68,play_store,Vishakha Kasliwal,It was worst experience ordering food from swiggy. When I ordered the food from this app it was showing me 35 mins but was not delivered in time. When I tried to connect the person who was assigned to deliver the parcel he didn't answer the call. It took completely more than an hour to deliver the order even when order was ready on time. And no one was assigned for a long time to deliver the order.,1,2026-06-08T17:55:15,https://play.google.com/store/apps/details?id=in.swiggy.android&reviewId=1ca15ca2-0a88-4487-806d-cedaf28edc68,"Dairy, Bread & Eggs",Undecided,,No specific friction mentioned,0
gp_a98927ef-9daa-46bf-9178-0bdcca617d40,play_store,Shija Pravi,Ordered a product from instamart and they sent another product. But when we went to help and support the bot showed that our claim was not valid which it was and didn't let us connect to a customer care partner. This type of order mishaps are happening too often these days and no customer service no we can contact is there. I sent an email but I didn't get any response for that too. Very bad experience.,1,2026-05-14T19:56:30,https://play.google.com/store/apps/details?id=in.swiggy.android&reviewId=a98927ef-9daa-46bf-9178-0bdcca617d40,"Dairy, Bread & Eggs",Undecided,,No specific friction mentioned,0
gp_b9c5ef62-83c4-4382-9954-9784abd91b29,play_store,Rajendra Ch,"Misleading & fake offers in Swiggy in a month. I have tried with 2 different credit cards. Axis Rewards & Icici Cc. Both are rejected at the time of payment Amount is increasing & showing without any offer. 2nd issue, after realising no offer applied, i have cancelled the order immediately in a minute. But Swiggy taken all the amount as a cancellation fee. Customer service is the worst part. They will ask us to write an email and simply say that it's Swiggy policy, no refund for cancelled order",1,2026-05-01T13:46:33,https://play.google.com/store/apps/details?id=in.swiggy.android&reviewId=b9c5ef62-83c4-4382-9954-9784abd91b29,"Dairy, Bread & Eggs",Undecided,,No specific friction mentioned,0
gp_cba4c22b-0f6c-449c-9b89-6aba46129dea,play_store,Neha Sharma,"Very disappointed with Big InstaMart's after-sales support. The service may be fast, but the customer support after purchase is one of the worst I have experienced. In one instance, I ordered curd that normally has a shelf life of around 15 days, but the product I received was set to expire the very next day. What is the point of paying for groceries if fresh products are not being delivered? In another case, I ordered jaggery powder, but instead of powder, I received a hardened rock-like lump",2,2026-06-09T18:48:17,https://play.google.com/store/apps/details?id=in.swiggy.android&reviewId=cba4c22b-0f6c-449c-9b89-6aba46129dea,"Dairy, Bread & Eggs",Undecided,,No specific friction mentioned,0
gp_6160c701-79d9-47a8-bce3-c7d3181a6168,play_store,Laksh Kapil,"Very disappointing experience with Swiggy. There is no easy way to connect with a customer care executive, and customers are forced to deal with a bot that provides generic responses. I wanted to cancel my order before the restaurant had even started preparing the food, but the system kept saying that cancellation was not possible. If the food has not been prepared, customers should have the option to cancel without any issues. Swiggy needs to improve its customer support and provide access to",1,2026-06-24T11:25:17,https://play.google.com/store/apps/details?id=in.swiggy.android&reviewId=6160c701-79d9-47a8-bce3-c7d3181a6168,"Dairy, Bread & Eggs",Undecided,,No specific friction mentioned,0
gp_6088818a-c144-4fa8-b8e1-ea5e399d5c70,play_store,Paladugu Srinivas,"swiggy has become very disappointing lately , the food is bad, no proper delivery partners and the orders are always delayed . I waited 2 hours for my food and even when it arrived , i recieved the wrong order. i talked to the customer service and they were really unhelpful they said that they can't do anything about it . The Instamart is even worse , the orders are never picked up on time and they are never delivered to the location and some of the delivery partners are really rude.",1,2026-05-04T16:34:36,https://play.google.com/store/apps/details?id=in.swiggy.android&reviewId=6088818a-c144-4fa8-b8e1-ea5e399d5c70,Pet Care,Undecided,,No specific friction mentioned,0
gp_14712283-40f1-43a5-a95e-632e847056c9,play_store,Jagan Nath,"They are doing business, not a security agency that have to follow strict guidelines and they don't think beyond how to deliver an order if it was booked in general which has to be booked via order from the train. They don't have the process of changing the general order to order from the train which would've been helpful for many because the restaurant who takes the order too doesn't see the particulars deeply and in the end customers are losers as they also don't have cash on delivery option.",1,2026-06-16T10:06:06,https://play.google.com/store/apps/details?id=in.swiggy.android&reviewId=14712283-40f1-43a5-a95e-632e847056c9,"Dairy, Bread & Eggs",Undecided,,No specific friction mentioned,0
mock_pub_174eb5477133,public_blogs,Karan Rao,"Swiggy One membership gives me free delivery on Instamart. But the free delivery only applies if my order is above 199. If I just want to buy a single baby bottle cleaner, I have to add random items to hit the threshold. I'm undecided if I should buy these categories here or just walk to the pharmacy. Strongly recommend this app.",,2026-04-23T21:46:49.027026,https://www.mockplatform.com/swiggy/mock_pub_174eb5477133,Snacks & Munchies,Undecided,"Baby Care, Cleaning & Household",Loyalty/Instamart Pass discounts do not apply to other categories,0
mock_pla_cdabb7182da0,play_store,Amit Patel,I buy daily groceries. I saw some deals on personal care items like face wash and soaps on Instamart. I'm not sure if the quality is authentic or if they are near expiry. I might try if they show the expiry date on the product page.,1,2026-06-21T21:46:49.027133,https://www.mockplatform.com/swiggy/mock_pla_cdabb7182da0,"Dairy, Bread & Eggs",Undecided,Personal Care,Difficulty discovering category menu or poor search matching,0
mock_red_b407ab424b88,reddit,u/amit_nair,"I buy almost everything on Instamart. Yesterday, I ordered a kitchen knife and a charging cable under Home Essentials, and it came in 9 minutes! Amazing. I'd love to buy my personal care cosmetics (shampoo, face wash) here too, but they don't have premium brands like Cetaphil or Minimalist. Please add them! Delivery boy was polite.",,2026-07-14T21:46:49.027169,https://www.mockplatform.com/swiggy/mock_red_b407ab424b88,Kitchen & Home Essentials,Yes,Personal Care,"Prefers specialized apps (FirstCry, Nykaa, Heads Up For Tails)",0
mock_new_6b9f87345526,news_articles,Rahul Bose,"Swiggy One membership gives me free delivery on Instamart. But the free delivery only applies if my order is above 199. If I just want to buy a single baby bottle cleaner, I have to add random items to hit the threshold. I'm undecided if I should buy these categories here or just walk to the pharmacy.",,2026-06-27T21:46:49.027190,https://www.mockplatform.com/swiggy/mock_new_6b9f87345526,Snacks & Munchies,Undecided,"Baby Care, Cleaning & Household",Loyalty/Instamart Pass discounts do not apply to other categories,0
mock_app_24f870c397bf,app_store,Karan Joshi,"Instamart is my go-to for fruits and vegetables. I want to try ordering fresh chicken and fish from them, but I'm hesitant about how they package it. If they guarantee insulated packaging and Licious-like hygiene, I am willing to switch entirely. Hope they resolve this soon.",3,2026-06-21T21:46:49.027203,https://www.mockplatform.com/swiggy/mock_app_24f870c397bf,Fruits & Vegetables,Yes,Meat & Fish,Fears about quality of fresh produce or meats,0
mock_pla_89b60477b3c7,play_store,Vikram Joshi,"Instamart is great for snacks and beverages when friends come over. But I will never buy vegetables or fruits here. Last time I ordered tomatoes, they were rotten and small. I'd rather buy fresh produce from my local vendor or Safal. Instamart is saving me so much time.",1,2026-07-14T21:46:49.027224,https://www.mockplatform.com/swiggy/mock_pla_89b60477b3c7,Snacks & Munchies,No,,Fears about quality of fresh produce or meats,0
mock_com_3b7f233a9460,community_forums,Neha Singh,"Why is the baby care section on Swiggy Instamart always empty? Whenever I want to order M size Pampers diapers, they are out of stock. I've stopped checking. I buy groceries here but order all my baby needs from FirstCry now. Strongly recommend this app.",,2026-05-18T21:46:49.027238,https://www.mockplatform.com/swiggy/mock_com_3b7f233a9460,"Dairy, Bread & Eggs",No,,"Prefers specialized apps (FirstCry, Nykaa, Heads Up For Tails)",0
mock_com_cea56c1cb71a,community_forums,Karan Singh,"Usually only buy bread and curd. But I noticed a pet care section in the menu. I would love to order wet dog food and treats for my labrador from Instamart since it saves me a trip. However, they only have 1-2 local brands. If they stock Pedigree or Royal Canin, I will buy every month.",,2026-04-11T21:46:49.027252,https://www.mockplatform.com/swiggy/mock_com_cea56c1cb71a,"Dairy, Bread & Eggs",Yes,Pet Care,Prefers specialized apps (Heads Up For Tails),0
mock_pro_11d44a3576c2,product_hunt,Deepa Nair,"Swiggy One membership gives me free delivery on Instamart. But the free delivery only applies if my order is above 199. If I just want to buy a single baby bottle cleaner, I have to add random items to hit the threshold. I'm undecided if I should buy these categories here or just walk to the pharmacy. Hope they resolve this soon.",,2026-04-05T21:46:49.027264,https://www.mockplatform.com/swiggy/mock_pro_11d44a3576c2,Snacks & Munchies,Undecided,"Baby Care, Cleaning & Household",Loyalty/Instamart Pass discounts do not apply to other categories,0
mock_quo_eb16ab897610,quora,Priya Singh,"Instamart is my go-to for fruits and vegetables. I want to try ordering fresh chicken and fish from them, but I'm hesitant about how they package it. If they guarantee insulated packaging and Licious-like hygiene, I am willing to switch entirely.",,2026-03-03T21:46:49.027280,https://www.mockplatform.com/swiggy/mock_quo_eb16ab897610,Fruits & Vegetables,Yes,Meat & Fish,Fears about quality of fresh produce or meats,0
mock_twi_110043b2af96,twitter,@neha_mehta,I use Swiggy Instamart for urgent snacks or beverages. But the checkout page adds so many fees! Handling fee + delivery charge + surge fee. It doesn't make sense to add a single bottle of handwash because the fees double the price. I'll stick to my local store.,,2026-06-11T21:46:49.027292,https://www.mockplatform.com/swiggy/mock_twi_110043b2af96,Beverages,No,,High delivery/surge fees on small value items,0
mock_red_6b339e1f5b7d,reddit,u/meera_nair,"Instamart is great for snacks and beverages when friends come over. But I will never buy vegetables or fruits here. Last time I ordered tomatoes, they were rotten and small. I'd rather buy fresh produce from my local vendor or Safal. Hope they resolve this soon.",,2026-04-26T21:46:49.027309,https://www.mockplatform.com/swiggy/mock_red_6b339e1f5b7d,Snacks & Munchies,No,,Fears about quality of fresh produce or meats,0
mock_new_133fc0941d8b,news_articles,Rohan Verma,"Why is the baby care section on Swiggy Instamart always empty? Whenever I want to order M size Pampers diapers, they are out of stock. I've stopped checking. I buy groceries here but order all my baby needs from FirstCry now. It's getting better day by day.",,2026-07-15T21:46:49.027425,https://www.mockplatform.com/swiggy/mock_new_133fc0941d8b,"Dairy, Bread & Eggs",No,,"Prefers specialized apps (FirstCry, Nykaa, Heads Up For Tails)",0
mock_you_7218a25149e0,youtube,Rohan Singh,I buy daily groceries. I saw some deals on personal care items like face wash and soaps on Instamart. I'm not sure if the quality is authentic or if they are near expiry. I might try if they show the expiry date on the product page.,,2026-06-11T21:46:49.027465,https://www.mockplatform.com/swiggy/mock_you_7218a25149e0,"Dairy, Bread & Eggs",Undecided,Personal Care,Difficulty discovering category menu or poor search matching,0
mock_quo_d2d05aae73f0,quora,Priya Mehta,"I buy my regular household cleaning items and snacks from Instamart. I saw they launched a gourmet and organic section recently. I'm really interested in trying organic seeds and olive oil, but the app search didn't show them properly. Will try if they recommend them on my cart page. Strongly recommend this app.",,2026-03-25T21:46:49.027482,https://www.mockplatform.com/swiggy/mock_quo_d2d05aae73f0,Cleaning & Household,Yes,Gourmet & Organic,Difficulty discovering category menu or poor search matching,0
mock_you_9e25b6e5be9e,youtube,Amit Sen,"Instamart is great for snacks and beverages when friends come over. But I will never buy vegetables or fruits here. Last time I ordered tomatoes, they were rotten and small. I'd rather buy fresh produce from my local vendor or Safal.",,2026-04-20T21:46:49.027497,https://www.mockplatform.com/swiggy/mock_you_9e25b6e5be9e,Snacks & Munchies,No,,Fears about quality of fresh produce or meats,0
mock_you_8a4977b1d84f,youtube,Arjun Bose,"Usually only buy bread and curd. But I noticed a pet care section in the menu. I would love to order wet dog food and treats for my labrador from Instamart since it saves me a trip. However, they only have 1-2 local brands. If they stock Pedigree or Royal Canin, I will buy every month. Placed order from Bangalore.",,2026-03-05T21:46:49.027512,https://www.mockplatform.com/swiggy/mock_you_8a4977b1d84f,"Dairy, Bread & Eggs",Yes,Pet Care,Prefers specialized apps (Heads Up For Tails),0
mock_pla_cb0c0bc4c4d4,play_store,Neha Sharma,"Instamart is my go-to for fruits and vegetables. I want to try ordering fresh chicken and fish from them, but I'm hesitant about how they package it. If they guarantee insulated packaging and Licious-like hygiene, I am willing to switch entirely.",3,2026-04-03T21:46:49.027529,https://www.mockplatform.com/swiggy/mock_pla_cb0c0bc4c4d4,Fruits & Vegetables,Yes,Meat & Fish,Fears about quality of fresh produce or meats,0
mock_twi_b82976d6ddad,twitter,@rahul_malhotra,"Instamart is my go-to for fruits and vegetables. I want to try ordering fresh chicken and fish from them, but I'm hesitant about how they package it. If they guarantee insulated packaging and Licious-like hygiene, I am willing to switch entirely.",,2026-04-16T21:46:49.027545,https://www.mockplatform.com/swiggy/mock_twi_b82976d6ddad,Fruits & Vegetables,Yes,Meat & Fish,Fears about quality of fresh produce or meats,0
mock_you_472e5b56aab5,youtube,Neha Rao,I use Swiggy Instamart for urgent snacks or beverages. But the checkout page adds so many fees! Handling fee + delivery charge + surge fee. It doesn't make sense to add a single bottle of handwash because the fees double the price. I'll stick to my local store. Placed order from Bangalore.,,2026-05-07T21:46:49.027561,https://www.mockplatform.com/swiggy/mock_you_472e5b56aab5,Beverages,No,,High delivery/surge fees on small value items,0
mock_red_537c32e59cbf,reddit,u/arjun_mehta,"Why is the baby care section on Swiggy Instamart always empty? Whenever I want to order M size Pampers diapers, they are out of stock. I've stopped checking. I buy groceries here but order all my baby needs from FirstCry now.",,2026-04-18T21:46:49.027574,https://www.mockplatform.com/swiggy/mock_red_537c32e59cbf,"Dairy, Bread & Eggs",No,,"Prefers specialized apps (FirstCry, Nykaa, Heads Up For Tails)",0
mock_pla_120ee287f7bc,play_store,Anjali Malhotra,"Usually only buy bread and curd. But I noticed a pet care section in the menu. I would love to order wet dog food and treats for my labrador from Instamart since it saves me a trip. However, they only have 1-2 local brands. If they stock Pedigree or Royal Canin, I will buy every month.",5,2026-03-05T21:46:49.027585,https://www.mockplatform.com/swiggy/mock_pla_120ee287f7bc,"Dairy, Bread & Eggs",Yes,Pet Care,Prefers specialized apps (Heads Up For Tails),0
mock_new_3eb855a42403,news_articles,Sneha Joshi,"Why is the baby care section on Swiggy Instamart always empty? Whenever I want to order M size Pampers diapers, they are out of stock. I've stopped checking. I buy groceries here but order all my baby needs from FirstCry now. Delivery boy was polite.",,2026-05-10T21:46:49.027597,https://www.mockplatform.com/swiggy/mock_new_3eb855a42403,"Dairy, Bread & Eggs",No,,"Prefers specialized apps (FirstCry, Nykaa, Heads Up For Tails)",0
mock_new_6930dd1fbbb5,news_articles,Rahul Gupta,I use Swiggy Instamart for urgent snacks or beverages. But the checkout page adds so many fees! Handling fee + delivery charge + surge fee. It doesn't make sense to add a single bottle of handwash because the fees double the price. I'll stick to my local store.,,2026-05-22T21:46:49.027610,https://www.mockplatform.com/swiggy/mock_new_6930dd1fbbb5,Beverages,No,,High delivery/surge fees on small value items,0
mock_quo_9248048d68df,quora,Rahul Patel,I buy daily groceries. I saw some deals on personal care items like face wash and soaps on Instamart. I'm not sure if the quality is authentic or if they are near expiry. I might try if they show the expiry date on the product page.,,2026-03-28T21:46:49.027625,https://www.mockplatform.com/swiggy/mock_quo_9248048d68df,"Dairy, Bread & Eggs",Undecided,Personal Care,Difficulty discovering category menu or poor search matching,0
mock_pla_1b926a9c16cd,play_store,Rahul Rao,"Instamart is my go-to for fruits and vegetables. I want to try ordering fresh chicken and fish from them, but I'm hesitant about how they package it. If they guarantee insulated packaging and Licious-like hygiene, I am willing to switch entirely. Placed order from Bangalore.",3,2026-03-16T21:46:49.027638,https://www.mockplatform.com/swiggy/mock_pla_1b926a9c16cd,Fruits & Vegetables,Yes,Meat & Fish,Fears about quality of fresh produce or meats,0
mock_com_b03f81063b24,community_forums,Arjun Joshi,"I buy my regular household cleaning items and snacks from Instamart. I saw they launched a gourmet and organic section recently. I'm really interested in trying organic seeds and olive oil, but the app search didn't show them properly. Will try if they recommend them on my cart page. Strongly recommend this app.",,2026-06-05T21:46:49.027652,https://www.mockplatform.com/swiggy/mock_com_b03f81063b24,Cleaning & Household,Yes,Gourmet & Organic,Difficulty discovering category menu or poor search matching,0
mock_new_ae9ee60e4cc4,news_articles,Rahul Malhotra,"I buy my regular household cleaning items and snacks from Instamart. I saw they launched a gourmet and organic section recently. I'm really interested in trying organic seeds and olive oil, but the app search didn't show them properly. Will try if they recommend them on my cart page.",,2026-06-13T21:46:49.027667,https://www.mockplatform.com/swiggy/mock_new_ae9ee60e4cc4,Cleaning & Household,Yes,Gourmet & Organic,Difficulty discovering category menu or poor search matching,0
mock_pub_950481d8db06,public_blogs,Neha Joshi,"I buy my regular household cleaning items and snacks from Instamart. I saw they launched a gourmet and organic section recently. I'm really interested in trying organic seeds and olive oil, but the app search didn't show them properly. Will try if they recommend them on my cart page. Swiggy support is helpful though.",,2026-06-30T21:46:49.027682,https://www.mockplatform.com/swiggy/mock_pub_950481d8db06,Cleaning & Household,Yes,Gourmet & Organic,Difficulty discovering category menu or poor search matching,0
mock_pla_b6932eea6f31,play_store,Anjali Patel,"Instamart is my go-to for fruits and vegetables. I want to try ordering fresh chicken and fish from them, but I'm hesitant about how they package it. If they guarantee insulated packaging and Licious-like hygiene, I am willing to switch entirely.",2,2026-07-19T21:46:49.027698,https://www.mockplatform.com/swiggy/mock_pla_b6932eea6f31,Fruits & Vegetables,Yes,Meat & Fish,Fears about quality of fresh produce or meats,0
mock_pro_28d1df7454e7,product_hunt,Deepa Mehta,"Instamart is my go-to for fruits and vegetables. I want to try ordering fresh chicken and fish from them, but I'm hesitant about how they package it. If they guarantee insulated packaging and Licious-like hygiene, I am willing to switch entirely.",,2026-07-14T21:46:49.027712,https://www.mockplatform.com/swiggy/mock_pro_28d1df7454e7,Fruits & Vegetables,Yes,Meat & Fish,Fears about quality of fresh produce or meats,0
mock_new_08daacc873ce,news_articles,Amit Sharma,"Swiggy One membership gives me free delivery on Instamart. But the free delivery only applies if my order is above 199. If I just want to buy a single baby bottle cleaner, I have to add random items to hit the threshold. I'm undecided if I should buy these categories here or just walk to the pharmacy. Placed order from Bangalore.",,2026-06-16T21:46:49.027730,https://www.mockplatform.com/swiggy/mock_new_08daacc873ce,Snacks & Munchies,Undecided,"Baby Care, Cleaning & Household",Loyalty/Instamart Pass discounts do not apply to other categories,0
mock_pla_6971b76f08a9,play_store,Priya Singh,"I buy my regular household cleaning items and snacks from Instamart. I saw they launched a gourmet and organic section recently. I'm really interested in trying organic seeds and olive oil, but the app search didn't show them properly. Will try if they recommend them on my cart page. Swiggy support is helpful though.",1,2026-04-07T21:46:49.027745,https://www.mockplatform.com/swiggy/mock_pla_6971b76f08a9,Cleaning & Household,Yes,Gourmet & Organic,Difficulty discovering category menu or poor search matching,0
mock_you_0d40dac9b798,youtube,Neha Gupta,I buy daily groceries. I saw some deals on personal care items like face wash and soaps on Instamart. I'm not sure if the quality is authentic or if they are near expiry. I might try if they show the expiry date on the product page. Delivery boy was polite.,,2026-07-11T21:46:49.027761,https://www.mockplatform.com/swiggy/mock_you_0d40dac9b798,"Dairy, Bread & Eggs",Undecided,Personal Care,Difficulty discovering category menu or poor search matching,0
mock_quo_c484ccb3eee1,quora,Karan Patel,"I buy almost everything on Instamart. Yesterday, I ordered a kitchen knife and a charging cable under Home Essentials, and it came in 9 minutes! Amazing. I'd love to buy my personal care cosmetics (shampoo, face wash) here too, but they don't have premium brands like Cetaphil or Minimalist. Please add them! Instamart is saving me so much time.",,2026-04-03T21:46:49.027780,https://www.mockplatform.com/swiggy/mock_quo_c484ccb3eee1,Kitchen & Home Essentials,Yes,Personal Care,"Prefers specialized apps (FirstCry, Nykaa, Heads Up For Tails)",0
mock_com_a422ad37465c,community_forums,Vikram Nair,"Usually only buy bread and curd. But I noticed a pet care section in the menu. I would love to order wet dog food and treats for my labrador from Instamart since it saves me a trip. However, they only have 1-2 local brands. If they stock Pedigree or Royal Canin, I will buy every month. Swiggy support is helpful though.",,2026-04-13T21:46:49.027796,https://www.mockplatform.com/swiggy/mock_com_a422ad37465c,"Dairy, Bread & Eggs",Yes,Pet Care,Prefers specialized apps (Heads Up For Tails),0
mock_red_27603226ad39,reddit,u/deepa_patel,I use Swiggy Instamart for urgent snacks or beverages. But the checkout page adds so many fees! Handling fee + delivery charge + surge fee. It doesn't make sense to add a single bottle of handwash because the fees double the price. I'll stick to my local store.,,2026-04-30T21:46:49.027810,https://www.mockplatform.com/swiggy/mock_red_27603226ad39,Beverages,No,,High delivery/surge fees on small value items,0
mock_pro_1625a72225b6,product_hunt,Karan Nair,"I buy almost everything on Instamart. Yesterday, I ordered a kitchen knife and a charging cable under Home Essentials, and it came in 9 minutes! Amazing. I'd love to buy my personal care cosmetics (shampoo, face wash) here too, but they don't have premium brands like Cetaphil or Minimalist. Please add them! Swiggy support is helpful though.",,2026-05-25T21:46:49.027832,https://www.mockplatform.com/swiggy/mock_pro_1625a72225b6,Kitchen & Home Essentials,Yes,Personal Care,"Prefers specialized apps (FirstCry, Nykaa, Heads Up For Tails)",0
mock_pla_22e2ffed702c,play_store,Amit Joshi,"Usually only buy bread and curd. But I noticed a pet care section in the menu. I would love to order wet dog food and treats for my labrador from Instamart since it saves me a trip. However, they only have 1-2 local brands. If they stock Pedigree or Royal Canin, I will buy every month.",2,2026-03-28T21:46:49.027852,https://www.mockplatform.com/swiggy/mock_pla_22e2ffed702c,"Dairy, Bread & Eggs",Yes,Pet Care,Prefers specialized apps (Heads Up For Tails),0
mock_new_970e41e92a4e,news_articles,Priya Sen,"Instamart is my go-to for fruits and vegetables. I want to try ordering fresh chicken and fish from them, but I'm hesitant about how they package it. If they guarantee insulated packaging and Licious-like hygiene, I am willing to switch entirely. Strongly recommend this app.",,2026-05-02T21:46:49.027868,https://www.mockplatform.com/swiggy/mock_new_970e41e92a4e,Fruits & Vegetables,Yes,Meat & Fish,Fears about quality of fresh produce or meats,0
mock_com_4ac0e26f490a,community_forums,Deepa Mehta,I buy daily groceries. I saw some deals on personal care items like face wash and soaps on Instamart. I'm not sure if the quality is authentic or if they are near expiry. I might try if they show the expiry date on the product page.,,2026-06-01T21:46:49.027882,https://www.mockplatform.com/swiggy/mock_com_4ac0e26f490a,"Dairy, Bread & Eggs",Undecided,Personal Care,Difficulty discovering category menu or poor search matching,0
mock_app_055a70a5d90b,app_store,Priya Joshi,I buy daily groceries. I saw some deals on personal care items like face wash and soaps on Instamart. I'm not sure if the quality is authentic or if they are near expiry. I might try if they show the expiry date on the product page.,3,2026-05-20T21:46:49.027898,https://www.mockplatform.com/swiggy/mock_app_055a70a5d90b,"Dairy, Bread & Eggs",Undecided,Personal Care,Difficulty discovering category menu or poor search matching,0
mock_quo_050586b138f8,quora,Vikram Sen,"Swiggy One membership gives me free delivery on Instamart. But the free delivery only applies if my order is above 199. If I just want to buy a single baby bottle cleaner, I have to add random items to hit the threshold. I'm undecided if I should buy these categories here or just walk to the pharmacy.",,2026-04-11T21:46:49.027917,https://www.mockplatform.com/swiggy/mock_quo_050586b138f8,Snacks & Munchies,Undecided,"Baby Care, Cleaning & Household",Loyalty/Instamart Pass discounts do not apply to other categories,0
mock_red_57c7fd5e1fa9,reddit,u/amit_sen,I buy daily groceries. I saw some deals on personal care items like face wash and soaps on Instamart. I'm not sure if the quality is authentic or if they are near expiry. I might try if they show the expiry date on the product page. Swiggy support is helpful though.,,2026-04-02T21:46:49.027931,https://www.mockplatform.com/swiggy/mock_red_57c7fd5e1fa9,"Dairy, Bread & Eggs",Undecided,Personal Care,Difficulty discovering category menu or poor search matching,0
mock_quo_8730237ac817,quora,Sneha Bose,"I buy almost everything on Instamart. Yesterday, I ordered a kitchen knife and a charging cable under Home Essentials, and it came in 9 minutes! Amazing. I'd love to buy my personal care cosmetics (shampoo, face wash) here too, but they don't have premium brands like Cetaphil or Minimalist. Please add them!",,2026-06-13T21:46:49.027949,https://www.mockplatform.com/swiggy/mock_quo_8730237ac817,Kitchen & Home Essentials,Yes,Personal Care,"Prefers specialized apps (FirstCry, Nykaa, Heads Up For Tails)",0
mock_red_c354911b57b1,reddit,u/rahul_verma,"I order milk, bread, and eggs from Swiggy Instamart every single morning. It's fast and reliable. But I never buy personal care items or home cleaning liquids here. They are far cheaper at DMart, and Instamart prices have a high premium. I strictly use it for daily groceries. It's getting better day by day.",,2026-06-06T21:46:49.028007,https://www.mockplatform.com/swiggy/mock_red_c354911b57b1,"Dairy, Bread & Eggs",No,,Pricing is higher compared to local supermarkets (DMart),0
mock_pub_f403c2d6ae27,public_blogs,Neha Mehta,"Instamart is great for snacks and beverages when friends come over. But I will never buy vegetables or fruits here. Last time I ordered tomatoes, they were rotten and small. I'd rather buy fresh produce from my local vendor or Safal.",,2026-04-18T21:46:49.028030,https://www.mockplatform.com/swiggy/mock_pub_f403c2d6ae27,Snacks & Munchies,No,,Fears about quality of fresh produce or meats,0
mock_quo_bc7dedb1ed06,quora,Deepa Sharma,"Instamart is great for snacks and beverages when friends come over. But I will never buy vegetables or fruits here. Last time I ordered tomatoes, they were rotten and small. I'd rather buy fresh produce from my local vendor or Safal. Swiggy support is helpful though.",,2026-03-10T21:46:49.028045,https://www.mockplatform.com/swiggy/mock_quo_bc7dedb1ed06,Snacks & Munchies,No,,Fears about quality of fresh produce or meats,0
mock_you_d2dc835090ec,youtube,Priya Nair,I use Swiggy Instamart for urgent snacks or beverages. But the checkout page adds so many fees! Handling fee + delivery charge + surge fee. It doesn't make sense to add a single bottle of handwash because the fees double the price. I'll stick to my local store. Delivery boy was polite.,,2026-04-28T21:46:49.028057,https://www.mockplatform.com/swiggy/mock_you_d2dc835090ec,Beverages,No,,High delivery/surge fees on small value items,0
mock_twi_24ef9af5018f,twitter,@meera_gupta,"I buy almost everything on Instamart. Yesterday, I ordered a kitchen knife and a charging cable under Home Essentials, and it came in 9 minutes! Amazing. I'd love to buy my personal care cosmetics (shampoo, face wash) here too, but they don't have premium brands like Cetaphil or Minimalist. Please add them! Hope they resolve this soon.",,2026-05-29T21:46:49.028071,https://www.mockplatform.com/swiggy/mock_twi_24ef9af5018f,Kitchen & Home Essentials,Yes,Personal Care,"Prefers specialized apps (FirstCry, Nykaa, Heads Up For Tails)",0
mock_com_2668f8423b4a,community_forums,Anjali Singh,"I buy my regular household cleaning items and snacks from Instamart. I saw they launched a gourmet and organic section recently. I'm really interested in trying organic seeds and olive oil, but the app search didn't show them properly. Will try if they recommend them on my cart page. Hope they resolve this soon.",,2026-05-09T21:46:49.028088,https://www.mockplatform.com/swiggy/mock_com_2668f8423b4a,Cleaning & Household,Yes,Gourmet & Organic,Difficulty discovering category menu or poor search matching,0
mock_you_7f0ff2d24673,youtube,Neha Gupta,"I order milk, bread, and eggs from Swiggy Instamart every single morning. It's fast and reliable. But I never buy personal care items or home cleaning liquids here. They are far cheaper at DMart, and Instamart prices have a high premium. I strictly use it for daily groceries.",,2026-07-23T21:46:49.028101,https://www.mockplatform.com/swiggy/mock_you_7f0ff2d24673,"Dairy, Bread & Eggs",No,,Pricing is higher compared to local supermarkets (DMart),0
mock_new_9616b8cb27ca,news_articles,Rohan Joshi,I buy daily groceries. I saw some deals on personal care items like face wash and soaps on Instamart. I'm not sure if the quality is authentic or if they are near expiry. I might try if they show the expiry date on the product page.,,2026-04-12T21:46:49.028111,https://www.mockplatform.com/swiggy/mock_new_9616b8cb27ca,"Dairy, Bread & Eggs",Undecided,Personal Care,Difficulty discovering category menu or poor search matching,0
mock_red_2397b364cd66,reddit,u/amit_sen,"Swiggy One membership gives me free delivery on Instamart. But the free delivery only applies if my order is above 199. If I just want to buy a single baby bottle cleaner, I have to add random items to hit the threshold. I'm undecided if I should buy these categories here or just walk to the pharmacy.",,2026-03-25T21:46:49.028124,https://www.mockplatform.com/swiggy/mock_red_2397b364cd66,Snacks & Munchies,Undecided,"Baby Care, Cleaning & Household",Loyalty/Instamart Pass discounts do not apply to other categories,0
mock_pro_b28af0028534,product_hunt,Rahul Malhotra,"I order milk, bread, and eggs from Swiggy Instamart every single morning. It's fast and reliable. But I never buy personal care items or home cleaning liquids here. They are far cheaper at DMart, and Instamart prices have a high premium. I strictly use it for daily groceries.",,2026-05-25T21:46:49.028136,https://www.mockplatform.com/swiggy/mock_pro_b28af0028534,"Dairy, Bread & Eggs",No,,Pricing is higher compared to local supermarkets (DMart),0
mock_new_438e4a0f62e6,news_articles,Rahul Verma,"I order milk, bread, and eggs from Swiggy Instamart every single morning. It's fast and reliable. But I never buy personal care items or home cleaning liquids here. They are far cheaper at DMart, and Instamart prices have a high premium. I strictly use it for daily groceries.",,2026-03-23T21:46:49.028147,https://www.mockplatform.com/swiggy/mock_new_438e4a0f62e6,"Dairy, Bread & Eggs",No,,Pricing is higher compared to local supermarkets (DMart),0
mock_quo_7d66dcd9898e,quora,Karan Joshi,"Why is the baby care section on Swiggy Instamart always empty? Whenever I want to order M size Pampers diapers, they are out of stock. I've stopped checking. I buy groceries here but order all my baby needs from FirstCry now.",,2026-07-03T21:46:49.028158,https://www.mockplatform.com/swiggy/mock_quo_7d66dcd9898e,"Dairy, Bread & Eggs",No,,"Prefers specialized apps (FirstCry, Nykaa, Heads Up For Tails)",0
mock_quo_3cf10b6782f8,quora,Neha Malhotra,"I buy my regular household cleaning items and snacks from Instamart. I saw they launched a gourmet and organic section recently. I'm really interested in trying organic seeds and olive oil, but the app search didn't show them properly. Will try if they recommend them on my cart page. Instamart is saving me so much time.",,2026-06-06T21:46:49.028173,https://www.mockplatform.com/swiggy/mock_quo_3cf10b6782f8,Cleaning & Household,Yes,Gourmet & Organic,Difficulty discovering category menu or poor search matching,0
mock_pro_eebef27caa69,product_hunt,Amit Rao,"Swiggy One membership gives me free delivery on Instamart. But the free delivery only applies if my order is above 199. If I just want to buy a single baby bottle cleaner, I have to add random items to hit the threshold. I'm undecided if I should buy these categories here or just walk to the pharmacy. Swiggy support is helpful though.",,2026-05-07T21:46:49.028202,https://www.mockplatform.com/swiggy/mock_pro_eebef27caa69,Snacks & Munchies,Undecided,"Baby Care, Cleaning & Household",Loyalty/Instamart Pass discounts do not apply to other categories,0
mock_new_ef60dda2cd23,news_articles,Priya Singh,"I buy my regular household cleaning items and snacks from Instamart. I saw they launched a gourmet and organic section recently. I'm really interested in trying organic seeds and olive oil, but the app search didn't show them properly. Will try if they recommend them on my cart page.",,2026-06-14T21:46:49.028218,https://www.mockplatform.com/swiggy/mock_new_ef60dda2cd23,Cleaning & Household,Yes,Gourmet & Organic,Difficulty discovering category menu or poor search matching,0
mock_you_fe94ef7482e5,youtube,Sneha Bose,"I buy almost everything on Instamart. Yesterday, I ordered a kitchen knife and a charging cable under Home Essentials, and it came in 9 minutes! Amazing. I'd love to buy my personal care cosmetics (shampoo, face wash) here too, but they don't have premium brands like Cetaphil or Minimalist. Please add them!",,2026-04-16T21:46:49.028231,https://www.mockplatform.com/swiggy/mock_you_fe94ef7482e5,Kitchen & Home Essentials,Yes,Personal Care,"Prefers specialized apps (FirstCry, Nykaa, Heads Up For Tails)",0
mock_pla_eacf60f27ec6,play_store,Rohan Malhotra,"I buy almost everything on Instamart. Yesterday, I ordered a kitchen knife and a charging cable under Home Essentials, and it came in 9 minutes! Amazing. I'd love to buy my personal care cosmetics (shampoo, face wash) here too, but they don't have premium brands like Cetaphil or Minimalist. Please add them! Delivery boy was polite.",3,2026-05-21T21:46:49.028243,https://www.mockplatform.com/swiggy/mock_pla_eacf60f27ec6,Kitchen & Home Essentials,Yes,Personal Care,"Prefers specialized apps (FirstCry, Nykaa, Heads Up For Tails)",0
mock_com_85d013e00045,community_forums,Vikram Malhotra,"Swiggy One membership gives me free delivery on Instamart. But the free delivery only applies if my order is above 199. If I just want to buy a single baby bottle cleaner, I have to add random items to hit the threshold. I'm undecided if I should buy these categories here or just walk to the pharmacy. Instamart is saving me so much time.",,2026-04-29T21:46:49.028255,https://www.mockplatform.com/swiggy/mock_com_85d013e00045,Snacks & Munchies,Undecided,"Baby Care, Cleaning & Household",Loyalty/Instamart Pass discounts do not apply to other categories,0
mock_pla_65a40d8a3dd5,play_store,Amit Malhotra,I use Swiggy Instamart for urgent snacks or beverages. But the checkout page adds so many fees! Handling fee + delivery charge + surge fee. It doesn't make sense to add a single bottle of handwash because the fees double the price. I'll stick to my local store.,2,2026-03-25T21:46:49.028267,https://www.mockplatform.com/swiggy/mock_pla_65a40d8a3dd5,Beverages,No,,High delivery/surge fees on small value items,0
mock_pub_a552643c26f5,public_blogs,Rohan Gupta,"I buy my regular household cleaning items and snacks from Instamart. I saw they launched a gourmet and organic section recently. I'm really interested in trying organic seeds and olive oil, but the app search didn't show them properly. Will try if they recommend them on my cart page. It's getting better day by day.",,2026-06-11T21:46:49.028278,https://www.mockplatform.com/swiggy/mock_pub_a552643c26f5,Cleaning & Household,Yes,Gourmet & Organic,Difficulty discovering category menu or poor search matching,0
mock_new_e4c62a2f2bb3,news_articles,Anjali Patel,"I order milk, bread, and eggs from Swiggy Instamart every single morning. It's fast and reliable. But I never buy personal care items or home cleaning liquids here. They are far cheaper at DMart, and Instamart prices have a high premium. I strictly use it for daily groceries.",,2026-06-18T21:46:49.028332,https://www.mockplatform.com/swiggy/mock_new_e4c62a2f2bb3,"Dairy, Bread & Eggs",No,,Pricing is higher compared to local supermarkets (DMart),0
mock_app_b1bd5bb19921,app_store,Priya Joshi,"Instamart is great for snacks and beverages when friends come over. But I will never buy vegetables or fruits here. Last time I ordered tomatoes, they were rotten and small. I'd rather buy fresh produce from my local vendor or Safal.",3,2026-03-18T21:46:49.028351,https://www.mockplatform.com/swiggy/mock_app_b1bd5bb19921,Snacks & Munchies,No,,Fears about quality of fresh produce or meats,0
mock_you_7b17f0052e08,youtube,Rahul Patel,"Swiggy One membership gives me free delivery on Instamart. But the free delivery only applies if my order is above 199. If I just want to buy a single baby bottle cleaner, I have to add random items to hit the threshold. I'm undecided if I should buy these categories here or just walk to the pharmacy.",,2026-04-13T21:46:49.028364,https://www.mockplatform.com/swiggy/mock_you_7b17f0052e08,Snacks & Munchies,Undecided,"Baby Care, Cleaning & Household",Loyalty/Instamart Pass discounts do not apply to other categories,0
mock_com_e0b14c902ae7,community_forums,Priya Singh,"Why is the baby care section on Swiggy Instamart always empty? Whenever I want to order M size Pampers diapers, they are out of stock. I've stopped checking. I buy groceries here but order all my baby needs from FirstCry now. Strongly recommend this app.",,2026-07-21T21:46:49.028389,https://www.mockplatform.com/swiggy/mock_com_e0b14c902ae7,"Dairy, Bread & Eggs",No,,"Prefers specialized apps (FirstCry, Nykaa, Heads Up For Tails)",0
mock_pub_24abe437fcbe,public_blogs,Sneha Nair,"Swiggy One membership gives me free delivery on Instamart. But the free delivery only applies if my order is above 199. If I just want to buy a single baby bottle cleaner, I have to add random items to hit the threshold. I'm undecided if I should buy thes",,2026-03-19T21:46:49.028402,https://www.mockplatform.com/swiggy/mock_pub_24abe437fcbe,"Dairy, Bread & Eggs",Yes,Pet Care,Prefers specialized apps (Heads Up For Tails),0
mock_pub_00d1eaa0a54e,public_blogs,Deepa Singh,"I order milk, bread, and eggs from Swiggy Instamart every single morning. It's fast and reliable. But I never buy personal care items or home cleaning liquids here. They are far cheaper at DMart, and Instamart prices have a high premium. I strictly use it for daily groceries.",,2026-05-26T21:46:49.028412,https://www.mockplatform.com/swiggy/mock_pub_00d1eaa0a54e,"Dairy, Bread & Eggs",No,,Pricing is higher compared to local supermarkets (DMart),0
mock_twi_d6c09f0e061e,twitter,@priya_joshi,"Instamart is my go-to for fruits and vegetables. I want to try ordering fresh chicken and fish from them, but I'm hesitant about how they package it. If they guarantee insulated packaging and Licious-like hygiene, I am willing to switch entirely.",,2026-07-07T21:46:49.028422,https://www.mockplatform.com/swiggy/mock_twi_d6c09f0e061e,Fruits & Vegetables,Yes,Meat & Fish,Fears about quality of fresh produce or meats,0
mock_pla_20f346d32fbb,play_store,Rahul Mehta,"Instamart is my go-to for fruits and vegetables. I want to try ordering fresh chicken and fish from them, but I'm hesitant about how they package it. If they guarantee insulated packaging and Licious-like hygiene, I am willing to switch entirely.",3,2026-03-22T21:46:49.028433,https://www.mockplatform.com/swiggy/mock_pla_20f346d32fbb,Fruits & Vegetables,Yes,Meat & Fish,Fears about quality of fresh produce or meats,0
mock_pub_6a55440562f5,public_blogs,Sneha Sen,"I order milk, bread, and eggs from Swiggy Instamart every single morning. It's fast and reliable. But I never buy personal care items or home cleaning liquids here. They are far cheaper at DMart, and Instamart prices have a high premium. I strictly use it for daily groceries. Placed order from Bangalore.",,2026-05-16T21:46:49.028482,https://www.mockplatform.com/swiggy/mock_pub_6a55440562f5,"Dairy, Bread & Eggs",No,,Pricing is higher compared to local supermarkets (DMart),0
mock_new_b0a34b73db4c,news_articles,Sneha Verma,"Usually only buy bread and curd. But I noticed a pet care section in the menu. I would love to order wet dog food and treats for my labrador from Instamart since it saves me a trip. However, they only have 1-2 local brands. If they stock Pedigree or Royal Canin, I will buy every month. It's getting better day by day.",,2026-04-22T21:46:49.028493,https://www.mockplatform.com/swiggy/mock_new_b0a34b73db4c,"Dairy, Bread & Eggs",Yes,Pet Care,Prefers specialized apps (Heads Up For Tails),0
mock_twi_57a2fdeccc99,twitter,@rahul_bose,"I order milk, bread, and eggs from Swiggy Instamart every single morning. It's fast and reliable. But I never buy personal care items or home cleaning liquids here. They are far cheaper at DMart, and Instamart prices have a high premium. I strictly use it for daily groceries.",,2026-07-14T21:46:49.028557,https://www.mockplatform.com/swiggy/mock_twi_57a2fdeccc99,"Dairy, Bread & Eggs",No,,Pricing is higher compared to local supermarkets (DMart),0
mock_app_11b046124ccc,app_store,Arjun Patel,"I order milk, bread, and eggs from Swiggy Instamart every single morning. It's fast and reliable. But I never buy personal care items or home cleaning liquids here. They are far cheaper at DMart, and Instamart prices have a high premium. I strictly use it for daily groceries.",2,2026-07-10T21:46:49.028579,https://www.mockplatform.com/swiggy/mock_app_11b046124ccc,"Dairy, Bread & Eggs",No,,Pricing is higher compared to local supermarkets (DMart),0
mock_app_b7a8292d1fac,app_store,Anjali Rao,"Instamart is my go-to for fruits and vegetables. I want to try ordering fresh chicken and fish from them, but I'm hesitant about how they package it. If they guarantee insulated packaging and Licious-like hygiene, I am willing to switch entirely.",4,2026-05-08T21:46:49.028606,https://www.mockplatform.com/swiggy/mock_app_b7a8292d1fac,Fruits & Vegetables,Yes,Meat & Fish,Fears about quality of fresh produce or meats,0
mock_twi_5898e6bca257,twitter,@neha_patel,"I buy almost everything on Instamart. Yesterday, I ordered a kitchen knife and a charging cable under Home Essentials, and it came in 9 minutes! Amazing. I'd love to buy my personal care cosmetics (shampoo, face wash) here too, but they don't have premium brands like Cetaphil or Minimalist. Please add them!",,2026-04-23T21:46:49.028623,https://www.mockplatform.com/swiggy/mock_twi_5898e6bca257,Kitchen & Home Essentials,Yes,Personal Care,"Prefers specialized apps (FirstCry, Nykaa, Heads Up For Tails)",0
mock_com_9346adabfc81,community_forums,Anjali Gupta,I buy daily groceries. I saw some deals on personal care items like face wash and soaps on Instamart. I'm not sure if the quality is authentic or if they are near expiry. I might try if they show the expiry date on the product page.,,2026-07-05T21:46:49.028635,https://www.mockplatform.com/swiggy/mock_com_9346adabfc81,"Dairy, Bread & Eggs",Undecided,Personal Care,Difficulty discovering category menu or poor search matching,0
mock_app_db231c7f345f,app_store,Amit Bose,"Swiggy One membership gives me free delivery on Instamart. But the free delivery only applies if my order is above 199. If I just want to buy a single baby bottle cleaner, I have to add random items to hit the threshold. I'm undecided if I should buy these categories here or just walk to the pharmacy.",2,2026-06-14T21:46:49.028657,https://www.mockplatform.com/swiggy/mock_app_db231c7f345f,Snacks & Munchies,Undecided,"Baby Care, Cleaning & Household",Loyalty/Instamart Pass discounts do not apply to other categories,0
mock_pub_a5cba94e634c,public_blogs,Vikram Joshi,I use Swiggy Instamart for urgent snacks or beverages. But the checkout page adds so many fees! Handling fee + delivery charge + surge fee. It doesn't make sense to add a single bottle of handwash because the fees double the price. I'll stick to my local store. Placed order from Bangalore.,,2026-07-04T21:46:49.028669,https://www.mockplatform.com/swiggy/mock_pub_a5cba94e634c,Beverages,No,,High delivery/surge fees on small value items,0
mock_new_9d1ec65fd2e5,news_articles,Anjali Mehta,"I order milk, bread, and eggs from Swiggy Instamart every single morning. It's fast and reliable. But I never buy personal care items or home cleaning liquids here. They are far cheaper at DMart, and Instamart prices have a high premium. I strictly use it for daily groceries. Instamart is saving me so much time.",,2026-07-01T21:46:49.028680,https://www.mockplatform.com/swiggy/mock_new_9d1ec65fd2e5,"Dairy, Bread & Eggs",No,,Pricing is higher compared to local supermarkets (DMart),0
mock_com_1c05be3d3e7d,community_forums,Rahul Sharma,I buy daily groceries. I saw some deals on personal care items like face wash and soaps on Instamart. I'm not sure if the quality is authentic or if they are near expiry. I might try if they show the expiry date on the product page. It's getting better day by day.,,2026-07-20T21:46:49.028691,https://www.mockplatform.com/swiggy/mock_com_1c05be3d3e7d,"Dairy, Bread & Eggs",Undecided,Personal Care,Difficulty discovering category menu or poor search matching,0
mock_pla_732fb4f9645a,play_store,Meera Sen,I buy daily groceries. I saw some deals on personal care items like face wash and soaps on Instamart. I'm not sure if the quality is authentic or if they are near expiry. I might try if they show the expiry date on the product page.,1,2026-07-21T21:46:49.028704,https://www.mockplatform.com/swiggy/mock_pla_732fb4f9645a,"Dairy, Bread & Eggs",Undecided,Personal Care,Difficulty discovering category menu or poor search matching,0
mock_quo_04642f3c9e1d,quora,Arjun Joshi,I use Swiggy Instamart for urgent snacks or beverages. But the checkout page adds so many fees! Handling fee + delivery charge + surge fee. It doesn't make sense to add a single bottle of handwash because the fees double the price. I'll stick to my local store.,,2026-05-11T21:46:49.028716,https://www.mockplatform.com/swiggy/mock_quo_04642f3c9e1d,Beverages,No,,High delivery/surge fees on small value items,0
mock_you_a1a18c580ff3,youtube,Neha Gupta,"Instamart is great for snacks and beverages when friends come over. But I will never buy vegetables or fruits here. Last time I ordered tomatoes, they were rotten and small. I'd rather buy fresh produce from my local vendor or Safal. Placed order from Bangalore.",,2026-06-20T21:46:49.028726,https://www.mockplatform.com/swiggy/mock_you_a1a18c580ff3,Snacks & Munchies,No,,Fears about quality of fresh produce or meats,0
mock_pla_af00d12feac3,play_store,Rahul Rao,"Swiggy One membership gives me free delivery on Instamart. But the free delivery only applies if my order is above 199. If I just want to buy a single baby bottle cleaner, I have to add random items to hit the threshold. I'm undecided if I should buy these categories here or just walk to the pharmacy. Instamart is saving me so much time.",2,2026-07-21T21:46:49.028767,https://www.mockplatform.com/swiggy/mock_pla_af00d12feac3,Snacks & Munchies,Undecided,"Baby Care, Cleaning & Household",Loyalty/Instamart Pass discounts do not apply to other categories,0
mock_pro_3afe75781176,product_hunt,Vikram Rao,"Swiggy One membership gives me free delivery on Instamart. But the free delivery only applies if my order is above 199. If I just want to buy a single baby bottle cleaner, I have to add random items to hit the threshold. I'm undecided if I should buy these categories here or just walk to the pharmacy.",,2026-04-15T21:46:49.028788,https://www.mockplatform.com/swiggy/mock_pro_3afe75781176,Snacks & Munchies,Undecided,"Baby Care, Cleaning & Household",Loyalty/Instamart Pass discounts do not apply to other categories,0
mock_red_3835b0941573,reddit,u/rohan_nair,I use Swiggy Instamart for urgent snacks or beverages. But the checkout page adds so many fees! Handling fee + delivery charge + surge fee. It doesn't make sense to add a single bottle of handwash because the fees double the price. I'll stick to my local store.,,2026-04-27T21:46:49.028810,https://www.mockplatform.com/swiggy/mock_red_3835b0941573,Beverages,No,,High delivery/surge fees on small value items,0
mock_quo_64d3191d94c1,quora,Priya Singh,I buy daily groceries. I saw some deals on personal care items like face wash and soaps on Instamart. I'm not sure if the quality is authentic or if they are near expiry. I might try if they show the expiry date on the product page.,,2026-03-07T21:46:49.028842,https://www.mockplatform.com/swiggy/mock_quo_64d3191d94c1,"Dairy, Bread & Eggs",Undecided,Personal Care,Difficulty discovering category menu or poor search matching,0
mock_pro_5d4aa6c63fcb,product_hunt,Priya Patel,I use Swiggy Instamart for urgent snacks or beverages. But the checkout page adds so many fees! Handling fee + delivery charge + surge fee. It doesn't make sense to add a single bottle of handwash because the fees double the price. I'll stick to my local store.,,2026-06-06T21:46:49.028872,https://www.mockplatform.com/swiggy/mock_pro_5d4aa6c63fcb,Beverages,No,,High delivery/surge fees on small value items,0
mock_new_4bd7ab07e1b9,news_articles,Meera Nair,"I order milk, bread, and eggs from Swiggy Instamart every single morning. It's fast and reliable. But I never buy personal care items or home cleaning liquids here. They are far cheaper at DMart, and Instamart prices have a high premium. I strictly use it for daily groceries. Placed order from Bangalore.",,2026-04-05T21:46:49.028890,https://www.mockplatform.com/swiggy/mock_new_4bd7ab07e1b9,"Dairy, Bread & Eggs",No,,Pricing is higher compared to local supermarkets (DMart),0
mock_app_9c53ed86e14c,app_store,Sneha Sen,I use Swiggy Instamart for urgent snacks or beverages. But the checkout page adds so many fees! Handling fee + delivery charge + surge fee. It doesn't make sense to add a single bottle of handwash because the fees double the price. I'll stick to my local store.,3,2026-03-03T21:46:49.028908,https://www.mockplatform.com/swiggy/mock_app_9c53ed86e14c,Beverages,No,,High delivery/surge fees on small value items,0
mock_app_703df4549b40,app_store,Arjun Singh,"I order milk, bread, and eggs from Swiggy Instamart every single morning. It's fast and reliable. But I never buy personal care items or home cleaning liquids here. They are far cheaper at DMart, and Instamart prices have a high premium. I strictly use it for daily groceries.",1,2026-03-21T21:46:49.028932,https://www.mockplatform.com/swiggy/mock_app_703df4549b40,"Dairy, Bread & Eggs",No,,Pricing is higher compared to local supermarkets (DMart),0
mock_app_fd807c4dbb64,app_store,Anjali Malhotra,I buy daily groceries. I saw some deals on personal care items like face wash and soaps on Instamart. I'm not sure if the quality is authentic or if they are near expiry. I might try if they show the expiry date on the product page.,1,2026-06-21T21:46:49.028953,https://www.mockplatform.com/swiggy/mock_app_fd807c4dbb64,"Dairy, Bread & Eggs",Undecided,Personal Care,Difficulty discovering category menu or poor search matching,0
mock_app_873d20b4a55a,app_store,Priya Joshi,I use Swiggy Instamart for urgent snacks or beverages. But the checkout page adds so many fees! Handling fee + delivery charge + surge fee. It doesn't make sense to add a single bottle of handwash because the fees double the price. I'll stick to my local store. It's getting better day by day.,3,2026-05-18T21:46:49.028971,https://www.mockplatform.com/swiggy/mock_app_873d20b4a55a,Beverages,No,,High delivery/surge fees on small value items,0
mock_com_61df7b7f16ca,community_forums,Karan Joshi,I use Swiggy Instamart for urgent snacks or beverages. But the checkout page adds so many fees! Handling fee + delivery charge + surge fee. It doesn't make sense to add a single bottle of handwash because the fees double the price. I'll stick to my local store.,,2026-06-01T21:46:49.028986,https://www.mockplatform.com/swiggy/mock_com_61df7b7f16ca,Beverages,No,,High delivery/surge fees on small value items,0
mock_pub_d24c1e21e045,public_blogs,Meera Nair,"Why is the baby care section on Swiggy Instamart always empty? Whenever I want to order M size Pampers diapers, they are out of stock. I've stopped checking. I buy groceries here but order all my baby needs from FirstCry now.",,2026-02-27T21:46:49.029011,https://www.mockplatform.com/swiggy/mock_pub_d24c1e21e045,"Dairy, Bread & Eggs",No,,"Prefers specialized apps (FirstCry, Nykaa, Heads Up For Tails)",0
mock_com_3d76f3841bbe,community_forums,Neha Joshi,"Instamart is my go-to for fruits and vegetables. I want to try ordering fresh chicken and fish from them, but I'm hesitant about how they package it. If they guarantee insulated packaging and Licious-like hygiene, I am willing to switch entirely.",,2026-07-04T21:46:49.029034,https://www.mockplatform.com/swiggy/mock_com_3d76f3841bbe,Fruits & Vegetables,Yes,Meat & Fish,Fears about quality of fresh produce or meats,0
mock_twi_d800270717d2,twitter,@karan_joshi,"Swiggy One membership gives me free delivery on Instamart. But the free delivery only applies if my order is above 199. If I just want to buy a single baby bottle cleaner, I have to add random items to hit the threshold. I'm undecided if I should buy these categories here or just walk to the pharmacy.",,2026-06-19T21:46:49.029144,https://www.mockplatform.com/swiggy/mock_twi_d800270717d2,Snacks & Munchies,Undecided,"Baby Care, Cleaning & Household",Loyalty/Instamart Pass discounts do not apply to other categories,0
mock_new_48056e7b23d4,news_articles,Amit Sharma,"I buy my regular household cleaning items and snacks from Instamart. I saw they launched a gourmet and organic section recently. I'm really interested in trying organic seeds and olive oil, but the app search didn't show them properly. Will try if they recommend them on my cart page. Delivery boy was polite.",,2026-07-25T21:46:49.029219,https://www.mockplatform.com/swiggy/mock_new_48056e7b23d4,Cleaning & Household,Yes,Gourmet & Organic,Difficulty discovering category menu or poor search matching,0
mock_you_2d99cd8d647b,youtube,Rohan Patel,"I buy my regular household cleaning items and snacks from Instamart. I saw they launched a gourmet and organic section recently. I'm really interested in trying organic seeds and olive oil, but the app search didn't show them properly. Will try if they recommend them on my cart page. Instamart is saving me so much time.",,2026-05-09T21:46:49.029277,https://www.mockplatform.com/swiggy/mock_you_2d99cd8d647b,Cleaning & Household,Yes,Gourmet & Organic,Difficulty discovering category menu or poor search matching,0
mock_app_d99c37a572bf,app_store,Arjun Sen,"Instamart is great for snacks and beverages when friends come over. But I will never buy vegetables or fruits here. Last time I ordered tomatoes, they were rotten and small. I'd rather buy fresh produce from my local vendor or Safal.",1,2026-05-09T21:46:49.029310,https://www.mockplatform.com/swiggy/mock_app_d99c37a572bf,Snacks & Munchies,No,,Fears about quality of fresh produce or meats,0
mock_new_57f7b7d014d6,news_articles,Vikram Mehta,I use Swiggy Instamart for urgent snacks or beverages. But the checkout page adds so many fees! Handling fee + delivery charge + surge fee. It doesn't make sense to add a single bottle of handwash because the fees double the price. I'll stick to my local store.,,2026-06-05T21:46:49.029320,https://www.mockplatform.com/swiggy/mock_new_57f7b7d014d6,Beverages,No,,High delivery/surge fees on small value items,0
mock_pla_f24fa8ac8382,play_store,Arjun Singh,"I order milk, bread, and eggs from Swiggy Instamart every single morning. It's fast and reliable. But I never buy personal care items or home cleaning liquids here. They are far cheaper at DMart, and Instamart prices have a high premium. I strictly use it for daily groceries.",1,2026-06-17T21:46:49.029558,https://www.mockplatform.com/swiggy/mock_pla_f24fa8ac8382,"Dairy, Bread & Eggs",No,,Pricing is higher compared to local supermarkets (DMart),0
mock_pro_be0a88d70b1c,product_hunt,Vikram Sharma,"Usually only buy bread and curd. But I noticed a pet care section in the menu. I would love to order wet dog food and treats for my labrador from Instamart since it saves me a trip. However, they only have 1-2 local brands. If they stock Pedigree or Royal Canin, I will buy every month. Instamart is saving me so much time.",,2026-04-23T21:46:49.029614,https://www.mockplatform.com/swiggy/mock_pro_be0a88d70b1c,"Dairy, Bread & Eggs",Yes,Pet Care,Prefers specialized apps (Heads Up For Tails),0
mock_app_1f3bed106a0d,app_store,Anjali Sen,"Why is the baby care section on Swiggy Instamart always empty? Whenever I want to order M size Pampers diapers, they are out of stock. I've stopped checking. I buy groceries here but order all my baby needs from FirstCry now. Instamart is saving me so much time.",3,2026-06-18T21:46:49.029649,https://www.mockplatform.com/swiggy/mock_app_1f3bed106a0d,"Dairy, Bread & Eggs",No,,"Prefers specialized apps (FirstCry, Nykaa, Heads Up For Tails)",0
mock_red_1ec1d7bd1388,reddit,u/arjun_joshi,"Instamart is my go-to for fruits and vegetables. I want to try ordering fresh chicken and fish from them, but I'm hesitant about how they package it. If they guarantee insulated packaging and Licious-like hygiene, I am willing to switch entirely. Placed order from Bangalore.",,2026-05-25T21:46:49.029710,https://www.mockplatform.com/swiggy/mock_red_1ec1d7bd1388,Fruits & Vegetables,Yes,Meat & Fish,Fears about quality of fresh produce or meats,0
mock_pro_c595e330a622,product_hunt,Priya Bose,"I buy my regular household cleaning items and snacks from Instamart. I saw they launched a gourmet and organic section recently. I'm really interested in trying organic seeds and olive oil, but the app search didn't show them properly. Will try if they recommend them on my cart page.",,2026-03-28T21:46:49.029827,https://www.mockplatform.com/swiggy/mock_pro_c595e330a622,Cleaning & Household,Yes,Gourmet & Organic,Difficulty discovering category menu or poor search matching,0
mock_com_d4f807e66ff3,community_forums,Deepa Sharma,I buy daily groceries. I saw some deals on personal care items like face wash and soaps on Instamart. I'm not sure if the quality is authentic or if they are near expiry. I might try if they show the expiry date on the product page.,,2026-07-13T21:46:49.029876,https://www.mockplatform.com/swiggy/mock_com_d4f807e66ff3,"Dairy, Bread & Eggs",Undecided,Personal Care,Difficulty discovering category menu or poor search matching,0
mock_quo_7063efd7d35f,quora,Neha Mehta,"Swiggy One membership gives me free delivery on Instamart. But the free delivery only applies if my order is above 199. If I just want to buy a single baby bottle cleaner, I have to add random items to hit the threshold. I'm undecided if I should buy these categories here or just walk to the pharmacy.",,2026-05-15T21:46:49.029923,https://www.mockplatform.com/swiggy/mock_quo_7063efd7d35f,Snacks & Munchies,Undecided,"Baby Care, Cleaning & Household",Loyalty/Instamart Pass discounts do not apply to other categories,0
mock_new_2425fdd03a3f,news_articles,Sneha Rao,"Why is the baby care section on Swiggy Instamart always empty? Whenever I want to order M size Pampers diapers, they are out of stock. I've stopped checking. I buy groceries here but order all my baby needs from FirstCry now. Placed order from Bangalore.",,2026-06-23T21:46:49.029933,https://www.mockplatform.com/swiggy/mock_new_2425fdd03a3f,"Dairy, Bread & Eggs",No,,"Prefers specialized apps (FirstCry, Nykaa, Heads Up For Tails)",0
mock_red_b91c776ca32c,reddit,u/anjali_patel,"I buy almost everything on Instamart. Yesterday, I ordered a kitchen knife and a charging cable under Home Essentials, and it came in 9 minutes! Amazing. I'd love to buy my personal care cosmetics (shampoo, face wash) here too, but they don't have premium brands like Cetaphil or Minimalist. Please add them! Instamart is saving me so much time.",,2026-07-12T21:46:49.029945,https://www.mockplatform.com/swiggy/mock_red_b91c776ca32c,Kitchen & Home Essentials,Yes,Personal Care,"Prefers specialized apps (FirstCry, Nykaa, Heads Up For Tails)",0
mock_com_ef80c9d00187,community_forums,Rohan Joshi,"Instamart is great for snacks and beverages when friends come over. But I will never buy vegetables or fruits here. Last time I ordered tomatoes, they were rotten and small. I'd rather buy fresh produce from my local vendor or Safal.",,2026-04-04T21:46:49.029960,https://www.mockplatform.com/swiggy/mock_com_ef80c9d00187,Snacks & Munchies,No,,Fears about quality of fresh produce or meats,0
mock_quo_568b569359ad,quora,Anjali Malhotra,I buy daily groceries. I saw some deals on personal care items like face wash and soaps on Instamart. I'm not sure if the quality is authentic or if they are near expiry. I might try if they show the expiry date on the product page. Delivery boy was polite.,,2026-03-25T21:46:49.029980,https://www.mockplatform.com/swiggy/mock_quo_568b569359ad,"Dairy, Bread & Eggs",Undecided,Personal Care,Difficulty discovering category menu or poor search matching,0
mock_you_de11f3bf97ab,youtube,Rohan Bose,"I buy my regular household cleaning items and snacks from Instamart. I saw they launched a gourmet and organic section recently. I'm really interested in trying organic seeds and olive oil, but the app search didn't show them properly. Will try if they recommend them on my cart page. Instamart is saving me so much time.",,2026-07-17T21:46:49.029994,https://www.mockplatform.com/swiggy/mock_you_de11f3bf97ab,Cleaning & Household,Yes,Gourmet & Organic,Difficulty discovering category menu or poor search matching,0
mock_twi_35dc9721de5a,twitter,@amit_joshi,"Swiggy One membership gives me free delivery on Instamart. But the free delivery only applies if my order is above 199. If I just want to buy a single baby bottle cleaner, I have to add random items to hit the threshold. I'm undecided if I should buy these categories here or just walk to the pharmacy.",,2026-03-20T21:46:49.030010,https://www.mockplatform.com/swiggy/mock_twi_35dc9721de5a,Snacks & Munchies,Undecided,"Baby Care, Cleaning & Household",Loyalty/Instamart Pass discounts do not apply to other categories,0
mock_you_089531377d68,youtube,Karan Gupta,I buy daily groceries. I saw some deals on personal care items like face wash and soaps on Instamart. I'm not sure if the quality is authentic or if they are near expiry. I might try if they show the expiry date on the product page. Placed order from Bangalore.,,2026-05-23T21:46:49.030023,https://www.mockplatform.com/swiggy/mock_you_089531377d68,"Dairy, Bread & Eggs",Undecided,Personal Care,Difficulty discovering category menu or poor search matching,0
mock_pla_d01455cd260e,play_store,Amit Mehta,I buy daily groceries. I saw some deals on personal care items like face wash and soaps on Instamart. I'm not sure if the quality is authentic or if they are near expiry. I might try if they show the expiry date on the product page.,1,2026-03-11T21:46:49.030035,https://www.mockplatform.com/swiggy/mock_pla_d01455cd260e,"Dairy, Bread & Eggs",Undecided,Personal Care,Difficulty discovering category menu or poor search matching,0
mock_com_fe59799fcd33,community_forums,Rohan Singh,"I buy almost everything on Instamart. Yesterday, I ordered a kitchen knife and a charging cable under Home Essentials, and it came in 9 minutes! Amazing. I'd love to buy my personal care cosmetics (shampoo, face wash) here too, but they don't have premium brands like Cetaphil or Minimalist. Please add them!",,2026-07-19T21:46:49.030051,https://www.mockplatform.com/swiggy/mock_com_fe59799fcd33,Kitchen & Home Essentials,Yes,Personal Care,"Prefers specialized apps (FirstCry, Nykaa, Heads Up For Tails)",0
mock_pla_99224c6d3163,play_store,Neha Malhotra,"Usually only buy bread and curd. But I noticed a pet care section in the menu. I would love to order wet dog food and treats for my labrador from Instamart since it saves me a trip. However, they only have 1-2 local brands. If they stock Pedigree or Royal Canin, I will buy every month.",4,2026-04-15T21:46:49.030064,https://www.mockplatform.com/swiggy/mock_pla_99224c6d3163,"Dairy, Bread & Eggs",Yes,Pet Care,Prefers specialized apps (Heads Up For Tails),0
mock_quo_70d019f62f9b,quora,Deepa Mehta,"Why is the baby care section on Swiggy Instamart always empty? Whenever I want to order M size Pampers diapers, they are out of stock. I've stopped checking. I buy groceries here but order all my baby needs from FirstCry now.",,2026-04-15T21:46:49.030076,https://www.mockplatform.com/swiggy/mock_quo_70d019f62f9b,"Dairy, Bread & Eggs",No,,"Prefers specialized apps (FirstCry, Nykaa, Heads Up For Tails)",0
mock_new_51b4626e5569,news_articles,Meera Bose,I buy daily groceries. I saw some deals on personal care items like face wash and soaps on Instamart. I'm not sure if the quality is authentic or if they are near expiry. I might try if they show the expiry date on the product page. Delivery boy was polite.,,2026-04-16T21:46:49.030086,https://www.mockplatform.com/swiggy/mock_new_51b4626e5569,"Dairy, Bread & Eggs",Undecided,Personal Care,Difficulty discovering category menu or poor search matching,0
mock_red_c1053be96bdd,reddit,u/rohan_patel,I use Swiggy Instamart for urgent snacks or beverages. But the checkout page adds so many fees! Handling fee + delivery charge + surge fee. It doesn't make sense to add a single bottle of handwash because the fees double the price. I'll stick to my local store.,,2026-07-11T21:46:49.030096,https://www.mockplatform.com/swiggy/mock_red_c1053be96bdd,Beverages,No,,High delivery/surge fees on small value items,0
mock_you_a00459945df5,youtube,Rahul Malhotra,"I order milk, bread, and eggs from Swiggy Instamart every single morning. It's fast and reliable. But I never buy personal care items or home cleaning liquids here. They are far cheaper at DMart, and Instamart prices have a high premium. I strictly use it for daily groceries.",,2026-04-26T21:46:49.030107,https://www.mockplatform.com/swiggy/mock_you_a00459945df5,"Dairy, Bread & Eggs",No,,Pricing is higher compared to local supermarkets (DMart),0
mock_pub_a6a5bb51839e,public_blogs,Arjun Nair,I use Swiggy Instamart for urgent snacks or beverages. But the checkout page adds so many fees! Handling fee + delivery charge + surge fee. It doesn't make sense to add a single bottle of handwash because the fees double the price. I'll stick to my local store.,,2026-06-02T21:46:49.030116,https://www.mockplatform.com/swiggy/mock_pub_a6a5bb51839e,Beverages,No,,High delivery/surge fees on small value items,0
mock_com_031e8a6e3951,community_forums,Sneha Patel,"I buy my regular household cleaning items and snacks from Instamart. I saw they launched a gourmet and organic section recently. I'm really interested in trying organic seeds and olive oil, but the app search didn't show them properly. Will try if they recommend them on my cart page.",,2026-05-08T21:46:49.030133,https://www.mockplatform.com/swiggy/mock_com_031e8a6e3951,Cleaning & Household,Yes,Gourmet & Organic,Difficulty discovering category menu or poor search matching,0
mock_app_5126964624b5,app_store,Rohan Patel,"Instamart is great for snacks and beverages when friends come over. But I will never buy vegetables or fruits here. Last time I ordered tomatoes, they were rotten and small. I'd rather buy fresh produce from my local vendor or Safal. Instamart is saving me so much time.",3,2026-07-18T21:46:49.030146,https://www.mockplatform.com/swiggy/mock_app_5126964624b5,Snacks & Munchies,No,,Fears about quality of fresh produce or meats,0
mock_pro_07b425cc550e,product_hunt,Anjali Malhotra,"Instamart is great for snacks and beverages when friends come over. But I will never buy vegetables or fruits here. Last time I ordered tomatoes, they were rotten and small. I'd rather buy fresh produce from my local vendor or Safal.",,2026-06-12T21:46:49.030162,https://www.mockplatform.com/swiggy/mock_pro_07b425cc550e,Snacks & Munchies,No,,Fears about quality of fresh produce or meats,0
mock_com_b5739e86a21a,community_forums,Rohan Nair,"I buy almost everything on Instamart. Yesterday, I ordered a kitchen knife and a charging cable under Home Essentials, and it came in 9 minutes! Amazing. I'd love to buy my personal care cosmetics (shampoo, face wash) here too, but they don't have premium brands like Cetaphil or Minimalist. Please add them! Delivery boy was polite.",,2026-06-11T21:46:49.030173,https://www.mockplatform.com/swiggy/mock_com_b5739e86a21a,Kitchen & Home Essentials,Yes,Personal Care,"Prefers specialized apps (FirstCry, Nykaa, Heads Up For Tails)",0
mock_you_10b16c27ed29,youtube,Neha Singh,"Instamart is my go-to for fruits and vegetables. I want to try ordering fresh chicken and fish from them, but I'm hesitant about how they package it. If they guarantee insulated packaging and Licious-like hygiene, I am willing to switch entirely. It's getting better day by day.",,2026-06-05T21:46:49.030187,https://www.mockplatform.com/swiggy/mock_you_10b16c27ed29,Fruits & Vegetables,Yes,Meat & Fish,Fears about quality of fresh produce or meats,0
mock_pub_377752adf182,public_blogs,Meera Rao,"I buy my regular household cleaning items and snacks from Instamart. I saw they launched a gourmet and organic section recently. I'm really interested in trying organic seeds and olive oil, but the app search didn't show them properly. Will try if they recommend them on my cart page.",,2026-05-19T21:46:49.030199,https://www.mockplatform.com/swiggy/mock_pub_377752adf182,Cleaning & Household,Yes,Gourmet & Organic,Difficulty discovering category menu or poor search matching,0
mock_app_ffdd3de5c119,app_store,Deepa Joshi,I buy daily groceries. I saw some deals on personal care items like face wash and soaps on Instamart. I'm not sure if the quality is authentic or if they are near expiry. I might try if they show the expiry date on the product page. Instamart is saving me so much time.,1,2026-05-21T21:46:49.030210,https://www.mockplatform.com/swiggy/mock_app_ffdd3de5c119,"Dairy, Bread & Eggs",Undecided,Personal Care,Difficulty discovering category menu or poor search matching,0
mock_pro_1c28af8494ce,product_hunt,Vikram Verma,"Instamart is great for snacks and beverages when friends come over. But I will never buy vegetables or fruits here. Last time I ordered tomatoes, they were rotten and small. I'd rather buy fresh produce from my local vendor or Safal. Strongly recommend this app.",,2026-07-17T21:46:49.030221,https://www.mockplatform.com/swiggy/mock_pro_1c28af8494ce,Snacks & Munchies,No,,Fears about quality of fresh produce or meats,0
mock_you_f3fa1bcc9197,youtube,Meera Mehta,"Usually only buy bread and curd. But I noticed a pet care section in the menu. I would love to order wet dog food and treats for my labrador from Instamart since it saves me a trip. However, they only have 1-2 local brands. If they stock Pedigree or Royal Canin, I will buy every month. Swiggy support is helpful though.",,2026-03-28T21:46:49.030230,https://www.mockplatform.com/swiggy/mock_you_f3fa1bcc9197,"Dairy, Bread & Eggs",Yes,Pet Care,Prefers specialized apps (Heads Up For Tails),0
mock_pro_91288a4231ca,product_hunt,Amit Sen,"I order milk, bread, and eggs from Swiggy Instamart every single morning. It's fast and reliable. But I never buy personal care items or home cleaning liquids here. They are far cheaper at DMart, and Instamart prices have a high premium. I strictly use it for daily groceries. Instamart is saving me so much time.",,2026-04-23T21:46:49.030236,https://www.mockplatform.com/swiggy/mock_pro_91288a4231ca,"Dairy, Bread & Eggs",No,,Pricing is higher compared to local supermarkets (DMart),0
mock_pla_9f6eb3ea9563,play_store,Meera Sharma,"Instamart is great for snacks and beverages when friends come over. But I will never buy vegetables or fruits here. Last time I ordered tomatoes, they were rotten and small. I'd rather buy fresh produce from my local vendor or Safal. Delivery boy was polite.",3,2026-05-25T21:46:49.030247,https://www.mockplatform.com/swiggy/mock_pla_9f6eb3ea9563,Snacks & Munchies,No,,Fears about quality of fresh produce or meats,0
mock_quo_a8bcb0c79f1a,quora,Meera Nair,"I buy my regular household cleaning items and snacks from Instamart. I saw they launched a gourmet and organic section recently. I'm really interested in trying organic seeds and olive oil, but the app search didn't show them properly. Will try if they recommend them on my cart page.",,2026-07-22T21:46:49.030255,https://www.mockplatform.com/swiggy/mock_quo_a8bcb0c79f1a,Cleaning & Household,Yes,Gourmet & Organic,Difficulty discovering category menu or poor search matching,0
mock_quo_e4156c8dbc22,quora,Deepa Mehta,I buy daily groceries. I saw some deals on personal care items like face wash and soaps on Instamart. I'm not sure if the quality is authentic or if they are near expiry. I might try if they show the expiry date on the product page. It's getting better day by day.,,2026-04-01T21:46:49.030263,https://www.mockplatform.com/swiggy/mock_quo_e4156c8dbc22,"Dairy, Bread & Eggs",Undecided,Personal Care,Difficulty discovering category menu or poor search matching,0
mock_red_aad80fbb4405,reddit,u/meera_patel,I buy daily groceries. I saw some deals on personal care items like face wash and soaps on Instamart. I'm not sure if the quality is authentic or if they are near expiry. I might try if they show the expiry date on the product page.,,2026-05-30T21:46:49.030270,https://www.mockplatform.com/swiggy/mock_red_aad80fbb4405,"Dairy, Bread & Eggs",Undecided,Personal Care,Difficulty discovering category menu or poor search matching,0
mock_com_137144dbf993,community_forums,Karan Nair,"I order milk, bread, and eggs from Swiggy Instamart every single morning. It's fast and reliable. But I never buy personal care items or home cleaning liquids here. They are far cheaper at DMart, and Instamart prices have a high premium. I strictly use it for daily groceries. It's getting better day by day.",,2026-06-20T21:46:49.030279,https://www.mockplatform.com/swiggy/mock_com_137144dbf993,"Dairy, Bread & Eggs",No,,Pricing is higher compared to local supermarkets (DMart),0
mock_red_7e13710e7a6e,reddit,u/meera_patel,"I order milk, bread, and eggs from Swiggy Instamart every single morning. It's fast and reliable. But I never buy personal care items or home cleaning liquids here. They are far cheaper at DMart, and Instamart prices have a high premium. I strictly use it for daily groceries.",,2026-04-01T21:46:49.030287,https://www.mockplatform.com/swiggy/mock_red_7e13710e7a6e,"Dairy, Bread & Eggs",No,,Pricing is higher compared to local supermarkets (DMart),0
mock_com_9fb465ed2b21,community_forums,Neha Malhotra,"Instamart is my go-to for fruits and vegetables. I want to try ordering fresh chicken and fish from them, but I'm hesitant about how they package it. If they guarantee insulated packaging and Licious-like hygiene, I am willing to switch entirely.",,2026-06-23T21:46:49.030295,https://www.mockplatform.com/swiggy/mock_com_9fb465ed2b21,Fruits & Vegetables,Yes,Meat & Fish,Fears about quality of fresh produce or meats,0
mock_twi_da0e048d60d3,twitter,@meera_singh,"Swiggy One membership gives me free delivery on Instamart. But the free delivery only applies if my order is above 199. If I just want to buy a single baby bottle cleaner, I have to add random items to hit the threshold. I'm undecided if I should buy these categories here or just walk to the pharmacy. Placed order from Bangalore.",,2026-05-09T21:46:49.030301,https://www.mockplatform.com/swiggy/mock_twi_da0e048d60d3,Snacks & Munchies,Undecided,"Baby Care, Cleaning & Household",Loyalty/Instamart Pass discounts do not apply to other categories,0
mock_pla_8d30686c5431,play_store,Vikram Singh,"Usually only buy bread and curd. But I noticed a pet care section in the menu. I would love to order wet dog food and treats for my labrador from Instamart since it saves me a trip. However, they only have 1-2 local brands. If they stock Pedigree or Royal Canin, I will buy every month. Placed order from Bangalore.",4,2026-03-13T21:46:49.030352,https://www.mockplatform.com/swiggy/mock_pla_8d30686c5431,"Dairy, Bread & Eggs",Yes,Pet Care,Prefers specialized apps (Heads Up For Tails),0
mock_red_46712b52acb5,reddit,u/amit_patel,"Swiggy One membership gives me free delivery on Instamart. But the free delivery only applies if my order is above 199. If I just want to buy a single baby bottle cleaner, I have to add random items to hit the threshold. I'm undecided if I should buy these categories here or just walk to the pharmacy. Instamart is saving me so much time.",,2026-06-16T21:46:49.030366,https://www.mockplatform.com/swiggy/mock_red_46712b52acb5,Snacks & Munchies,Undecided,"Baby Care, Cleaning & Household",Loyalty/Instamart Pass discounts do not apply to other categories,0
mock_you_2ed69264055c,youtube,Rohan Patel,"Why is the baby care section on Swiggy Instamart always empty? Whenever I want to order M size Pampers diapers, they are out of stock. I've stopped checking. I buy groceries here but order all my baby needs from FirstCry now.",,2026-06-20T21:46:49.030395,https://www.mockplatform.com/swiggy/mock_you_2ed69264055c,"Dairy, Bread & Eggs",No,,"Prefers specialized apps (FirstCry, Nykaa, Heads Up For Tails)",0
mock_pla_f795a1437d46,play_store,Priya Sen,I buy daily groceries. I saw some deals on personal care items like face wash and soaps on Instamart. I'm not sure if the quality is authentic or if they are near expiry. I might try if they show the expiry date on the product page.,3,2026-05-01T21:46:49.030403,https://www.mockplatform.com/swiggy/mock_pla_f795a1437d46,"Dairy, Bread & Eggs",Undecided,Personal Care,Difficulty discovering category menu or poor search matching,0
mock_pla_3988085693f3,play_store,Vikram Patel,"Usually only buy bread and curd. But I noticed a pet care section in the menu. I would love to order wet dog food and treats for my labrador from Instamart since it saves me a trip. However, they only have 1-2 local brands. If they stock Pedigree or Royal Canin, I will buy every month. It's getting better day by day.",2,2026-05-27T21:46:49.030417,https://www.mockplatform.com/swiggy/mock_pla_3988085693f3,"Dairy, Bread & Eggs",Yes,Pet Care,Prefers specialized apps (Heads Up For Tails),0
mock_com_8a17dba064bd,community_forums,Arjun Sen,I use Swiggy Instamart for urgent snacks or beverages. But the checkout page adds so many fees! Handling fee + delivery charge + surge fee. It doesn't make sense to add a single bottle of handwash because the fees double the price. I'll stick to my local store.,,2026-04-27T21:46:49.030432,https://www.mockplatform.com/swiggy/mock_com_8a17dba064bd,Beverages,No,,High delivery/surge fees on small value items,0
mock_pub_2e024d8c3cbc,public_blogs,Vikram Sen,I use Swiggy Instamart for urgent snacks or beverages. But the checkout page adds so many fees! Handling fee + delivery charge + surge fee. It doesn't make sense to add a single bottle of handwash because the fees double the price. I'll stick to my local store.,,2026-03-24T21:46:49.030439,https://www.mockplatform.com/swiggy/mock_pub_2e024d8c3cbc,Beverages,No,,High delivery/surge fees on small value items,0
mock_new_d5d71c1fae86,news_articles,Meera Gupta,I use Swiggy Instamart for urgent snacks or beverages. But the checkout page adds so many fees! Handling fee + delivery charge + surge fee. It doesn't make sense to add a single bottle of handwash because the fees double the price. I'll stick to my local store.,,2026-06-04T21:46:49.030447,https://www.mockplatform.com/swiggy/mock_new_d5d71c1fae86,Beverages,No,,High delivery/surge fees on small value items,0
mock_pub_082082dad20f,public_blogs,Vikram Sharma,"I buy my regular household cleaning items and snacks from Instamart. I saw they launched a gourmet and organic section recently. I'm really interested in trying organic seeds and olive oil, but the app search didn't show them properly. Will try if they recommend them on my cart page.",,2026-05-17T21:46:49.030454,https://www.mockplatform.com/swiggy/mock_pub_082082dad20f,Cleaning & Household,Yes,Gourmet & Organic,Difficulty discovering category menu or poor search matching,0
mock_twi_a058a8046a14,twitter,@neha_singh,"Usually only buy bread and curd. But I noticed a pet care section in the menu. I would love to order wet dog food and treats for my labrador from Instamart since it saves me a trip. However, they only have 1-2 local brands. If they stock Pedigree or Royal Canin, I will buy every month. It's getting better day by day.",,2026-03-26T21:46:49.030460,https://www.mockplatform.com/swiggy/mock_twi_a058a8046a14,"Dairy, Bread & Eggs",Yes,Pet Care,Prefers specialized apps (Heads Up For Tails),0
mock_new_c32f2e026118,news_articles,Sneha Patel,"I buy my regular household cleaning items and snacks from Instamart. I saw they launched a gourmet and organic section recently. I'm really interested in trying organic seeds and olive oil, but the app search didn't show them properly. Will try if they recommend them on my cart page.",,2026-06-30T21:46:49.030467,https://www.mockplatform.com/swiggy/mock_new_c32f2e026118,Cleaning & Household,Yes,Gourmet & Organic,Difficulty discovering category menu or poor search matching,0
mock_you_cc57994b401c,youtube,Amit Rao,"Instamart is my go-to for fruits and vegetables. I want to try ordering fresh chicken and fish from them, but I'm hesitant about how they package it. If they guarantee insulated packaging and Licious-like hygiene, I am willing to switch entirely.",,2026-05-03T21:46:49.030474,https://www.mockplatform.com/swiggy/mock_you_cc57994b401c,Fruits & Vegetables,Yes,Meat & Fish,Fears about quality of fresh produce or meats,0
mock_pub_d8abe82c0fa5,public_blogs,Amit Malhotra,"I buy my regular household cleaning items and snacks from Instamart. I saw they launched a gourmet and organic section recently. I'm really interested in trying organic seeds and olive oil, but the app search didn't show them properly. Will try if they recommend them on my cart page.",,2026-04-14T21:46:49.030482,https://www.mockplatform.com/swiggy/mock_pub_d8abe82c0fa5,Cleaning & Household,Yes,Gourmet & Organic,Difficulty discovering category menu or poor search matching,0
mock_quo_8a83f4706ced,quora,Sneha Mehta,"Swiggy One membership gives me free delivery on Instamart. But the free delivery only applies if my order is above 199. If I just want to buy a single baby bottle cleaner, I have to add random items to hit the threshold. I'm undecided if I should buy these categories here or just walk to the pharmacy. Placed order from Bangalore.",,2026-04-20T21:46:49.030488,https://www.mockplatform.com/swiggy/mock_quo_8a83f4706ced,Snacks & Munchies,Undecided,"Baby Care, Cleaning & Household",Loyalty/Instamart Pass discounts do not apply to other categories,0
mock_twi_0ef5d89f42dd,twitter,@neha_gupta,I use Swiggy Instamart for urgent snacks or beverages. But the checkout page adds so many fees! Handling fee + delivery charge + surge fee. It doesn't make sense to add a single bottle of handwash because the fees double the price. I'll stick to my local store.,,2026-05-19T21:46:49.030494,https://www.mockplatform.com/swiggy/mock_twi_0ef5d89f42dd,Beverages,No,,High delivery/surge fees on small value items,0
mock_com_29b356b0ecc9,community_forums,Karan Nair,I use Swiggy Instamart for urgent snacks or beverages. But the checkout page adds so many fees! Handling fee + delivery charge + surge fee. It doesn't make sense to add a single bottle of handwash because the fees double the price. I'll stick to my local store. It's getting better day by day.,,2026-06-03T21:46:49.030502,https://www.mockplatform.com/swiggy/mock_com_29b356b0ecc9,Beverages,No,,High delivery/surge fees on small value items,0
mock_red_ea002591e50f,reddit,u/deepa_gupta,"I order milk, bread, and eggs from Swiggy Instamart every single morning. It's fast and reliable. But I never buy personal care items or home cleaning liquids here. They are far cheaper at DMart, and Instamart prices have a high premium. I strictly use it for daily groceries. It's getting better day by day.",,2026-03-11T21:46:49.030509,https://www.mockplatform.com/swiggy/mock_red_ea002591e50f,"Dairy, Bread & Eggs",No,,Pricing is higher compared to local supermarkets (DMart),0
mock_quo_61e93a3077ab,quora,Rahul Sharma,"I order milk, bread, and eggs from Swiggy Instamart every single morning. It's fast and reliable. But I never buy personal care items or home cleaning liquids here. They are far cheaper at DMart, and Instamart prices have a high premium. I strictly use it for daily groceries. Delivery boy was polite.",,2026-04-26T21:46:49.030517,https://www.mockplatform.com/swiggy/mock_quo_61e93a3077ab,"Dairy, Bread & Eggs",No,,Pricing is higher compared to local supermarkets (DMart),0
mock_com_749c45601639,community_forums,Rohan Gupta,"Usually only buy bread and curd. But I noticed a pet care section in the menu. I would love to order wet dog food and treats for my labrador from Instamart since it saves me a trip. However, they only have 1-2 local brands. If they stock Pedigree or Royal Canin, I will buy every month. Delivery boy was polite.",,2026-06-26T21:46:49.030523,https://www.mockplatform.com/swiggy/mock_com_749c45601639,"Dairy, Bread & Eggs",Yes,Pet Care,Prefers specialized apps (Heads Up For Tails),0
mock_com_65c27a4408a1,community_forums,Rohan Patel,"Usually only buy bread and curd. But I noticed a pet care section in the menu. I would love to order wet dog food and treats for my labrador from Instamart since it saves me a trip. However, they only have 1-2 local brands. If they stock Pedigree or Royal Canin, I will buy every month.",,2026-06-27T21:46:49.030530,https://www.mockplatform.com/swiggy/mock_com_65c27a4408a1,"Dairy, Bread & Eggs",Yes,Pet Care,Prefers specialized apps (Heads Up For Tails),0
mock_app_edd1947802fd,app_store,Deepa Verma,"Swiggy One membership gives me free delivery on Instamart. But the free delivery only applies if my order is above 199. If I just want to buy a single baby bottle cleaner, I have to add random items to hit the threshold. I'm undecided if I should buy these categories here or just walk to the pharmacy.",2,2026-04-27T21:46:49.030537,https://www.mockplatform.com/swiggy/mock_app_edd1947802fd,Snacks & Munchies,Undecided,"Baby Care, Cleaning & Household",Loyalty/Instamart Pass discounts do not apply to other categories,0
mock_pla_62193991fd72,play_store,Neha Sharma,I use Swiggy Instamart for urgent snacks or beverages. But the checkout page adds so many fees! Handling fee + delivery charge + surge fee. It doesn't make sense to add a single bottle of handwash because the fees double the price. I'll stick to my local store.,3,2026-04-26T21:46:49.030544,https://www.mockplatform.com/swiggy/mock_pla_62193991fd72,Beverages,No,,High delivery/surge fees on small value items,0
mock_quo_c0c5ceb12aa0,quora,Vikram Sen,I buy daily groceries. I saw some deals on personal care items like face wash and soaps on Instamart. I'm not sure if the quality is authentic or if they are near expiry. I might try if they show the expiry date on the product page.,,2026-05-07T21:46:49.030552,https://www.mockplatform.com/swiggy/mock_quo_c0c5ceb12aa0,"Dairy, Bread & Eggs",Undecided,Personal Care,Difficulty discovering category menu or poor search matching,0
mock_quo_22a86392727a,quora,Neha Joshi,"Usually only buy bread and curd. But I noticed a pet care section in the menu. I would love to order wet dog food and treats for my labrador from Instamart since it saves me a trip. However, they only have 1-2 local brands. If they stock Pedigree or Royal Canin, I will buy every month.",,2026-07-15T21:46:49.030559,https://www.mockplatform.com/swiggy/mock_quo_22a86392727a,"Dairy, Bread & Eggs",Yes,Pet Care,Prefers specialized apps (Heads Up For Tails),0
mock_twi_ce7232e9ea78,twitter,@rohan_gupta,"Usually only buy bread and curd. But I noticed a pet care section in the menu. I would love to order wet dog food and treats for my labrador from Instamart since it saves me a trip. However, they only have 1-2 local brands. If they stock Pedigree or Royal Canin, I will buy every month.",,2026-06-25T21:46:49.030566,https://www.mockplatform.com/swiggy/mock_twi_ce7232e9ea78,"Dairy, Bread & Eggs",Yes,Pet Care,Prefers specialized apps (Heads Up For Tails),0
mock_app_5a8f8a5f7f42,app_store,Arjun Gupta,"Usually only buy bread and curd. But I noticed a pet care section in the menu. I would love to order wet dog food and treats for my labrador from Instamart since it saves me a trip. However, they only have 1-2 local brands. If they stock Pedigree or Royal Canin, I will buy every month. Placed order from Bangalore.",1,2026-04-01T21:46:49.030573,https://www.mockplatform.com/swiggy/mock_app_5a8f8a5f7f42,"Dairy, Bread & Eggs",Yes,Pet Care,Prefers specialized apps (Heads Up For Tails),0
mock_pro_1a3992ea3c3a,product_hunt,Meera Malhotra,"I order milk, bread, and eggs from Swiggy Instamart every single morning. It's fast and reliable. But I never buy personal care items or home cleaning liquids here. They are far cheaper at DMart, and Instamart prices have a high premium. I strictly use it for daily groceries.",,2026-07-07T21:46:49.030581,https://www.mockplatform.com/swiggy/mock_pro_1a3992ea3c3a,"Dairy, Bread & Eggs",No,,Pricing is higher compared to local supermarkets (DMart),0
mock_pla_fec24615a394,play_store,Rohan Joshi,"Instamart is great for snacks and beverages when friends come over. But I will never buy vegetables or fruits here. Last time I ordered tomatoes, they were rotten and small. I'd rather buy fresh produce from my local vendor or Safal. Swiggy support is helpful though.",3,2026-03-31T21:46:49.030587,https://www.mockplatform.com/swiggy/mock_pla_fec24615a394,Snacks & Munchies,No,,Fears about quality of fresh produce or meats,0
mock_new_1ff7b07686cc,news_articles,Rahul Sen,"Why is the baby care section on Swiggy Instamart always empty? Whenever I want to order M size Pampers diapers, they are out of stock. I've stopped checking. I buy groceries here but order all my baby needs from FirstCry now.",,2026-07-06T21:46:49.030598,https://www.mockplatform.com/swiggy/mock_new_1ff7b07686cc,"Dairy, Bread & Eggs",No,,"Prefers specialized apps (FirstCry, Nykaa, Heads Up For Tails)",0
mock_quo_76efde653c8f,quora,Karan Sharma,"Instamart is my go-to for fruits and vegetables. I want to try ordering fresh chicken and fish from them, but I'm hesitant about how they package it. If they guarantee insulated packaging and Licious-like hygiene, I am willing to switch entirely. Swiggy support is helpful though.",,2026-04-07T21:46:49.030605,https://www.mockplatform.com/swiggy/mock_quo_76efde653c8f,Fruits & Vegetables,Yes,Meat & Fish,Fears about quality of fresh produce or meats,0
mock_new_1d864ed8097d,news_articles,Anjali Patel,"Swiggy One membership gives me free delivery on Instamart. But the free delivery only applies if my order is above 199. If I just want to buy a single baby bottle cleaner, I have to add random items to hit the threshold. I'm undecided if I should buy these categories here or just walk to the pharmacy.",,2026-04-17T21:46:49.030612,https://www.mockplatform.com/swiggy/mock_new_1d864ed8097d,Snacks & Munchies,Undecided,"Baby Care, Cleaning & Household",Loyalty/Instamart Pass discounts do not apply to other categories,0
mock_quo_5d4de28a0830,quora,Anjali Gupta,"Swiggy One membership gives me free delivery on Instamart. But the free delivery only applies if my order is above 199. If I just want to buy a single baby bottle cleaner, I have to add random items to hit the threshold. I'm undecided if I should buy these categories here or just walk to the pharmacy.",,2026-04-29T21:46:49.030620,https://www.mockplatform.com/swiggy/mock_quo_5d4de28a0830,Snacks & Munchies,Undecided,"Baby Care, Cleaning & Household",Loyalty/Instamart Pass discounts do not apply to other categories,0
mock_app_e1430bafccb4,app_store,Karan Sen,I buy daily groceries. I saw some deals on personal care items like face wash and soaps on Instamart. I'm not sure if the quality is authentic or if they are near expiry. I might try if they show the expiry date on the product page.,3,2026-03-18T21:46:49.030629,https://www.mockplatform.com/swiggy/mock_app_e1430bafccb4,"Dairy, Bread & Eggs",Undecided,Personal Care,Difficulty discovering category menu or poor search matching,0
mock_quo_2028d66c9dcf,quora,Anjali Mehta,"Why is the baby care section on Swiggy Instamart always empty? Whenever I want to order M size Pampers diapers, they are out of stock. I've stopped checking. I buy groceries here but order all my baby needs from FirstCry now. Instamart is saving me so much time.",,2026-05-17T21:46:49.030636,https://www.mockplatform.com/swiggy/mock_quo_2028d66c9dcf,"Dairy, Bread & Eggs",No,,"Prefers specialized apps (FirstCry, Nykaa, Heads Up For Tails)",0
mock_pla_9518654ed469,play_store,Arjun Mehta,"I order milk, bread, and eggs from Swiggy Instamart every single morning. It's fast and reliable. But I never buy personal care items or home cleaning liquids here. They are far cheaper at DMart, and Instamart prices have a high premium. I strictly use it for daily groceries.",2,2026-07-16T21:46:49.030646,https://www.mockplatform.com/swiggy/mock_pla_9518654ed469,"Dairy, Bread & Eggs",No,,Pricing is higher compared to local supermarkets (DMart),0
mock_quo_d2382e601f3e,quora,Amit Rao,"Instamart is my go-to for fruits and vegetables. I want to try ordering fresh chicken and fish from them, but I'm hesitant about how they package it. If they guarantee insulated packaging and Licious-like hygiene, I am willing to switch entirely. Placed order from Bangalore.",,2026-03-26T21:46:49.030653,https://www.mockplatform.com/swiggy/mock_quo_d2382e601f3e,Fruits & Vegetables,Yes,Meat & Fish,Fears about quality of fresh produce or meats,0
mock_pla_29a04fcdaf28,play_store,Amit Mehta,"I buy my regular household cleaning items and snacks from Instamart. I saw they launched a gourmet and organic section recently. I'm really interested in trying organic seeds and olive oil, but the app search didn't show them properly. Will try if they recommend them on my cart page.",1,2026-07-01T21:46:49.030660,https://www.mockplatform.com/swiggy/mock_pla_29a04fcdaf28,Cleaning & Household,Yes,Gourmet & Organic,Difficulty discovering category menu or poor search matching,0
mock_new_bfaf34baf946,news_articles,Vikram Singh,"Usually only buy bread and curd. But I noticed a pet care section in the menu. I would love to order wet dog food and treats for my labrador from Instamart since it saves me a trip. However, they only have 1-2 local brands. If they stock Pedigree or Royal Canin, I will buy every month.",,2026-04-10T21:46:49.030667,https://www.mockplatform.com/swiggy/mock_new_bfaf34baf946,"Dairy, Bread & Eggs",Yes,Pet Care,Prefers specialized apps (Heads Up For Tails),0
mock_red_204ee59bb970,reddit,u/vikram_patel,"Instamart is great for snacks and beverages when friends come over. But I will never buy vegetables or fruits here. Last time I ordered tomatoes, they were rotten and small. I'd rather buy fresh produce from my local vendor or Safal.",,2026-06-16T21:46:49.030673,https://www.mockplatform.com/swiggy/mock_red_204ee59bb970,Snacks & Munchies,No,,Fears about quality of fresh produce or meats,0
mock_pla_195428216dab,play_store,Amit Sen,"Why is the baby care section on Swiggy Instamart always empty? Whenever I want to order M size Pampers diapers, they are out of stock. I've stopped checking. I buy groceries here but order all my baby needs from FirstCry now.",1,2026-03-22T21:46:49.030680,https://www.mockplatform.com/swiggy/mock_pla_195428216dab,"Dairy, Bread & Eggs",No,,"Prefers specialized apps (FirstCry, Nykaa, Heads Up For Tails)",0
mock_pub_67071868cd03,public_blogs,Arjun Verma,"Instamart is great for snacks and beverages when friends come over. But I will never buy vegetables or fruits here. Last time I ordered tomatoes, they were rotten and small. I'd rather buy fresh produce from my local vendor or Safal. Strongly recommend this app.",,2026-03-26T21:46:49.030687,https://www.mockplatform.com/swiggy/mock_pub_67071868cd03,Snacks & Munchies,No,,Fears about quality of fresh produce or meats,0
mock_pla_74b3bd2acf06,play_store,Sneha Sharma,"Usually only buy bread and curd. But I noticed a pet care section in the menu. I would love to order wet dog food and treats for my labrador from Instamart since it saves me a trip. However, they only have 1-2 local brands. If they stock Pedigree or Royal Canin, I will buy every month.",5,2026-05-21T21:46:49.030694,https://www.mockplatform.com/swiggy/mock_pla_74b3bd2acf06,"Dairy, Bread & Eggs",Yes,Pet Care,Prefers specialized apps (Heads Up For Tails),0
mock_new_9d78c79f3f4a,news_articles,Neha Patel,"I buy my regular household cleaning items and snacks from Instamart. I saw they launched a gourmet and organic section recently. I'm really interested in trying organic seeds and olive oil, but the app search didn't show them properly. Will try if they recommend them on my cart page.",,2026-06-03T21:46:49.030709,https://www.mockplatform.com/swiggy/mock_new_9d78c79f3f4a,Cleaning & Household,Yes,Gourmet & Organic,Difficulty discovering category menu or poor search matching,0
mock_pub_0686184a7c0c,public_blogs,Anjali Sharma,"Why is the baby care section on Swiggy Instamart always empty? Whenever I want to order M size Pampers diapers, they are out of stock. I've stopped checking. I buy groceries here but order all my baby needs from FirstCry now. It's getting better day by day.",,2026-07-09T21:46:49.030716,https://www.mockplatform.com/swiggy/mock_pub_0686184a7c0c,"Dairy, Bread & Eggs",No,,"Prefers specialized apps (FirstCry, Nykaa, Heads Up For Tails)",0
mock_pla_1ac6f626122e,play_store,Rahul Gupta,"Usually only buy bread and curd. But I noticed a pet care section in the menu. I would love to order wet dog food and treats for my labrador from Instamart since it saves me a trip. However, they only have 1-2 local brands. If they stock Pedigree or Royal Canin, I will buy every month.",2,2026-03-13T21:46:49.030723,https://www.mockplatform.com/swiggy/mock_pla_1ac6f626122e,"Dairy, Bread & Eggs",Yes,Pet Care,Prefers specialized apps (Heads Up For Tails),0
mock_pla_14cfef91375a,play_store,Sneha Sen,"I buy almost everything on Instamart. Yesterday, I ordered a kitchen knife and a charging cable under Home Essentials, and it came in 9 minutes! Amazing. I'd love to buy my personal care cosmetics (shampoo, face wash) here too, but they don't have premium brands like Cetaphil or Minimalist. Please add them!",5,2026-06-18T21:46:49.030729,https://www.mockplatform.com/swiggy/mock_pla_14cfef91375a,Kitchen & Home Essentials,Yes,Personal Care,"Prefers specialized apps (FirstCry, Nykaa, Heads Up For Tails)",0
mock_you_f82618530621,youtube,Sneha Bose,I buy daily groceries. I saw some deals on personal care items like face wash and soaps on Instamart. I'm not sure if the quality is authentic or if they are near expiry. I might try if they show the expiry date on the product page. Strongly recommend this app.,,2026-04-15T21:46:49.030737,https://www.mockplatform.com/swiggy/mock_you_f82618530621,"Dairy, Bread & Eggs",Undecided,Personal Care,Difficulty discovering category menu or poor search matching,0
mock_twi_4efdc2929004,twitter,@rohan_gupta,"Instamart is great for snacks and beverages when friends come over. But I will never buy vegetables or fruits here. Last time I ordered tomatoes, they were rotten and small. I'd rather buy fresh produce from my local vendor or Safal.",,2026-06-16T21:46:49.030744,https://www.mockplatform.com/swiggy/mock_twi_4efdc2929004,Snacks & Munchies,No,,Fears about quality of fresh produce or meats,0
mock_you_695f32ce5e3d,youtube,Karan Malhotra,"Instamart is my go-to for fruits and vegetables. I want to try ordering fresh chicken and fish from them, but I'm hesitant about how they package it. If they guarantee insulated packaging and Licious-like hygiene, I am willing to switch entirely.",,2026-06-07T21:46:49.030751,https://www.mockplatform.com/swiggy/mock_you_695f32ce5e3d,Fruits & Vegetables,Yes,Meat & Fish,Fears about quality of fresh produce or meats,0
mock_quo_2089b67e05fd,quora,Sneha Sen,"Instamart is my go-to for fruits and vegetables. I want to try ordering fresh chicken and fish from them, but I'm hesitant about how they package it. If they guarantee insulated packaging and Licious-like hygiene, I am willing to switch entirely. It's getting better day by day.",,2026-03-12T21:46:49.030757,https://www.mockplatform.com/swiggy/mock_quo_2089b67e05fd,Fruits & Vegetables,Yes,Meat & Fish,Fears about quality of fresh produce or meats,0
mock_pub_2caf4c56877e,public_blogs,Amit Joshi,"I buy my regular household cleaning items and snacks from Instamart. I saw they launched a gourmet and organic section recently. I'm really interested in trying organic seeds and olive oil, but the app search didn't show them properly. Will try if they recommend them on my cart page. Delivery boy was polite.",,2026-05-09T21:46:49.030763,https://www.mockplatform.com/swiggy/mock_pub_2caf4c56877e,Cleaning & Household,Yes,Gourmet & Organic,Difficulty discovering category menu or poor search matching,0
mock_com_d15a09fe0b25,community_forums,Sneha Bose,"I order milk, bread, and eggs from Swiggy Instamart every single morning. It's fast and reliable. But I never buy personal care items or home cleaning liquids here. They are far cheaper at DMart, and Instamart prices have a high premium. I strictly use it for daily groceries.",,2026-05-29T21:46:49.030770,https://www.mockplatform.com/swiggy/mock_com_d15a09fe0b25,"Dairy, Bread & Eggs",No,,Pricing is higher compared to local supermarkets (DMart),0
mock_pla_979ccbc1577e,play_store,Anjali Patel,"Swiggy One membership gives me free delivery on Instamart. But the free delivery only applies if my order is above 199. If I just want to buy a single baby bottle cleaner, I have to add random items to hit the threshold. I'm undecided if I should buy these categories here or just walk to the pharmacy.",3,2026-04-09T21:46:49.030779,https://www.mockplatform.com/swiggy/mock_pla_979ccbc1577e,Snacks & Munchies,Undecided,"Baby Care, Cleaning & Household",Loyalty/Instamart Pass discounts do not apply to other categories,0
mock_pub_4ece6ee4ee15,public_blogs,Meera Sen,I buy daily groceries. I saw some deals on personal care items like face wash and soaps on Instamart. I'm not sure if the quality is authentic or if they are near expiry. I might try if they show the expiry date on the product page.,,2026-04-21T21:46:49.030786,https://www.mockplatform.com/swiggy/mock_pub_4ece6ee4ee15,"Dairy, Bread & Eggs",Undecided,Personal Care,Difficulty discovering category menu or poor search matching,0
mock_pro_b30453970467,product_hunt,Anjali Sharma,"Swiggy One membership gives me free delivery on Instamart. But the free delivery only applies if my order is above 199. If I just want to buy a single baby bottle cleaner, I have to add random items to hit the threshold. I'm undecided if I should buy these categories here or just walk to the pharmacy.",,2026-07-02T21:46:49.030792,https://www.mockplatform.com/swiggy/mock_pro_b30453970467,Snacks & Munchies,Undecided,"Baby Care, Cleaning & Household",Loyalty/Instamart Pass discounts do not apply to other categories,0
mock_app_4c998e1730d2,app_store,Arjun Mehta,"I buy almost everything on Instamart. Yesterday, I ordered a kitchen knife and a charging cable under Home Essentials, and it came in 9 minutes! Amazing. I'd love to buy my personal care cosmetics (shampoo, face wash) here too, but they don't have premium brands like Cetaphil or Minimalist. Please add them!",2,2026-07-16T21:46:49.030798,https://www.mockplatform.com/swiggy/mock_app_4c998e1730d2,Kitchen & Home Essentials,Yes,Personal Care,"Prefers specialized apps (FirstCry, Nykaa, Heads Up For Tails)",0
mock_pro_31fec083dd72,product_hunt,Amit Sen,"I order milk, bread, and eggs from Swiggy Instamart every single morning. It's fast and reliable. But I never buy personal care items or home cleaning liquids here. They are far cheaper at DMart, and Instamart prices have a high premium. I strictly use it for daily groceries. Placed order from Bangalore.",,2026-05-30T21:46:49.030805,https://www.mockplatform.com/swiggy/mock_pro_31fec083dd72,"Dairy, Bread & Eggs",No,,Pricing is higher compared to local supermarkets (DMart),0
mock_new_dda7329b0da0,news_articles,Deepa Joshi,"Usually only buy bread and curd. But I noticed a pet care section in the menu. I would love to order wet dog food and treats for my labrador from Instamart since it saves me a trip. However, they only have 1-2 local brands. If they stock Pedigree or Royal Canin, I will buy every month. Delivery boy was polite.",,2026-05-09T21:46:49.030812,https://www.mockplatform.com/swiggy/mock_new_dda7329b0da0,"Dairy, Bread & Eggs",Yes,Pet Care,Prefers specialized apps (Heads Up For Tails),0
mock_app_f64ff8fc91c6,app_store,Meera Sharma,"I buy almost everything on Instamart. Yesterday, I ordered a kitchen knife and a charging cable under Home Essentials, and it came in 9 minutes! Amazing. I'd love to buy my personal care cosmetics (shampoo, face wash) here too, but they don't have premium brands like Cetaphil or Minimalist. Please add them!",3,2026-04-25T21:46:49.030820,https://www.mockplatform.com/swiggy/mock_app_f64ff8fc91c6,Kitchen & Home Essentials,Yes,Personal Care,"Prefers specialized apps (FirstCry, Nykaa, Heads Up For Tails)",0
mock_pla_57ac713badea,play_store,Karan Mehta,"Swiggy One membership gives me free delivery on Instamart. But the free delivery only applies if my order is above 199. If I just want to buy a single baby bottle cleaner, I have to add random items to hit the threshold. I'm undecided if I should buy these categories here or just walk to the pharmacy.",3,2026-03-11T21:46:49.030826,https://www.mockplatform.com/swiggy/mock_pla_57ac713badea,Snacks & Munchies,Undecided,"Baby Care, Cleaning & Household",Loyalty/Instamart Pass discounts do not apply to other categories,0
mock_new_e9d698456e88,news_articles,Anjali Bose,"Swiggy One membership gives me free delivery on Instamart. But the free delivery only applies if my order is above 199. If I just want to buy a single baby bottle cleaner, I have to add random items to hit the threshold. I'm undecided if I should buy these categories here or just walk to the pharmacy.",,2026-04-27T21:46:49.030832,https://www.mockplatform.com/swiggy/mock_new_e9d698456e88,Snacks & Munchies,Undecided,"Baby Care, Cleaning & Household",Loyalty/Instamart Pass discounts do not apply to other categories,0
mock_quo_d60e151379fe,quora,Neha Verma,"Instamart is my go-to for fruits and vegetables. I want to try ordering fresh chicken and fish from them, but I'm hesitant about how they package it. If they guarantee insulated packaging and Licious-like hygiene, I am willing to switch entirely.",,2026-05-20T21:46:49.030839,https://www.mockplatform.com/swiggy/mock_quo_d60e151379fe,Fruits & Vegetables,Yes,Meat & Fish,Fears about quality of fresh produce or meats,0
mock_com_42a1da8335a1,community_forums,Sneha Malhotra,"I buy my regular household cleaning items and snacks from Instamart. I saw they launched a gourmet and organic section recently. I'm really interested in trying organic seeds and olive oil, but the app search didn't show them properly. Will try if they recommend them on my cart page.",,2026-07-15T21:46:49.030849,https://www.mockplatform.com/swiggy/mock_com_42a1da8335a1,Cleaning & Household,Yes,Gourmet & Organic,Difficulty discovering category menu or poor search matching,0
mock_pub_35e7451215d6,public_blogs,Meera Singh,"I buy my regular household cleaning items and snacks from Instamart. I saw they launched a gourmet and organic section recently. I'm really interested in trying organic seeds and olive oil, but the app search didn't show them properly. Will try if they recommend them on my cart page.",,2026-06-11T21:46:49.030855,https://www.mockplatform.com/swiggy/mock_pub_35e7451215d6,Cleaning & Household,Yes,Gourmet & Organic,Difficulty discovering category menu or poor search matching,0
mock_twi_2e31fa5c3244,twitter,@meera_sen,"Instamart is great for snacks and beverages when friends come over. But I will never buy vegetables or fruits here. Last time I ordered tomatoes, they were rotten and small. I'd rather buy fresh produce from my local vendor or Safal.",,2026-04-03T21:46:49.030862,https://www.mockplatform.com/swiggy/mock_twi_2e31fa5c3244,Snacks & Munchies,No,,Fears about quality of fresh produce or meats,0
mock_com_fffa68e4e388,community_forums,Anjali Sen,"Usually only buy bread and curd. But I noticed a pet care section in the menu. I would love to order wet dog food and treats for my labrador from Instamart since it saves me a trip. However, they only have 1-2 local brands. If they stock Pedigree or Royal Canin, I will buy every month. Strongly recommend this app.",,2026-07-21T21:46:49.030868,https://www.mockplatform.com/swiggy/mock_com_fffa68e4e388,"Dairy, Bread & Eggs",Yes,Pet Care,Prefers specialized apps (Heads Up For Tails),0
mock_pub_dc19a5c9a89a,public_blogs,Amit Singh,"Instamart is great for snacks and beverages when friends come over. But I will never buy vegetables or fruits here. Last time I ordered tomatoes, they were rotten and small. I'd rather buy fresh produce from my local vendor or Safal. Strongly recommend this app.",,2026-07-04T21:46:49.030874,https://www.mockplatform.com/swiggy/mock_pub_dc19a5c9a89a,Snacks & Munchies,No,,Fears about quality of fresh produce or meats,0
mock_red_65741c0c5859,reddit,u/rahul_patel,"Swiggy One membership gives me free delivery on Instamart. But the free delivery only applies if my order is above 199. If I just want to buy a single baby bottle cleaner, I have to add random items to hit the threshold. I'm undecided if I should buy these categories here or just walk to the pharmacy.",,2026-07-23T21:46:49.030880,https://www.mockplatform.com/swiggy/mock_red_65741c0c5859,Snacks & Munchies,Undecided,"Baby Care, Cleaning & Household",Loyalty/Instamart Pass discounts do not apply to other categories,0
mock_you_75f3760eb5e3,youtube,Amit Nair,"I order milk, bread, and eggs from Swiggy Instamart every single morning. It's fast and reliable. But I never buy personal care items or home cleaning liquids here. They are far cheaper at DMart, and Instamart prices have a high premium. I strictly use it for daily groceries.",,2026-04-27T21:46:49.030887,https://www.mockplatform.com/swiggy/mock_you_75f3760eb5e3,"Dairy, Bread & Eggs",No,,Pricing is higher compared to local supermarkets (DMart),0
mock_app_00b8bee60dc3,app_store,Deepa Patel,"Why is the baby care section on Swiggy Instamart always empty? Whenever I want to order M size Pampers diapers, they are out of stock. I've stopped checking. I buy groceries here but order all my baby needs from FirstCry now.",3,2026-04-12T21:46:49.030892,https://www.mockplatform.com/swiggy/mock_app_00b8bee60dc3,"Dairy, Bread & Eggs",No,,"Prefers specialized apps (FirstCry, Nykaa, Heads Up For Tails)",0
mock_twi_7dd16d0f3f78,twitter,@sneha_sen,"Usually only buy bread and curd. But I noticed a pet care section in the menu. I would love to order wet dog food and treats for my labrador from Instamart since it saves me a trip. However, they only have 1-2 local brands. If they stock Pedigree or Royal Canin, I will buy every month. Strongly recommend this app.",,2026-06-01T21:46:49.030899,https://www.mockplatform.com/swiggy/mock_twi_7dd16d0f3f78,"Dairy, Bread & Eggs",Yes,Pet Care,Prefers specialized apps (Heads Up For Tails),0
mock_red_126248116818,reddit,u/vikram_verma,"I buy my regular household cleaning items and snacks from Instamart. I saw they launched a gourmet and organic section recently. I'm really interested in trying organic seeds and olive oil, but the app search didn't show them properly. Will try if they recommend them on my cart page.",,2026-07-17T21:46:49.030907,https://www.mockplatform.com/swiggy/mock_red_126248116818,Cleaning & Household,Yes,Gourmet & Organic,Difficulty discovering category menu or poor search matching,0
mock_you_fa54ae27bffa,youtube,Neha Patel,"I buy my regular household cleaning items and snacks from Instamart. I saw they launched a gourmet and organic section recently. I'm really interested in trying organic seeds and olive oil, but the app search didn't show them properly. Will try if they recommend them on my cart page. Delivery boy was polite.",,2026-06-04T21:46:49.030931,https://www.mockplatform.com/swiggy/mock_you_fa54ae27bffa,Cleaning & Household,Yes,Gourmet & Organic,Difficulty discovering category menu or poor search matching,0
mock_pub_f66efa25e1c4,public_blogs,Rohan Verma,"Instamart is my go-to for fruits and vegetables. I want to try ordering fresh chicken and fish from them, but I'm hesitant about how they package it. If they guarantee insulated packaging and Licious-like hygiene, I am willing to switch entirely. Swiggy support is helpful though.",,2026-03-13T21:46:49.030938,https://www.mockplatform.com/swiggy/mock_pub_f66efa25e1c4,Fruits & Vegetables,Yes,Meat & Fish,Fears about quality of fresh produce or meats,0
mock_pro_9af6b5dff072,product_hunt,Anjali Sharma,"I buy almost everything on Instamart. Yesterday, I ordered a kitchen knife and a charging cable under Home Essentials, and it came in 9 minutes! Amazing. I'd love to buy my personal care cosmetics (shampoo, face wash) here too, but they don't have premium brands like Cetaphil or Minimalist. Please add them!",,2026-05-27T21:46:49.030947,https://www.mockplatform.com/swiggy/mock_pro_9af6b5dff072,Kitchen & Home Essentials,Yes,Personal Care,"Prefers specialized apps (FirstCry, Nykaa, Heads Up For Tails)",0
mock_twi_0548933f87c5,twitter,@deepa_sharma,"Why is the baby care section on Swiggy Instamart always empty? Whenever I want to order M size Pampers diapers, they are out of stock. I've stopped checking. I buy groceries here but order all my baby needs from FirstCry now.",,2026-06-08T21:46:49.030953,https://www.mockplatform.com/swiggy/mock_twi_0548933f87c5,"Dairy, Bread & Eggs",No,,"Prefers specialized apps (FirstCry, Nykaa, Heads Up For Tails)",0
mock_red_8efc1be0f21f,reddit,u/meera_patel,"I buy almost everything on Instamart. Yesterday, I ordered a kitchen knife and a charging cable under Home Essentials, and it came in 9 minutes! Amazing. I'd love to buy my personal care cosmetics (shampoo, face wash) here too, but they don't have premium brands like Cetaphil or Minimalist. Please add them! Delivery boy was polite.",,2026-05-13T21:46:49.030960,https://www.mockplatform.com/swiggy/mock_red_8efc1be0f21f,Kitchen & Home Essentials,Yes,Personal Care,"Prefers specialized apps (FirstCry, Nykaa, Heads Up For Tails)",0
mock_red_7d359d867399,reddit,u/sneha_joshi,"Swiggy One membership gives me free delivery on Instamart. But the free delivery only applies if my order is above 199. If I just want to buy a single baby bottle cleaner, I have to add random items to hit the threshold. I'm undecided if I should buy these categories here or just walk to the pharmacy.",,2026-06-04T21:46:49.030972,https://www.mockplatform.com/swiggy/mock_red_7d359d867399,Snacks & Munchies,Undecided,"Baby Care, Cleaning & Household",Loyalty/Instamart Pass discounts do not apply to other categories,0
mock_new_223e21ecb7cf,news_articles,Sneha Patel,"I order milk, bread, and eggs from Swiggy Instamart every single morning. It's fast and reliable. But I never buy personal care items or home cleaning liquids here. They are far cheaper at DMart, and Instamart prices have a high premium. I strictly use it for daily groceries.",,2026-07-18T21:46:49.030980,https://www.mockplatform.com/swiggy/mock_new_223e21ecb7cf,"Dairy, Bread & Eggs",No,,Pricing is higher compared to local supermarkets (DMart),0
mock_twi_a9673a9c875a,twitter,@vikram_nair,"I buy my regular household cleaning items and snacks from Instamart. I saw they launched a gourmet and organic section recently. I'm really interested in trying organic seeds and olive oil, but the app search didn't show them properly. Will try if they recommend them on my cart page.",,2026-06-05T21:46:49.030986,https://www.mockplatform.com/swiggy/mock_twi_a9673a9c875a,Cleaning & Household,Yes,Gourmet & Organic,Difficulty discovering category menu or poor search matching,0
mock_new_c8f9cadf6a71,news_articles,Rohan Singh,I use Swiggy Instamart for urgent snacks or beverages. But the checkout page adds so many fees! Handling fee + delivery charge + surge fee. It doesn't make sense to add a single bottle of handwash because the fees double the price. I'll stick to my local store. It's getting better day by day.,,2026-04-10T21:46:49.031007,https://www.mockplatform.com/swiggy/mock_new_c8f9cadf6a71,Beverages,No,,High delivery/surge fees on small value items,0
mock_new_942a0ab6a1c9,news_articles,Amit Sen,"I order milk, bread, and eggs from Swiggy Instamart every single morning. It's fast and reliable. But I never buy personal care items or home cleaning liquids here. They are far cheaper at DMart, and Instamart prices have a high premium. I strictly use it for daily groceries.",,2026-07-23T21:46:49.031013,https://www.mockplatform.com/swiggy/mock_new_942a0ab6a1c9,"Dairy, Bread & Eggs",No,,Pricing is higher compared to local supermarkets (DMart),0
mock_new_469c1ed9a659,news_articles,Rohan Nair,"Why is the baby care section on Swiggy Instamart always empty? Whenever I want to order M size Pampers diapers, they are out of stock. I've stopped checking. I buy groceries here but order all my baby needs from FirstCry now.",,2026-03-30T21:46:49.031022,https://www.mockplatform.com/swiggy/mock_new_469c1ed9a659,"Dairy, Bread & Eggs",No,,"Prefers specialized apps (FirstCry, Nykaa, Heads Up For Tails)",0
mock_new_efa7a4283537,news_articles,Arjun Gupta,"Instamart is great for snacks and beverages when friends come over. But I will never buy vegetables or fruits here. Last time I ordered tomatoes, they were rotten and small. I'd rather buy fresh produce from my local vendor or Safal.",,2026-07-02T21:46:49.031028,https://www.mockplatform.com/swiggy/mock_new_efa7a4283537,Snacks & Munchies,No,,Fears about quality of fresh produce or meats,0
mock_new_a04c2737b729,news_articles,Arjun Mehta,"Instamart is great for snacks and beverages when friends come over. But I will never buy vegetables or fruits here. Last time I ordered tomatoes, they were rotten and small. I'd rather buy fresh produce from my local vendor or Safal. Placed order from Bangalore.",,2026-07-25T21:46:49.031035,https://www.mockplatform.com/swiggy/mock_new_a04c2737b729,Snacks & Munchies,No,,Fears about quality of fresh produce or meats,0
mock_pro_b0fa572ea948,product_hunt,Vikram Bose,"Instamart is great for snacks and beverages when friends come over. But I will never buy vegetables or fruits here. Last time I ordered tomatoes, they were rotten and small. I'd rather buy fresh produce from my local vendor or Safal.",,2026-07-14T21:46:49.031044,https://www.mockplatform.com/swiggy/mock_pro_b0fa572ea948,Snacks & Munchies,No,,Fears about quality of fresh produce or meats,0
mock_new_8051446fc55a,news_articles,Karan Verma,"Usually only buy bread and curd. But I noticed a pet care section in the menu. I would love to order wet dog food and treats for my labrador from Instamart since it saves me a trip. However, they only have 1-2 local brands. If they stock Pedigree or Royal Canin, I will buy every month. Swiggy support is helpful though.",,2026-07-26T21:46:49.031051,https://www.mockplatform.com/swiggy/mock_new_8051446fc55a,"Dairy, Bread & Eggs",Yes,Pet Care,Prefers specialized apps (Heads Up For Tails),0
mock_you_45ff88a02119,youtube,Deepa Joshi,"Usually only buy bread and curd. But I noticed a pet care section in the menu. I would love to order wet dog food and treats for my labrador from Instamart since it saves me a trip. However, they only have 1-2 local brands. If they stock Pedigree or Royal Canin, I will buy every month.",,2026-03-30T21:46:49.031086,https://www.mockplatform.com/swiggy/mock_you_45ff88a02119,"Dairy, Bread & Eggs",Yes,Pet Care,Prefers specialized apps (Heads Up For Tails),0
mock_twi_fcdbc294adea,twitter,@amit_patel,"Why is the baby care section on Swiggy Instamart always empty? Whenever I want to order M size Pampers diapers, they are out of stock. I've stopped checking. I buy groceries here but order all my baby needs from FirstCry now.",,2026-06-16T21:46:49.031093,https://www.mockplatform.com/swiggy/mock_twi_fcdbc294adea,"Dairy, Bread & Eggs",No,,"Prefers specialized apps (FirstCry, Nykaa, Heads Up For Tails)",0
mock_quo_a054950a112c,quora,Deepa Patel,"Instamart is my go-to for fruits and vegetables. I want to try ordering fresh chicken and fish from them, but I'm hesitant about how they package it. If they guarantee insulated packaging and Licious-like hygiene, I am willing to switch entirely. Instamart is saving me so much time.",,2026-05-17T21:46:49.031100,https://www.mockplatform.com/swiggy/mock_quo_a054950a112c,Fruits & Vegetables,Yes,Meat & Fish,Fears about quality of fresh produce or meats,0
mock_pro_fac88888ac44,product_hunt,Arjun Malhotra,"Instamart is my go-to for fruits and vegetables. I want to try ordering fresh chicken and fish from them, but I'm hesitant about how they package it. If they guarantee insulated packaging and Licious-like hygiene, I am willing to switch entirely. Instamart is saving me so much time.",,2026-04-02T21:46:49.031106,https://www.mockplatform.com/swiggy/mock_pro_fac88888ac44,Fruits & Vegetables,Yes,Meat & Fish,Fears about quality of fresh produce or meats,0
mock_new_fd83df8de43f,news_articles,Priya Patel,"Instamart is my go-to for fruits and vegetables. I want to try ordering fresh chicken and fish from them, but I'm hesitant about how they package it. If they guarantee insulated packaging and Licious-like hygiene, I am willing to switch entirely. Swiggy support is helpful though.",,2026-05-25T21:46:49.031113,https://www.mockplatform.com/swiggy/mock_new_fd83df8de43f,Fruits & Vegetables,Yes,Meat & Fish,Fears about quality of fresh produce or meats,0
mock_pla_b6014117fa6e,play_store,Priya Sharma,I use Swiggy Instamart for urgent snacks or beverages. But the checkout page adds so many fees! Handling fee + delivery charge + surge fee. It doesn't make sense to add a single bottle of handwash because the fees double the price. I'll stick to my local store.,3,2026-03-04T21:46:49.031125,https://www.mockplatform.com/swiggy/mock_pla_b6014117fa6e,Beverages,No,,High delivery/surge fees on small value items,0
mock_app_26cf0af3dcaf,app_store,Karan Bose,"Swiggy One membership gives me free delivery on Instamart. But the free delivery only applies if my order is above 199. If I just want to buy a single baby bottle cleaner, I have to add random items to hit the threshold. I'm undecided if I should buy these categories here or just walk to the pharmacy. Delivery boy was polite.",3,2026-06-23T21:46:49.031133,https://www.mockplatform.com/swiggy/mock_app_26cf0af3dcaf,Snacks & Munchies,Undecided,"Baby Care, Cleaning & Household",Loyalty/Instamart Pass discounts do not apply to other categories,0
mock_pro_cc4878efc8a0,product_hunt,Arjun Bose,"I order milk, bread, and eggs from Swiggy Instamart every single morning. It's fast and reliable. But I never buy personal care items or home cleaning liquids here. They are far cheaper at DMart, and Instamart prices have a high premium. I strictly use it for daily groceries. Hope they resolve this soon.",,2026-06-03T21:46:49.031140,https://www.mockplatform.com/swiggy/mock_pro_cc4878efc8a0,"Dairy, Bread & Eggs",No,,Pricing is higher compared to local supermarkets (DMart),0
mock_app_e5700ebf888b,app_store,Neha Gupta,I buy daily groceries. I saw some deals on personal care items like face wash and soaps on Instamart. I'm not sure if the quality is authentic or if they are near expiry. I might try if they show the expiry date on the product page.,3,2026-06-20T21:46:49.031147,https://www.mockplatform.com/swiggy/mock_app_e5700ebf888b,"Dairy, Bread & Eggs",Undecided,Personal Care,Difficulty discovering category menu or poor search matching,0
mock_twi_9da96f9b7e45,twitter,@rohan_patel,"Swiggy One membership gives me free delivery on Instamart. But the free delivery only applies if my order is above 199. If I just want to buy a single baby bottle cleaner, I have to add random items to hit the threshold. I'm undecided if I should buy these categories here or just walk to the pharmacy.",,2026-07-03T21:46:49.031153,https://www.mockplatform.com/swiggy/mock_twi_9da96f9b7e45,Snacks & Munchies,Undecided,"Baby Care, Cleaning & Household",Loyalty/Instamart Pass discounts do not apply to other categories,0
mock_pro_32f7fbe48943,product_hunt,Rahul Bose,"I order milk, bread, and eggs from Swiggy Instamart every single morning. It's fast and reliable. But I never buy personal care items or home cleaning liquids here. They are far cheaper at DMart, and Instamart prices have a high premium. I strictly use it for daily groceries. Delivery boy was polite.",,2026-05-01T21:46:49.031159,https://www.mockplatform.com/swiggy/mock_pro_32f7fbe48943,"Dairy, Bread & Eggs",No,,Pricing is higher compared to local supermarkets (DMart),0
mock_pub_03096d086890,public_blogs,Rohan Nair,"Usually only buy bread and curd. But I noticed a pet care section in the menu. I would love to order wet dog food and treats for my labrador from Instamart since it saves me a trip. However, they only have 1-2 local brands. If they stock Pedigree or Royal Canin, I will buy every month. It's getting better day by day.",,2026-05-16T21:46:49.031169,https://www.mockplatform.com/swiggy/mock_pub_03096d086890,"Dairy, Bread & Eggs",Yes,Pet Care,Prefers specialized apps (Heads Up For Tails),0
mock_app_e3dfb199c7e7,app_store,Vikram Sharma,"I buy my regular household cleaning items and snacks from Instamart. I saw they launched a gourmet and organic section recently. I'm really interested in trying organic seeds and olive oil, but the app search didn't show them properly. Will try if they recommend them on my cart page. Hope they resolve this soon.",3,2026-04-23T21:46:49.031175,https://www.mockplatform.com/swiggy/mock_app_e3dfb199c7e7,Cleaning & Household,Yes,Gourmet & Organic,Difficulty discovering category menu or poor search matching,0
mock_pro_1c519a3cc7f8,product_hunt,Amit Mehta,"Swiggy One membership gives me free delivery on Instamart. But the free delivery only applies if my order is above 199. If I just want to buy a single baby bottle cleaner, I have to add random items to hit the threshold. I'm undecided if I should buy these categories here or just walk to the pharmacy.",,2026-04-27T21:46:49.031181,https://www.mockplatform.com/swiggy/mock_pro_1c519a3cc7f8,Snacks & Munchies,Undecided,"Baby Care, Cleaning & Household",Loyalty/Instamart Pass discounts do not apply to other categories,0
mock_red_217f2d124dc2,reddit,u/deepa_mehta,I buy daily groceries. I saw some deals on personal care items like face wash and soaps on Instamart. I'm not sure if the quality is authentic or if they are near expiry. I might try if they show the expiry date on the product page.,,2026-04-14T21:46:49.031188,https://www.mockplatform.com/swiggy/mock_red_217f2d124dc2,"Dairy, Bread & Eggs",Undecided,Personal Care,Difficulty discovering category menu or poor search matching,0
mock_pro_ec59bc2f83d7,product_hunt,Anjali Nair,"I order milk, bread, and eggs from Swiggy Instamart every single morning. It's fast and reliable. But I never buy personal care items or home cleaning liquids here. They are far cheaper at DMart, and Instamart prices have a high premium. I strictly use it for daily groceries. Placed order from Bangalore.",,2026-04-18T21:46:49.031197,https://www.mockplatform.com/swiggy/mock_pro_ec59bc2f83d7,"Dairy, Bread & Eggs",No,,Pricing is higher compared to local supermarkets (DMart),0
mock_new_9c09fcb0ee76,news_articles,Karan Nair,I buy daily groceries. I saw some deals on personal care items like face wash and soaps on Instamart. I'm not sure if the quality is authentic or if they are near expiry. I might try if they show the expiry date on the product page.,,2026-04-24T21:46:49.031205,https://www.mockplatform.com/swiggy/mock_new_9c09fcb0ee76,"Dairy, Bread & Eggs",Undecided,Personal Care,Difficulty discovering category menu or poor search matching,0
mock_red_e8d49cfb747a,reddit,u/deepa_sharma,I use Swiggy Instamart for urgent snacks or beverages. But the checkout page adds so many fees! Handling fee + delivery charge + surge fee. It doesn't make sense to add a single bottle of handwash because the fees double the price. I'll stick to my local store. Placed order from Bangalore.,,2026-07-02T21:46:49.031211,https://www.mockplatform.com/swiggy/mock_red_e8d49cfb747a,Beverages,No,,High delivery/surge fees on small value items,0
mock_new_1c812d53ddcf,news_articles,Meera Mehta,"Swiggy One membership gives me free delivery on Instamart. But the free delivery only applies if my order is above 199. If I just want to buy a single baby bottle cleaner, I have to add random items to hit the threshold. I'm undecided if I should buy these categories here or just walk to the pharmacy.",,2026-05-24T21:46:49.031218,https://www.mockplatform.com/swiggy/mock_new_1c812d53ddcf,Snacks & Munchies,Undecided,"Baby Care, Cleaning & Household",Loyalty/Instamart Pass discounts do not apply to other categories,0
mock_quo_aa8b7eb84836,quora,Vikram Singh,"Usually only buy bread and curd. But I noticed a pet care section in the menu. I would love to order wet dog food and treats for my labrador from Instamart since it saves me a trip. However, they only have 1-2 local brands. If they stock Pedigree or Royal Canin, I will buy every month.",,2026-05-05T21:46:49.031223,https://www.mockplatform.com/swiggy/mock_quo_aa8b7eb84836,"Dairy, Bread & Eggs",Yes,Pet Care,Prefers specialized apps (Heads Up For Tails),0
mock_you_445d4484fb7e,youtube,Anjali Mehta,"I buy almost everything on Instamart. Yesterday, I ordered a kitchen knife and a charging cable under Home Essentials, and it came in 9 minutes! Amazing. I'd love to buy my personal care cosmetics (shampoo, face wash) here too, but they don't have premium brands like Cetaphil or Minimalist. Please add them! Placed order from Bangalore.",,2026-06-13T21:46:49.031229,https://www.mockplatform.com/swiggy/mock_you_445d4484fb7e,Kitchen & Home Essentials,Yes,Personal Care,"Prefers specialized apps (FirstCry, Nykaa, Heads Up For Tails)",0
mock_twi_f6c4af309640,twitter,@rahul_verma,"Instamart is my go-to for fruits and vegetables. I want to try ordering fresh chicken and fish from them, but I'm hesitant about how they package it. If they guarantee insulated packaging and Licious-like hygiene, I am willing to switch entirely.",,2026-05-25T21:46:49.031235,https://www.mockplatform.com/swiggy/mock_twi_f6c4af309640,Fruits & Vegetables,Yes,Meat & Fish,Fears about quality of fresh produce or meats,0
mock_you_cd66fd203324,youtube,Rohan Patel,I buy daily groceries. I saw some deals on personal care items like face wash and soaps on Instamart. I'm not sure if the quality is authentic or if they are near expiry. I might try if they show the expiry date on the product page. Instamart is saving me so much time.,,2026-02-27T21:46:49.031242,https://www.mockplatform.com/swiggy/mock_you_cd66fd203324,"Dairy, Bread & Eggs",Undecided,Personal Care,Difficulty discovering category menu or poor search matching,0
mock_pla_e2b857bffbe0,play_store,Rahul Malhotra,I buy daily groceries. I saw some deals on personal care items like face wash and soaps on Instamart. I'm not sure if the quality is authentic or if they are near expiry. I might try if they show the expiry date on the product page. Instamart is saving me so much time.,2,2026-05-18T21:46:49.031250,https://www.mockplatform.com/swiggy/mock_pla_e2b857bffbe0,"Dairy, Bread & Eggs",Undecided,Personal Care,Difficulty discovering category menu or poor search matching,0
mock_new_24ab59d21a23,news_articles,Sneha Joshi,I use Swiggy Instamart for urgent snacks or beverages. But the checkout page adds so many fees! Handling fee + delivery charge + surge fee. It doesn't make sense to add a single bottle of handwash because the fees double the price. I'll stick to my local store. Instamart is saving me so much time.,,2026-05-15T21:46:49.031256,https://www.mockplatform.com/swiggy/mock_new_24ab59d21a23,Beverages,No,,High delivery/surge fees on small value items,0
mock_pub_0460ee705aeb,public_blogs,Deepa Mehta,"Usually only buy bread and curd. But I noticed a pet care section in the menu. I would love to order wet dog food and treats for my labrador from Instamart since it saves me a trip. However, they only have 1-2 local brands. If they stock Pedigree or Royal Canin, I will buy every month.",,2026-03-19T21:46:49.031264,https://www.mockplatform.com/swiggy/mock_pub_0460ee705aeb,"Dairy, Bread & Eggs",Yes,Pet Care,Prefers specialized apps (Heads Up For Tails),0
mock_pub_88f98e037bb8,public_blogs,Meera Mehta,"Swiggy One membership gives me free delivery on Instamart. But the free delivery only applies if my order is above 199. If I just want to buy a single baby bottle cleaner, I have to add random items to hit the threshold. I'm undecided if I should buy these categories here or just walk to the pharmacy. Delivery boy was polite.",,2026-06-13T21:46:49.031271,https://www.mockplatform.com/swiggy/mock_pub_88f98e037bb8,Snacks & Munchies,Undecided,"Baby Care, Cleaning & Household",Loyalty/Instamart Pass discounts do not apply to other categories,0
mock_app_769d1cf45ec8,app_store,Priya Joshi,"I order milk, bread, and eggs from Swiggy Instamart every single morning. It's fast and reliable. But I never buy personal care items or home cleaning liquids here. They are far cheaper at DMart, and Instamart prices have a high premium. I strictly use it for daily groceries.",3,2026-05-03T21:46:49.031277,https://www.mockplatform.com/swiggy/mock_app_769d1cf45ec8,"Dairy, Bread & Eggs",No,,Pricing is higher compared to local supermarkets (DMart),0
mock_you_c6cea4564eaf,youtube,Amit Gupta,"Usually only buy bread and curd. But I noticed a pet care section in the menu. I would love to order wet dog food and treats for my labrador from Instamart since it saves me a trip. However, they only have 1-2 local brands. If they stock Pedigree or Royal Canin, I will buy every month.",,2026-05-08T21:46:49.031284,https://www.mockplatform.com/swiggy/mock_you_c6cea4564eaf,"Dairy, Bread & Eggs",Yes,Pet Care,Prefers specialized apps (Heads Up For Tails),0
mock_you_fa2b69f3e469,youtube,Rohan Verma,"Swiggy One membership gives me free delivery on Instamart. But the free delivery only applies if my order is above 199. If I just want to buy a single baby bottle cleaner, I have to add random items to hit the threshold. I'm undecided if I should buy these categories here or just walk to the pharmacy. Strongly recommend this app.",,2026-06-17T21:46:49.031290,https://www.mockplatform.com/swiggy/mock_you_fa2b69f3e469,Snacks & Munchies,Undecided,"Baby Care, Cleaning & Household",Loyalty/Instamart Pass discounts do not apply to other categories,0
mock_twi_33d30ce0b761,twitter,@neha_mehta,"I buy my regular household cleaning items and snacks from Instamart. I saw they launched a gourmet and organic section recently. I'm really interested in trying organic seeds and olive oil, but the app search didn't show them properly. Will try if they recommend them on my cart page.",,2026-04-21T21:46:49.031315,https://www.mockplatform.com/swiggy/mock_twi_33d30ce0b761,Cleaning & Household,Yes,Gourmet & Organic,Difficulty discovering category menu or poor search matching,0
mock_new_26aa6e53f53f,news_articles,Vikram Rao,"Instamart is great for snacks and beverages when friends come over. But I will never buy vegetables or fruits here. Last time I ordered tomatoes, they were rotten and small. I'd rather buy fresh produce from my local vendor or Safal.",,2026-04-17T21:46:49.031322,https://www.mockplatform.com/swiggy/mock_new_26aa6e53f53f,Snacks & Munchies,No,,Fears about quality of fresh produce or meats,0
mock_com_f858fbc0985c,community_forums,Vikram Joshi,"Instamart is my go-to for fruits and vegetables. I want to try ordering fresh chicken and fish from them, but I'm hesitant about how they package it. If they guarantee insulated packaging and Licious-like hygiene, I am willing to switch entirely. Placed order from Bangalore.",,2026-05-22T21:46:49.031328,https://www.mockplatform.com/swiggy/mock_com_f858fbc0985c,Fruits & Vegetables,Yes,Meat & Fish,Fears about quality of fresh produce or meats,0
mock_quo_c9260179a7aa,quora,Amit Joshi,"Why is the baby care section on Swiggy Instamart always empty? Whenever I want to order M size Pampers diapers, they are out of stock. I've stopped checking. I buy groceries here but order all my baby needs from FirstCry now.",,2026-04-16T21:46:49.031334,https://www.mockplatform.com/swiggy/mock_quo_c9260179a7aa,"Dairy, Bread & Eggs",No,,"Prefers specialized apps (FirstCry, Nykaa, Heads Up For Tails)",0
mock_app_ec607012ac0c,app_store,Vikram Mehta,"Instamart is great for snacks and beverages when friends come over. But I will never buy vegetables or fruits here. Last time I ordered tomatoes, they were rotten and small. I'd rather buy fresh produce from my local vendor or Safal.",2,2026-04-19T21:46:49.031340,https://www.mockplatform.com/swiggy/mock_app_ec607012ac0c,Snacks & Munchies,No,,Fears about quality of fresh produce or meats,0
mock_you_dbdd6b128cb5,youtube,Vikram Bose,"Instamart is my go-to for fruits and vegetables. I want to try ordering fresh chicken and fish from them, but I'm hesitant about how they package it. If they guarantee insulated packaging and Licious-like hygiene, I am willing to switch entirely. Delivery boy was polite.",,2026-05-29T21:46:49.031347,https://www.mockplatform.com/swiggy/mock_you_dbdd6b128cb5,Fruits & Vegetables,Yes,Meat & Fish,Fears about quality of fresh produce or meats,0
mock_quo_7e01aee452d6,quora,Neha Sharma,I buy daily groceries. I saw some deals on personal care items like face wash and soaps on Instamart. I'm not sure if the quality is authentic or if they are near expiry. I might try if they show the expiry date on the product page.,,2026-05-31T21:46:49.031354,https://www.mockplatform.com/swiggy/mock_quo_7e01aee452d6,"Dairy, Bread & Eggs",Undecided,Personal Care,Difficulty discovering category menu or poor search matching,0
mock_pub_229eca90ab24,public_blogs,Karan Malhotra,I buy daily groceries. I saw some deals on personal care items like face wash and soaps on Instamart. I'm not sure if the quality is authentic or if they are near expiry. I might try if they show the expiry date on the product page. Strongly recommend this app.,,2026-07-04T21:46:49.031362,https://www.mockplatform.com/swiggy/mock_pub_229eca90ab24,"Dairy, Bread & Eggs",Undecided,Personal Care,Difficulty discovering category menu or poor search matching,0
mock_you_d6c336d044dc,youtube,Anjali Mehta,"I order milk, bread, and eggs from Swiggy Instamart every single morning. It's fast and reliable. But I never buy personal care items or home cleaning liquids here. They are far cheaper at DMart, and Instamart prices have a high premium. I strictly use it for daily groceries.",,2026-06-18T21:46:49.031368,https://www.mockplatform.com/swiggy/mock_you_d6c336d044dc,"Dairy, Bread & Eggs",No,,Pricing is higher compared to local supermarkets (DMart),0
mock_new_7c13437422d2,news_articles,Anjali Rao,"Instamart is my go-to for fruits and vegetables. I want to try ordering fresh chicken and fish from them, but I'm hesitant about how they package it. If they guarantee insulated packaging and Licious-like hygiene, I am willing to switch entirely. Delivery boy was polite.",,2026-04-14T21:46:49.031374,https://www.mockplatform.com/swiggy/mock_new_7c13437422d2,Fruits & Vegetables,Yes,Meat & Fish,Fears about quality of fresh produce or meats,0
mock_you_13af51028197,youtube,Karan Gupta,"I buy my regular household cleaning items and snacks from Instamart. I saw they launched a gourmet and organic section recently. I'm really interested in trying organic seeds and olive oil, but the app search didn't show them properly. Will try if they recommend them on my cart page. It's getting better day by day.",,2026-03-07T21:46:49.031380,https://www.mockplatform.com/swiggy/mock_you_13af51028197,Cleaning & Household,Yes,Gourmet & Organic,Difficulty discovering category menu or poor search matching,0
mock_pro_05a4fc845457,product_hunt,Sneha Nair,"Instamart is my go-to for fruits and vegetables. I want to try ordering fresh chicken and fish from them, but I'm hesitant about how they package it. If they guarantee insulated packaging and Licious-like hygiene, I am willing to switch entirely.",,2026-03-15T21:46:49.031388,https://www.mockplatform.com/swiggy/mock_pro_05a4fc845457,Fruits & Vegetables,Yes,Meat & Fish,Fears about quality of fresh produce or meats,0
mock_new_3b0a6305c0ec,news_articles,Neha Mehta,"Swiggy One membership gives me free delivery on Instamart. But the free delivery only applies if my order is above 199. If I just want to buy a single baby bottle cleaner, I have to add random items to hit the threshold. I'm undecided if I should buy these categories here or just walk to the pharmacy.",,2026-03-14T21:46:49.031393,https://www.mockplatform.com/swiggy/mock_new_3b0a6305c0ec,Snacks & Munchies,Undecided,"Baby Care, Cleaning & Household",Loyalty/Instamart Pass discounts do not apply to other categories,0
mock_pro_4ae292543487,product_hunt,Anjali Verma,"Usually only buy bread and curd. But I noticed a pet care section in the menu. I would love to order wet dog food and treats for my labrador from Instamart since it saves me a trip. However, they only have 1-2 local brands. If they stock Pedigree or Royal Canin, I will buy every month.",,2026-05-29T21:46:49.031400,https://www.mockplatform.com/swiggy/mock_pro_4ae292543487,"Dairy, Bread & Eggs",Yes,Pet Care,Prefers specialized apps (Heads Up For Tails),0
mock_red_559b20f1dd85,reddit,u/deepa_malhotra,"Why is the baby care section on Swiggy Instamart always empty? Whenever I want to order M size Pampers diapers, they are out of stock. I've stopped checking. I buy groceries here but order all my baby needs from FirstCry now. Swiggy support is helpful though.",,2026-06-12T21:46:49.031407,https://www.mockplatform.com/swiggy/mock_red_559b20f1dd85,"Dairy, Bread & Eggs",No,,"Prefers specialized apps (FirstCry, Nykaa, Heads Up For Tails)",0
mock_pro_50de6c854c94,product_hunt,Anjali Joshi,"Swiggy One membership gives me free delivery on Instamart. But the free delivery only applies if my order is above 199. If I just want to buy a single baby bottle cleaner, I have to add random items to hit the threshold. I'm undecided if I should buy these categories here or just walk to the pharmacy.",,2026-07-26T21:46:49.031416,https://www.mockplatform.com/swiggy/mock_pro_50de6c854c94,Snacks & Munchies,Undecided,"Baby Care, Cleaning & Household",Loyalty/Instamart Pass discounts do not apply to other categories,0
mock_app_1d0be31b9c15,app_store,Arjun Joshi,I buy daily groceries. I saw some deals on personal care items like face wash and soaps on Instamart. I'm not sure if the quality is authentic or if they are near expiry. I might try if they show the expiry date on the product page.,1,2026-07-11T21:46:49.031424,https://www.mockplatform.com/swiggy/mock_app_1d0be31b9c15,"Dairy, Bread & Eggs",Undecided,Personal Care,Difficulty discovering category menu or poor search matching,0
mock_red_58a2a6d5f2ec,reddit,u/neha_joshi,"I buy almost everything on Instamart. Yesterday, I ordered a kitchen knife and a charging cable under Home Essentials, and it came in 9 minutes! Amazing. I'd love to buy my personal care cosmetics (shampoo, face wash) here too, but they don't have premium brands like Cetaphil or Minimalist. Please add them!",,2026-06-27T21:46:49.031431,https://www.mockplatform.com/swiggy/mock_red_58a2a6d5f2ec,Kitchen & Home Essentials,Yes,Personal Care,"Prefers specialized apps (FirstCry, Nykaa, Heads Up For Tails)",0
mock_you_275660c670c6,youtube,Rohan Gupta,"Instamart is my go-to for fruits and vegetables. I want to try ordering fresh chicken and fish from them, but I'm hesitant about how they package it. If they guarantee insulated packaging and Licious-like hygiene, I am willing to switch entirely.",,2026-07-12T21:46:49.031438,https://www.mockplatform.com/swiggy/mock_you_275660c670c6,Fruits & Vegetables,Yes,Meat & Fish,Fears about quality of fresh produce or meats,0
mock_you_927144a553dc,youtube,Vikram Joshi,"Why is the baby care section on Swiggy Instamart always empty? Whenever I want to order M size Pampers diapers, they are out of stock. I've stopped checking. I buy groceries here but order all my baby needs from FirstCry now.",,2026-04-13T21:46:49.031446,https://www.mockplatform.com/swiggy/mock_you_927144a553dc,"Dairy, Bread & Eggs",No,,"Prefers specialized apps (FirstCry, Nykaa, Heads Up For Tails)",0
mock_pub_a9313237d1a1,public_blogs,Vikram Nair,"I buy my regular household cleaning items and snacks from Instamart. I saw they launched a gourmet and organic section recently. I'm really interested in trying organic seeds and olive oil, but the app search didn't show them properly. Will try if they recommend them on my cart page.",,2026-06-03T21:46:49.031453,https://www.mockplatform.com/swiggy/mock_pub_a9313237d1a1,Cleaning & Household,Yes,Gourmet & Organic,Difficulty discovering category menu or poor search matching,0
mock_red_810d3a988345,reddit,u/deepa_sen,"Instamart is great for snacks and beverages when friends come over. But I will never buy vegetables or fruits here. Last time I ordered tomatoes, they were rotten and small. I'd rather buy fresh produce from my local vendor or Safal.",,2026-02-27T21:46:49.031459,https://www.mockplatform.com/swiggy/mock_red_810d3a988345,Snacks & Munchies,No,,Fears about quality of fresh produce or meats,0
mock_you_46366308740d,youtube,Rohan Gupta,"Instamart is my go-to for fruits and vegetables. I want to try ordering fresh chicken and fish from them, but I'm hesitant about how they package it. If they guarantee insulated packaging and Licious-like hygiene, I am willing to switch entirely.",,2026-06-23T21:46:49.031465,https://www.mockplatform.com/swiggy/mock_you_46366308740d,Fruits & Vegetables,Yes,Meat & Fish,Fears about quality of fresh produce or meats,0
mock_new_b7e0ad403cf3,news_articles,Anjali Singh,"Instamart is great for snacks and beverages when friends come over. But I will never buy vegetables or fruits here. Last time I ordered tomatoes, they were rotten and small. I'd rather buy fresh produce from my local vendor or Safal. Hope they resolve this soon.",,2026-07-04T21:46:49.031484,https://www.mockplatform.com/swiggy/mock_new_b7e0ad403cf3,Snacks & Munchies,No,,Fears about quality of fresh produce or meats,0
mock_red_773c953f45e3,reddit,u/neha_gupta,"Swiggy One membership gives me free delivery on Instamart. But the free delivery only applies if my order is above 199. If I just want to buy a single baby bottle cleaner, I have to add random items to hit the threshold. I'm undecided if I should buy these categories here or just walk to the pharmacy. Swiggy support is helpful though.",,2026-05-15T21:46:49.031492,https://www.mockplatform.com/swiggy/mock_red_773c953f45e3,Snacks & Munchies,Undecided,"Baby Care, Cleaning & Household",Loyalty/Instamart Pass discounts do not apply to other categories,0
mock_pla_dfba0fc4b019,play_store,Anjali Joshi,"Why is the baby care section on Swiggy Instamart always empty? Whenever I want to order M size Pampers diapers, they are out of stock. I've stopped checking. I buy groceries here but order all my baby needs from FirstCry now.",1,2026-05-06T21:46:49.031502,https://www.mockplatform.com/swiggy/mock_pla_dfba0fc4b019,"Dairy, Bread & Eggs",No,,"Prefers specialized apps (FirstCry, Nykaa, Heads Up For Tails)",0
mock_pub_97cbea7c2eaa,public_blogs,Deepa Singh,"Instamart is great for snacks and beverages when friends come over. But I will never buy vegetables or fruits here. Last time I ordered tomatoes, they were rotten and small. I'd rather buy fresh produce from my local vendor or Safal. Placed order from Bangalore.",,2026-05-12T21:46:49.031509,https://www.mockplatform.com/swiggy/mock_pub_97cbea7c2eaa,Snacks & Munchies,No,,Fears about quality of fresh produce or meats,0
mock_you_8fddf523442a,youtube,Karan Rao,"Usually only buy bread and curd. But I noticed a pet care section in the menu. I would love to order wet dog food and treats for my labrador from Instamart since it saves me a trip. However, they only have 1-2 local brands. If they stock Pedigree or Royal Canin, I will buy every month. Placed order from Bangalore.",,2026-03-01T21:46:49.031520,https://www.mockplatform.com/swiggy/mock_you_8fddf523442a,"Dairy, Bread & Eggs",Yes,Pet Care,Prefers specialized apps (Heads Up For Tails),0
mock_app_0f5c31ce1c84,app_store,Sneha Singh,I use Swiggy Instamart for urgent snacks or beverages. But the checkout page adds so many fees! Handling fee + delivery charge + surge fee. It doesn't make sense to add a single bottle of handwash because the fees double the price. I'll stick to my local store. Strongly recommend this app.,2,2026-03-17T21:46:49.031529,https://www.mockplatform.com/swiggy/mock_app_0f5c31ce1c84,Beverages,No,,High delivery/surge fees on small value items,0
mock_app_5c66d7f52054,app_store,Vikram Sen,"Usually only buy bread and curd. But I noticed a pet care section in the menu. I would love to order wet dog food and treats for my labrador from Instamart since it saves me a trip. However, they only have 1-2 local brands. If they stock Pedigree or Royal Canin, I will buy every month. Hope they resolve this soon.",5,2026-05-19T21:46:49.031535,https://www.mockplatform.com/swiggy/mock_app_5c66d7f52054,"Dairy, Bread & Eggs",Yes,Pet Care,Prefers specialized apps (Heads Up For Tails),0
mock_pro_33377cb8d69c,product_hunt,Meera Rao,"Instamart is great for snacks and beverages when friends come over. But I will never buy vegetables or fruits here. Last time I ordered tomatoes, they were rotten and small. I'd rather buy fresh produce from my local vendor or Safal. It's getting better day by day.",,2026-03-12T21:46:49.031542,https://www.mockplatform.com/swiggy/mock_pro_33377cb8d69c,Snacks & Munchies,No,,Fears about quality of fresh produce or meats,0
mock_com_afa2adca7b5f,community_forums,Sneha Gupta,"I order milk, bread, and eggs from Swiggy Instamart every single morning. It's fast and reliable. But I never buy personal care items or home cleaning liquids here. They are far cheaper at DMart, and Instamart prices have a high premium. I strictly use it for daily groceries. It's getting better day by day.",,2026-07-12T21:46:49.031548,https://www.mockplatform.com/swiggy/mock_com_afa2adca7b5f,"Dairy, Bread & Eggs",No,,Pricing is higher compared to local supermarkets (DMart),0
mock_app_c210448cb0c4,app_store,Rohan Bose,"I order milk, bread, and eggs from Swiggy Instamart every single morning. It's fast and reliable. But I never buy personal care items or home cleaning liquids here. They are far cheaper at DMart, and Instamart prices have a high premium. I strictly use it for daily groceries. Swiggy support is helpful though.",2,2026-07-08T21:46:49.031556,https://www.mockplatform.com/swiggy/mock_app_c210448cb0c4,"Dairy, Bread & Eggs",No,,Pricing is higher compared to local supermarkets (DMart),0
mock_red_55616d4f0d5b,reddit,u/meera_gupta,"Instamart is my go-to for fruits and vegetables. I want to try ordering fresh chicken and fish from them, but I'm hesitant about how they package it. If they guarantee insulated packaging and Licious-like hygiene, I am willing to switch entirely.",,2026-05-10T21:46:49.031563,https://www.mockplatform.com/swiggy/mock_red_55616d4f0d5b,Fruits & Vegetables,Yes,Meat & Fish,Fears about quality of fresh produce or meats,0
mock_you_1ad709e61ef5,youtube,Deepa Sen,"Swiggy One membership gives me free delivery on Instamart. But the free delivery only applies if my order is above 199. If I just want to buy a single baby bottle cleaner, I have to add random items to hit the threshold. I'm undecided if I should buy these categories here or just walk to the pharmacy.",,2026-07-12T21:46:49.031569,https://www.mockplatform.com/swiggy/mock_you_1ad709e61ef5,Snacks & Munchies,Undecided,"Baby Care, Cleaning & Household",Loyalty/Instamart Pass discounts do not apply to other categories,0
mock_com_a3367d0f78dc,community_forums,Neha Bose,"Why is the baby care section on Swiggy Instamart always empty? Whenever I want to order M size Pampers diapers, they are out of stock. I've stopped checking. I buy groceries here but order all my baby needs from FirstCry now.",,2026-03-14T21:46:49.031577,https://www.mockplatform.com/swiggy/mock_com_a3367d0f78dc,"Dairy, Bread & Eggs",No,,"Prefers specialized apps (FirstCry, Nykaa, Heads Up For Tails)",0
mock_quo_607f6d3952bd,quora,Anjali Sen,"I buy my regular household cleaning items and snacks from Instamart. I saw they launched a gourmet and organic section recently. I'm really interested in trying organic seeds and olive oil, but the app search didn't show them properly. Will try if they recommend them on my cart page. Swiggy support is helpful though.",,2026-05-09T21:46:49.031584,https://www.mockplatform.com/swiggy/mock_quo_607f6d3952bd,Cleaning & Household,Yes,Gourmet & Organic,Difficulty discovering category menu or poor search matching,0
mock_quo_c92600e80dec,quora,Meera Patel,"Instamart is great for snacks and beverages when friends come over. But I will never buy vegetables or fruits here. Last time I ordered tomatoes, they were rotten and small. I'd rather buy fresh produce from my local vendor or Safal.",,2026-05-03T21:46:49.031590,https://www.mockplatform.com/swiggy/mock_quo_c92600e80dec,Snacks & Munchies,No,,Fears about quality of fresh produce or meats,0
mock_pub_c16aa3363b11,public_blogs,Sneha Singh,I buy daily groceries. I saw some deals on personal care items like face wash and soaps on Instamart. I'm not sure if the quality is authentic or if they are near expiry. I might try if they show the expiry date on the product page.,,2026-03-30T21:46:49.031597,https://www.mockplatform.com/swiggy/mock_pub_c16aa3363b11,"Dairy, Bread & Eggs",Undecided,Personal Care,Difficulty discovering category menu or poor search matching,0
mock_red_5e617db31f5c,reddit,u/vikram_nair,"Instamart is my go-to for fruits and vegetables. I want to try ordering fresh chicken and fish from them, but I'm hesitant about how they package it. If they guarantee insulated packaging and Licious-like hygiene, I am willing to switch entirely.",,2026-05-04T21:46:49.031603,https://www.mockplatform.com/swiggy/mock_red_5e617db31f5c,Fruits & Vegetables,Yes,Meat & Fish,Fears about quality of fresh produce or meats,0
mock_app_7617229f3643,app_store,Anjali Verma,I use Swiggy Instamart for urgent snacks or beverages. But the checkout page adds so many fees! Handling fee + delivery charge + surge fee. It doesn't make sense to add a single bottle of handwash because the fees double the price. I'll stick to my local store.,2,2026-07-05T21:46:49.031609,https://www.mockplatform.com/swiggy/mock_app_7617229f3643,Beverages,No,,High delivery/surge fees on small value items,0
mock_new_8ccd4ec6c65b,news_articles,Arjun Joshi,"Usually only buy bread and curd. But I noticed a pet care section in the menu. I would love to order wet dog food and treats for my labrador from Instamart since it saves me a trip. However, they only have 1-2 local brands. If they stock Pedigree or Royal Canin, I will buy every month.",,2026-03-12T21:46:49.031616,https://www.mockplatform.com/swiggy/mock_new_8ccd4ec6c65b,"Dairy, Bread & Eggs",Yes,Pet Care,Prefers specialized apps (Heads Up For Tails),0
mock_app_9591538f60cf,app_store,Karan Malhotra,"I buy my regular household cleaning items and snacks from Instamart. I saw they launched a gourmet and organic section recently. I'm really interested in trying organic seeds and olive oil, but the app search didn't show them properly. Will try if they recommend them on my cart page. Hope they resolve this soon.",1,2026-04-06T21:46:49.031622,https://www.mockplatform.com/swiggy/mock_app_9591538f60cf,Cleaning & Household,Yes,Gourmet & Organic,Difficulty discovering category menu or poor search matching,0
mock_new_355bffd273f1,news_articles,Meera Bose,I buy daily groceries. I saw some deals on personal care items like face wash and soaps on Instamart. I'm not sure if the quality is authentic or if they are near expiry. I might try if they show the expiry date on the product page.,,2026-04-13T21:46:49.031630,https://www.mockplatform.com/swiggy/mock_new_355bffd273f1,"Dairy, Bread & Eggs",Undecided,Personal Care,Difficulty discovering category menu or poor search matching,0
mock_you_8ef43ec464a6,youtube,Priya Mehta,"Swiggy One membership gives me free delivery on Instamart. But the free delivery only applies if my order is above 199. If I just want to buy a single baby bottle cleaner, I have to add random items to hit the threshold. I'm undecided if I should buy these categories here or just walk to the pharmacy.",,2026-06-25T21:46:49.031636,https://www.mockplatform.com/swiggy/mock_you_8ef43ec464a6,Snacks & Munchies,Undecided,"Baby Care, Cleaning & Household",Loyalty/Instamart Pass discounts do not apply to other categories,0
mock_new_0a0326459205,news_articles,Vikram Gupta,"Why is the baby care section on Swiggy Instamart always empty? Whenever I want to order M size Pampers diapers, they are out of stock. I've stopped checking. I buy groceries here but order all my baby needs from FirstCry now.",,2026-06-30T21:46:49.031644,https://www.mockplatform.com/swiggy/mock_new_0a0326459205,"Dairy, Bread & Eggs",No,,"Prefers specialized apps (FirstCry, Nykaa, Heads Up For Tails)",0
mock_com_7f03ab5f5bc3,community_forums,Sneha Verma,"I buy my regular household cleaning items and snacks from Instamart. I saw they launched a gourmet and organic section recently. I'm really interested in trying organic seeds and olive oil, but the app search didn't show them properly. Will try if they recommend them on my cart page. Hope they resolve this soon.",,2026-06-21T21:46:49.031650,https://www.mockplatform.com/swiggy/mock_com_7f03ab5f5bc3,Cleaning & Household,Yes,Gourmet & Organic,Difficulty discovering category menu or poor search matching,0
mock_pro_868387f1ce8c,product_hunt,Rohan Patel,"Instamart is great for snacks and beverages when friends come over. But I will never buy vegetables or fruits here. Last time I ordered tomatoes, they were rotten and small. I'd rather buy fresh produce from my local vendor or Safal.",,2026-06-22T21:46:49.031658,https://www.mockplatform.com/swiggy/mock_pro_868387f1ce8c,Snacks & Munchies,No,,Fears about quality of fresh produce or meats,0
mock_quo_7297d743ac26,quora,Priya Rao,"I order milk, bread, and eggs from Swiggy Instamart every single morning. It's fast and reliable. But I never buy personal care items or home cleaning liquids here. They are far cheaper at DMart, and Instamart prices have a high premium. I strictly use it for daily groceries.",,2026-03-01T21:46:49.031667,https://www.mockplatform.com/swiggy/mock_quo_7297d743ac26,"Dairy, Bread & Eggs",No,,Pricing is higher compared to local supermarkets (DMart),0
mock_pla_7dbe87d9669f,play_store,Sneha Mehta,"Swiggy One membership gives me free delivery on Instamart. But the free delivery only applies if my order is above 199. If I just want to buy a single baby bottle cleaner, I have to add random items to hit the threshold. I'm undecided if I should buy these categories here or just walk to the pharmacy.",3,2026-03-02T21:46:49.031674,https://www.mockplatform.com/swiggy/mock_pla_7dbe87d9669f,Snacks & Munchies,Undecided,"Baby Care, Cleaning & Household",Loyalty/Instamart Pass discounts do not apply to other categories,0
mock_twi_70dac000f02f,twitter,@priya_sen,"I buy my regular household cleaning items and snacks from Instamart. I saw they launched a gourmet and organic section recently. I'm really interested in trying organic seeds and olive oil, but the app search didn't show them properly. Will try if they recommend them on my cart page. Hope they resolve this soon.",,2026-04-22T21:46:49.031680,https://www.mockplatform.com/swiggy/mock_twi_70dac000f02f,Cleaning & Household,Yes,Gourmet & Organic,Difficulty discovering category menu or poor search matching,0
mock_pla_09e0d9f75325,play_store,Arjun Bose,"Swiggy One membership gives me free delivery on Instamart. But the free delivery only applies if my order is above 199. If I just want to buy a single baby bottle cleaner, I have to add random items to hit the threshold. I'm undecided if I should buy these categories here or just walk to the pharmacy. Swiggy support is helpful though.",2,2026-04-29T21:46:49.031687,https://www.mockplatform.com/swiggy/mock_pla_09e0d9f75325,Snacks & Munchies,Undecided,"Baby Care, Cleaning & Household",Loyalty/Instamart Pass discounts do not apply to other categories,0
mock_twi_0e7ea956cb71,twitter,@neha_mehta,"Why is the baby care section on Swiggy Instamart always empty? Whenever I want to order M size Pampers diapers, they are out of stock. I've stopped checking. I buy groceries here but order all my baby needs from FirstCry now. Placed order from Bangalore.",,2026-04-22T21:46:49.031695,https://www.mockplatform.com/swiggy/mock_twi_0e7ea956cb71,"Dairy, Bread & Eggs",No,,"Prefers specialized apps (FirstCry, Nykaa, Heads Up For Tails)",0
mock_app_dac661e0202b,app_store,Arjun Sen,"I order milk, bread, and eggs from Swiggy Instamart every single morning. It's fast and reliable. But I never buy personal care items or home cleaning liquids here. They are far cheaper at DMart, and Instamart prices have a high premium. I strictly use it for daily groceries. Delivery boy was polite.",1,2026-06-25T21:46:49.031702,https://www.mockplatform.com/swiggy/mock_app_dac661e0202b,"Dairy, Bread & Eggs",No,,Pricing is higher compared to local supermarkets (DMart),0
mock_com_6eb00131b7b0,community_forums,Sneha Singh,"Instamart is great for snacks and beverages when friends come over. But I will never buy vegetables or fruits here. Last time I ordered tomatoes, they were rotten and small. I'd rather buy fresh produce from my local vendor or Safal.",,2026-06-08T21:46:49.031711,https://www.mockplatform.com/swiggy/mock_com_6eb00131b7b0,Snacks & Munchies,No,,Fears about quality of fresh produce or meats,0
mock_pla_30fb7a5fc40f,play_store,Anjali Sharma,I buy daily groceries. I saw some deals on personal care items like face wash and soaps on Instamart. I'm not sure if the quality is authentic or if they are near expiry. I might try if they show the expiry date on the product page.,2,2026-07-17T21:46:49.031720,https://www.mockplatform.com/swiggy/mock_pla_30fb7a5fc40f,"Dairy, Bread & Eggs",Undecided,Personal Care,Difficulty discovering category menu or poor search matching,0
mock_pub_d1c783bbcf5f,public_blogs,Priya Verma,I use Swiggy Instamart for urgent snacks or beverages. But the checkout page adds so many fees! Handling fee + delivery charge + surge fee. It doesn't make sense to add a single bottle of handwash because the fees double the price. I'll stick to my local store. Swiggy support is helpful though.,,2026-07-10T21:46:49.031727,https://www.mockplatform.com/swiggy/mock_pub_d1c783bbcf5f,Beverages,No,,High delivery/surge fees on small value items,0
mock_quo_1aa3b3f13ed3,quora,Priya Rao,"Instamart is my go-to for fruits and vegetables. I want to try ordering fresh chicken and fish from them, but I'm hesitant about how they package it. If they guarantee insulated packaging and Licious-like hygiene, I am willing to switch entirely. Delivery boy was polite.",,2026-03-27T21:46:49.031734,https://www.mockplatform.com/swiggy/mock_quo_1aa3b3f13ed3,Fruits & Vegetables,Yes,Meat & Fish,Fears about quality of fresh produce or meats,0
mock_pla_3c26f08f73c9,play_store,Priya Nair,I buy daily groceries. I saw some deals on personal care items like face wash and soaps on Instamart. I'm not sure if the quality is authentic or if they are near expiry. I might try if they show the expiry date on the product page.,1,2026-05-27T21:46:49.031742,https://www.mockplatform.com/swiggy/mock_pla_3c26f08f73c9,"Dairy, Bread & Eggs",Undecided,Personal Care,Difficulty discovering category menu or poor search matching,0
mock_app_15d819167335,app_store,Amit Gupta,"Usually only buy bread and curd. But I noticed a pet care section in the menu. I would love to order wet dog food and treats for my labrador from Instamart since it saves me a trip. However, they only have 1-2 local brands. If they stock Pedigree or Royal Canin, I will buy every month. Instamart is saving me so much time.",5,2026-04-09T21:46:49.031749,https://www.mockplatform.com/swiggy/mock_app_15d819167335,"Dairy, Bread & Eggs",Yes,Pet Care,Prefers specialized apps (Heads Up For Tails),0
mock_you_5c3b0e291ae8,youtube,Deepa Singh,"Why is the baby care section on Swiggy Instamart always empty? Whenever I want to order M size Pampers diapers, they are out of stock. I've stopped checking. I buy groceries here but order all my baby needs from FirstCry now. It's getting better day by day.",,2026-05-03T21:46:49.031757,https://www.mockplatform.com/swiggy/mock_you_5c3b0e291ae8,"Dairy, Bread & Eggs",No,,"Prefers specialized apps (FirstCry, Nykaa, Heads Up For Tails)",0
mock_pla_f595d40d75af,play_store,Sneha Gupta,I use Swiggy Instamart for urgent snacks or beverages. But the checkout page adds so many fees! Handling fee + delivery charge + surge fee. It doesn't make sense to add a single bottle of handwash because the fees double the price. I'll stick to my local store.,1,2026-07-16T21:46:49.031765,https://www.mockplatform.com/swiggy/mock_pla_f595d40d75af,Beverages,No,,High delivery/surge fees on small value items,0
mock_quo_6e3917a96d0a,quora,Anjali Verma,"Swiggy One membership gives me free delivery on Instamart. But the free delivery only applies if my order is above 199. If I just want to buy a single baby bottle cleaner, I have to add random items to hit the threshold. I'm undecided if I should buy these categories here or just walk to the pharmacy. Delivery boy was polite.",,2026-03-30T21:46:49.031771,https://www.mockplatform.com/swiggy/mock_quo_6e3917a96d0a,Snacks & Munchies,Undecided,"Baby Care, Cleaning & Household",Loyalty/Instamart Pass discounts do not apply to other categories,0
mock_app_7f3eb4ea85c4,app_store,Karan Malhotra,"Instamart is great for snacks and beverages when friends come over. But I will never buy vegetables or fruits here. Last time I ordered tomatoes, they were rotten and small. I'd rather buy fresh produce from my local vendor or Safal.",1,2026-07-06T21:46:49.031778,https://www.mockplatform.com/swiggy/mock_app_7f3eb4ea85c4,Snacks & Munchies,No,,Fears about quality of fresh produce or meats,0
mock_pla_c82297c65515,play_store,Amit Sen,I buy daily groceries. I saw some deals on personal care items like face wash and soaps on Instamart. I'm not sure if the quality is authentic or if they are near expiry. I might try if they show the expiry date on the product page.,2,2026-05-17T21:46:49.031788,https://www.mockplatform.com/swiggy/mock_pla_c82297c65515,"Dairy, Bread & Eggs",Undecided,Personal Care,Difficulty discovering category menu or poor search matching,0
mock_pub_01e3cd370c2b,public_blogs,Arjun Singh,"I order milk, bread, and eggs from Swiggy Instamart every single morning. It's fast and reliable. But I never buy personal care items or home cleaning liquids here. They are far cheaper at DMart, and Instamart prices have a high premium. I strictly use it for daily groceries.",,2026-03-18T21:46:49.031797,https://www.mockplatform.com/swiggy/mock_pub_01e3cd370c2b,"Dairy, Bread & Eggs",No,,Pricing is higher compared to local supermarkets (DMart),0
mock_pub_709ac7a29972,public_blogs,Arjun Mehta,"Swiggy One membership gives me free delivery on Instamart. But the free delivery only applies if my order is above 199. If I just want to buy a single baby bottle cleaner, I have to add random items to hit the threshold. I'm undecided if I should buy these categories here or just walk to the pharmacy.",,2026-03-19T21:46:49.031806,https://www.mockplatform.com/swiggy/mock_pub_709ac7a29972,Snacks & Munchies,Undecided,"Baby Care, Cleaning & Household",Loyalty/Instamart Pass discounts do not apply to other categories,0
mock_twi_8adaf5368479,twitter,@vikram_malhotra,I buy daily groceries. I saw some deals on personal care items like face wash and soaps on Instamart. I'm not sure if the quality is authentic or if they are near expiry. I might try if they show the expiry date on the product page.,,2026-05-16T21:46:49.031813,https://www.mockplatform.com/swiggy/mock_twi_8adaf5368479,"Dairy, Bread & Eggs",Undecided,Personal Care,Difficulty discovering category menu or poor search matching,0
mock_red_1fdec99b4781,reddit,u/meera_malhotra,I use Swiggy Instamart for urgent snacks or beverages. But the checkout page adds so many fees! Handling fee + delivery charge + surge fee. It doesn't make sense to add a single bottle of handwash because the fees double the price. I'll stick to my local store. Placed order from Bangalore.,,2026-06-18T21:46:49.031821,https://www.mockplatform.com/swiggy/mock_red_1fdec99b4781,Beverages,No,,High delivery/surge fees on small value items,0
mock_you_a427646fe3c1,youtube,Anjali Joshi,"Why is the baby care section on Swiggy Instamart always empty? Whenever I want to order M size Pampers diapers, they are out of stock. I've stopped checking. I buy groceries here but order all my baby needs from FirstCry now.",,2026-07-26T21:46:49.031828,https://www.mockplatform.com/swiggy/mock_you_a427646fe3c1,"Dairy, Bread & Eggs",No,,"Prefers specialized apps (FirstCry, Nykaa, Heads Up For Tails)",0
mock_com_f7163c3a494b,community_forums,Meera Patel,I buy daily groceries. I saw some deals on personal care items like face wash and soaps on Instamart. I'm not sure if the quality is authentic or if they are near expiry. I might try if they show the expiry date on the product page.,,2026-04-03T21:46:49.031834,https://www.mockplatform.com/swiggy/mock_com_f7163c3a494b,"Dairy, Bread & Eggs",Undecided,Personal Care,Difficulty discovering category menu or poor search matching,0
mock_com_c0ba2470ea7f,community_forums,Deepa Malhotra,"Instamart is great for snacks and beverages when friends come over. But I will never buy vegetables or fruits here. Last time I ordered tomatoes, they were rotten and small. I'd rather buy fresh produce from my local vendor or Safal. Hope they resolve this soon.",,2026-03-25T21:46:49.031840,https://www.mockplatform.com/swiggy/mock_com_c0ba2470ea7f,Snacks & Munchies,No,,Fears about quality of fresh produce or meats,0
mock_com_52189594bfba,community_forums,Rahul Rao,"Usually only buy bread and curd. But I noticed a pet care section in the menu. I would love to order wet dog food and treats for my labrador from Instamart since it saves me a trip. However, they only have 1-2 local brands. If they stock Pedigree or Royal Canin, I will buy every month. Instamart is saving me so much time.",,2026-03-09T21:46:49.031847,https://www.mockplatform.com/swiggy/mock_com_52189594bfba,"Dairy, Bread & Eggs",Yes,Pet Care,Prefers specialized apps (Heads Up For Tails),0
mock_pub_1146a48c7bd2,public_blogs,Sneha Joshi,"I buy almost everything on Instamart. Yesterday, I ordered a kitchen knife and a charging cable under Home Essentials, and it came in 9 minutes! Amazing. I'd love to buy my personal care cosmetics (shampoo, face wash) here too, but they don't have premium brands like Cetaphil or Minimalist. Please add them!",,2026-06-20T21:46:49.031854,https://www.mockplatform.com/swiggy/mock_pub_1146a48c7bd2,Kitchen & Home Essentials,Yes,Personal Care,"Prefers specialized apps (FirstCry, Nykaa, Heads Up For Tails)",0
mock_red_6b16ba66d488,reddit,u/arjun_patel,"Swiggy One membership gives me free delivery on Instamart. But the free delivery only applies if my order is above 199. If I just want to buy a single baby bottle cleaner, I have to add random items to hit the threshold. I'm undecided if I should buy these categories here or just walk to the pharmacy. Strongly recommend this app.",,2026-06-19T21:46:49.031860,https://www.mockplatform.com/swiggy/mock_red_6b16ba66d488,Snacks & Munchies,Undecided,"Baby Care, Cleaning & Household",Loyalty/Instamart Pass discounts do not apply to other categories,0
mock_new_e8002d5ac6d7,news_articles,Amit Malhotra,"Instamart is my go-to for fruits and vegetables. I want to try ordering fresh chicken and fish from them, but I'm hesitant about how they package it. If they guarantee insulated packaging and Licious-like hygiene, I am willing to switch entirely. It's getting better day by day.",,2026-06-11T21:46:49.031871,https://www.mockplatform.com/swiggy/mock_new_e8002d5ac6d7,Fruits & Vegetables,Yes,Meat & Fish,Fears about quality of fresh produce or meats,0
mock_pro_9bde276ae652,product_hunt,Sneha Joshi,"I buy almost everything on Instamart. Yesterday, I ordered a kitchen knife and a charging cable under Home Essentials, and it came in 9 minutes! Amazing. I'd love to buy my personal care cosmetics (shampoo, face wash) here too, but they don't have premium brands like Cetaphil or Minimalist. Please add them! Delivery boy was polite.",,2026-04-06T21:46:49.031879,https://www.mockplatform.com/swiggy/mock_pro_9bde276ae652,Kitchen & Home Essentials,Yes,Personal Care,"Prefers specialized apps (FirstCry, Nykaa, Heads Up For Tails)",0
mock_red_f1bcc0653b43,reddit,u/deepa_nair,"Instamart is great for snacks and beverages when friends come over. But I will never buy vegetables or fruits here. Last time I ordered tomatoes, they were rotten and small. I'd rather buy fresh produce from my local vendor or Safal.",,2026-03-22T21:46:49.031885,https://www.mockplatform.com/swiggy/mock_red_f1bcc0653b43,Snacks & Munchies,No,,Fears about quality of fresh produce or meats,0
mock_red_74d07912c7f5,reddit,u/priya_rao,"Why is the baby care section on Swiggy Instamart always empty? Whenever I want to order M size Pampers diapers, they are out of stock. I've stopped checking. I buy groceries here but order all my baby needs from FirstCry now.",,2026-06-28T21:46:49.031892,https://www.mockplatform.com/swiggy/mock_red_74d07912c7f5,"Dairy, Bread & Eggs",No,,"Prefers specialized apps (FirstCry, Nykaa, Heads Up For Tails)",0
mock_twi_f8257699096f,twitter,@meera_sen,"Instamart is great for snacks and beverages when friends come over. But I will never buy vegetables or fruits here. Last time I ordered tomatoes, they were rotten and small. I'd rather buy fresh produce from my local vendor or Safal. Delivery boy was polite.",,2026-05-21T21:46:49.031899,https://www.mockplatform.com/swiggy/mock_twi_f8257699096f,Snacks & Munchies,No,,Fears about quality of fresh produce or meats,0
mock_you_e4b9e35bb356,youtube,Sneha Malhotra,"Swiggy One membership gives me free delivery on Instamart. But the free delivery only applies if my order is above 199. If I just want to buy a single baby bottle cleaner, I have to add random items to hit the threshold. I'm undecided if I should buy these categories here or just walk to the pharmacy.",,2026-02-28T21:46:49.031909,https://www.mockplatform.com/swiggy/mock_you_e4b9e35bb356,Snacks & Munchies,Undecided,"Baby Care, Cleaning & Household",Loyalty/Instamart Pass discounts do not apply to other categories,0
mock_you_952bfd4f9ad4,youtube,Arjun Rao,"I buy almost everything on Instamart. Yesterday, I ordered a kitchen knife and a charging cable under Home Essentials, and it came in 9 minutes! Amazing. I'd love to buy my personal care cosmetics (shampoo, face wash) here too, but they don't have premium brands like Cetaphil or Minimalist. Please add them! Strongly recommend this app.",,2026-05-25T21:46:49.031916,https://www.mockplatform.com/swiggy/mock_you_952bfd4f9ad4,Kitchen & Home Essentials,Yes,Personal Care,"Prefers specialized apps (FirstCry, Nykaa, Heads Up For Tails)",0
mock_you_f1838a442fe8,youtube,Sneha Verma,"Swiggy One membership gives me free delivery on Instamart. But the free delivery only applies if my order is above 199. If I just want to buy a single baby bottle cleaner, I have to add random items to hit the threshold. I'm undecided if I should buy these categories here or just walk to the pharmacy. It's getting better day by day.",,2026-03-24T21:46:49.031922,https://www.mockplatform.com/swiggy/mock_you_f1838a442fe8,Snacks & Munchies,Undecided,"Baby Care, Cleaning & Household",Loyalty/Instamart Pass discounts do not apply to other categories,0
mock_red_fd2389dfe516,reddit,u/vikram_mehta,"Instamart is great for snacks and beverages when friends come over. But I will never buy vegetables or fruits here. Last time I ordered tomatoes, they were rotten and small. I'd rather buy fresh produce from my local vendor or Safal.",,2026-06-13T21:46:49.031932,https://www.mockplatform.com/swiggy/mock_red_fd2389dfe516,Snacks & Munchies,No,,Fears about quality of fresh produce or meats,0
mock_pub_c913c281b009,public_blogs,Karan Malhotra,"Instamart is great for snacks and beverages when friends come over. But I will never buy vegetables or fruits here. Last time I ordered tomatoes, they were rotten and small. I'd rather buy fresh produce from my local vendor or Safal. Placed order from Bangalore.",,2026-05-14T21:46:49.031939,https://www.mockplatform.com/swiggy/mock_pub_c913c281b009,Snacks & Munchies,No,,Fears about quality of fresh produce or meats,0
mock_pro_d8d22b96702c,product_hunt,Deepa Nair,"I buy almost everything on Instamart. Yesterday, I ordered a kitchen knife and a charging cable under Home Essentials, and it came in 9 minutes! Amazing. I'd love to buy my personal care cosmetics (shampoo, face wash) here too, but they don't have premium brands like Cetaphil or Minimalist. Please add them! Strongly recommend this app.",,2026-07-05T21:46:49.031947,https://www.mockplatform.com/swiggy/mock_pro_d8d22b96702c,Kitchen & Home Essentials,Yes,Personal Care,"Prefers specialized apps (FirstCry, Nykaa, Heads Up For Tails)",0
mock_com_5afacd98e04d,community_forums,Rahul Singh,"I order milk, bread, and eggs from Swiggy Instamart every single morning. It's fast and reliable. But I never buy personal care items or home cleaning liquids here. They are far cheaper at DMart, and Instamart prices have a high premium. I strictly use it for daily groceries.",,2026-05-14T21:46:49.031954,https://www.mockplatform.com/swiggy/mock_com_5afacd98e04d,"Dairy, Bread & Eggs",No,,Pricing is higher compared to local supermarkets (DMart),0
mock_pla_b947f10f00c7,play_store,Rohan Singh,"I buy my regular household cleaning items and snacks from Instamart. I saw they launched a gourmet and organic section recently. I'm really interested in trying organic seeds and olive oil, but the app search didn't show them properly. Will try if they recommend them on my cart page.",4,2026-07-21T21:46:49.031960,https://www.mockplatform.com/swiggy/mock_pla_b947f10f00c7,Cleaning & Household,Yes,Gourmet & Organic,Difficulty discovering category menu or poor search matching,0
mock_pro_3af15bc4604a,product_hunt,Karan Mehta,I buy daily groceries. I saw some deals on personal care items like face wash and soaps on Instamart. I'm not sure if the quality is authentic or if they are near expiry. I might try if they show the expiry date on the product page.,,2026-04-28T21:46:49.031966,https://www.mockplatform.com/swiggy/mock_pro_3af15bc4604a,"Dairy, Bread & Eggs",Undecided,Personal Care,Difficulty discovering category menu or poor search matching,0
mock_app_6dfa2c947bc0,app_store,Amit Sen,"I buy almost everything on Instamart. Yesterday, I ordered a kitchen knife and a charging cable under Home Essentials, and it came in 9 minutes! Amazing. I'd love to buy my personal care cosmetics (shampoo, face wash) here too, but they don't have premium brands like Cetaphil or Minimalist. Please add them! Instamart is saving me so much time.",4,2026-06-13T21:46:49.031973,https://www.mockplatform.com/swiggy/mock_app_6dfa2c947bc0,Kitchen & Home Essentials,Yes,Personal Care,"Prefers specialized apps (FirstCry, Nykaa, Heads Up For Tails)",0
mock_pla_73d34002a8cd,play_store,Anjali Verma,"Instamart is great for snacks and beverages when friends come over. But I will never buy vegetables or fruits here. Last time I ordered tomatoes, they were rotten and small. I'd rather buy fresh produce from my local vendor or Safal.",2,2026-03-06T21:46:49.031982,https://www.mockplatform.com/swiggy/mock_pla_73d34002a8cd,Snacks & Munchies,No,,Fears about quality of fresh produce or meats,0
mock_com_563345f368a8,community_forums,Anjali Singh,"I buy almost everything on Instamart. Yesterday, I ordered a kitchen knife and a charging cable under Home Essentials, and it came in 9 minutes! Amazing. I'd love to buy my personal care cosmetics (shampoo, face wash) here too, but they don't have premium brands like Cetaphil or Minimalist. Please add them!",,2026-06-20T21:46:49.031990,https://www.mockplatform.com/swiggy/mock_com_563345f368a8,Kitchen & Home Essentials,Yes,Personal Care,"Prefers specialized apps (FirstCry, Nykaa, Heads Up For Tails)",0
mock_quo_95a2c8b241af,quora,Neha Joshi,I use Swiggy Instamart for urgent snacks or beverages. But the checkout page adds so many fees! Handling fee + delivery charge + surge fee. It doesn't make sense to add a single bottle of handwash because the fees double the price. I'll stick to my local store. Hope they resolve this soon.,,2026-05-22T21:46:49.031996,https://www.mockplatform.com/swiggy/mock_quo_95a2c8b241af,Beverages,No,,High delivery/surge fees on small value items,0
mock_pro_894886d64a95,product_hunt,Neha Patel,"Swiggy One membership gives me free delivery on Instamart. But the free delivery only applies if my order is above 199. If I just want to buy a single baby bottle cleaner, I have to add random items to hit the threshold. I'm undecided if I should buy these categories here or just walk to the pharmacy.",,2026-03-29T21:46:49.032003,https://www.mockplatform.com/swiggy/mock_pro_894886d64a95,Snacks & Munchies,Undecided,"Baby Care, Cleaning & Household",Loyalty/Instamart Pass discounts do not apply to other categories,0
mock_twi_e34641867381,twitter,@meera_sharma,"I buy my regular household cleaning items and snacks from Instamart. I saw they launched a gourmet and organic section recently. I'm really interested in trying organic seeds and olive oil, but the app search didn't show them properly. Will try if they recommend them on my cart page.",,2026-05-30T21:46:49.032013,https://www.mockplatform.com/swiggy/mock_twi_e34641867381,Cleaning & Household,Yes,Gourmet & Organic,Difficulty discovering category menu or poor search matching,0
mock_pub_af904ed2d291,public_blogs,Rohan Rao,I buy daily groceries. I saw some deals on personal care items like face wash and soaps on Instamart. I'm not sure if the quality is authentic or if they are near expiry. I might try if they show the expiry date on the product page. Delivery boy was polite.,,2026-05-05T21:46:49.032034,https://www.mockplatform.com/swiggy/mock_pub_af904ed2d291,"Dairy, Bread & Eggs",Undecided,Personal Care,Difficulty discovering category menu or poor search matching,0
mock_you_3a1712300fd5,youtube,Rohan Malhotra,"Swiggy One membership gives me free delivery on Instamart. But the free delivery only applies if my order is above 199. If I just want to buy a single baby bottle cleaner, I have to add random items to hit the threshold. I'm undecided if I should buy these categories here or just walk to the pharmacy.",,2026-05-17T21:46:49.032045,https://www.mockplatform.com/swiggy/mock_you_3a1712300fd5,Snacks & Munchies,Undecided,"Baby Care, Cleaning & Household",Loyalty/Instamart Pass discounts do not apply to other categories,0
mock_red_85a03b206318,reddit,u/vikram_mehta,"Usually only buy bread and curd. But I noticed a pet care section in the menu. I would love to order wet dog food and treats for my labrador from Instamart since it saves me a trip. However, they only have 1-2 local brands. If they stock Pedigree or Royal Canin, I will buy every month. Swiggy support is helpful though.",,2026-07-24T21:46:49.032052,https://www.mockplatform.com/swiggy/mock_red_85a03b206318,"Dairy, Bread & Eggs",Yes,Pet Care,Prefers specialized apps (Heads Up For Tails),0
mock_new_86a76a2e3912,news_articles,Priya Joshi,"Why is the baby care section on Swiggy Instamart always empty? Whenever I want to order M size Pampers diapers, they are out of stock. I've stopped checking. I buy groceries here but order all my baby needs from FirstCry now. Instamart is saving me so much time.",,2026-03-06T21:46:49.032059,https://www.mockplatform.com/swiggy/mock_new_86a76a2e3912,"Dairy, Bread & Eggs",No,,"Prefers specialized apps (FirstCry, Nykaa, Heads Up For Tails)",0
mock_app_2c8cff7f00e9,app_store,Anjali Patel,"Instamart is great for snacks and beverages when friends come over. But I will never buy vegetables or fruits here. Last time I ordered tomatoes, they were rotten and small. I'd rather buy fresh produce from my local vendor or Safal. It's getting better day by day.",3,2026-07-01T21:46:49.032072,https://www.mockplatform.com/swiggy/mock_app_2c8cff7f00e9,Snacks & Munchies,No,,Fears about quality of fresh produce or meats,0
mock_quo_835c776d4481,quora,Sneha Gupta,"I order milk, bread, and eggs from Swiggy Instamart every single morning. It's fast and reliable. But I never buy personal care items or home cleaning liquids here. They are far cheaper at DMart, and Instamart prices have a high premium. I strictly use it for daily groceries.",,2026-05-28T21:46:49.032080,https://www.mockplatform.com/swiggy/mock_quo_835c776d4481,"Dairy, Bread & Eggs",No,,Pricing is higher compared to local supermarkets (DMart),0
mock_pub_e9cb031d1256,public_blogs,Deepa Bose,I buy daily groceries. I saw some deals on personal care items like face wash and soaps on Instamart. I'm not sure if the quality is authentic or if they are near expiry. I might try if they show the expiry date on the product page.,,2026-07-21T21:46:49.032086,https://www.mockplatform.com/swiggy/mock_pub_e9cb031d1256,"Dairy, Bread & Eggs",Undecided,Personal Care,Difficulty discovering category menu or poor search matching,0
mock_you_4615cdde24d4,youtube,Rohan Sen,I use Swiggy Instamart for urgent snacks or beverages. But the checkout page adds so many fees! Handling fee + delivery charge + surge fee. It doesn't make sense to add a single bottle of handwash because the fees double the price. I'll stick to my local store.,,2026-06-29T21:46:49.032091,https://www.mockplatform.com/swiggy/mock_you_4615cdde24d4,Beverages,No,,High delivery/surge fees on small value items,0
mock_pro_e86f25b34e5b,product_hunt,Amit Mehta,"Instamart is my go-to for fruits and vegetables. I want to try ordering fresh chicken and fish from them, but I'm hesitant about how they package it. If they guarantee insulated packaging and Licious-like hygiene, I am willing to switch entirely.",,2026-04-22T21:46:49.032097,https://www.mockplatform.com/swiggy/mock_pro_e86f25b34e5b,Fruits & Vegetables,Yes,Meat & Fish,Fears about quality of fresh produce or meats,0
mock_twi_d55697f6eeef,twitter,@sneha_nair,"Why is the baby care section on Swiggy Instamart always empty? Whenever I want to order M size Pampers diapers, they are out of stock. I've stopped checking. I buy groceries here but order all my baby needs from FirstCry now.",,2026-03-29T21:46:49.032106,https://www.mockplatform.com/swiggy/mock_twi_d55697f6eeef,"Dairy, Bread & Eggs",No,,"Prefers specialized apps (FirstCry, Nykaa, Heads Up For Tails)",0
mock_com_62d0dafcbeee,community_forums,Amit Rao,"Swiggy One membership gives me free delivery on Instamart. But the free delivery only applies if my order is above 199. If I just want to buy a single baby bottle cleaner, I have to add random items to hit the threshold. I'm undecided if I should buy these categories here or just walk to the pharmacy.",,2026-07-21T21:46:49.032113,https://www.mockplatform.com/swiggy/mock_com_62d0dafcbeee,Snacks & Munchies,Undecided,"Baby Care, Cleaning & Household",Loyalty/Instamart Pass discounts do not apply to other categories,0
mock_new_4872f2ccb6d8,news_articles,Anjali Patel,I buy daily groceries. I saw some deals on personal care items like face wash and soaps on Instamart. I'm not sure if the quality is authentic or if they are near expiry. I might try if they show the expiry date on the product page. Delivery boy was polite.,,2026-04-10T21:46:49.032119,https://www.mockplatform.com/swiggy/mock_new_4872f2ccb6d8,"Dairy, Bread & Eggs",Undecided,Personal Care,Difficulty discovering category menu or poor search matching,0
mock_com_1f5250f3a22a,community_forums,Vikram Bose,I buy daily groceries. I saw some deals on personal care items like face wash and soaps on Instamart. I'm not sure if the quality is authentic or if they are near expiry. I might try if they show the expiry date on the product page. Strongly recommend this app.,,2026-06-26T21:46:49.032126,https://www.mockplatform.com/swiggy/mock_com_1f5250f3a22a,"Dairy, Bread & Eggs",Undecided,Personal Care,Difficulty discovering category menu or poor search matching,0
mock_twi_75f75f4a3556,twitter,@amit_bose,"Instamart is my go-to for fruits and vegetables. I want to try ordering fresh chicken and fish from them, but I'm hesitant about how they package it. If they guarantee insulated packaging and Licious-like hygiene, I am willing to switch entirely. Instamart is saving me so much time.",,2026-03-05T21:46:49.032134,https://www.mockplatform.com/swiggy/mock_twi_75f75f4a3556,Fruits & Vegetables,Yes,Meat & Fish,Fears about quality of fresh produce or meats,0
mock_pla_e65038f93f32,play_store,Deepa Nair,"Usually only buy bread and curd. But I noticed a pet care section in the menu. I would love to order wet dog food and treats for my labrador from Instamart since it saves me a trip. However, they only have 1-2 local brands. If they stock Pedigree or Royal Canin, I will buy every month. Strongly recommend this app.",1,2026-07-11T21:46:49.032142,https://www.mockplatform.com/swiggy/mock_pla_e65038f93f32,"Dairy, Bread & Eggs",Yes,Pet Care,Prefers specialized apps (Heads Up For Tails),0
mock_pub_58837ce0983d,public_blogs,Deepa Patel,"Instamart is great for snacks and beverages when friends come over. But I will never buy vegetables or fruits here. Last time I ordered tomatoes, they were rotten and small. I'd rather buy fresh produce from my local vendor or Safal.",,2026-07-04T21:46:49.032149,https://www.mockplatform.com/swiggy/mock_pub_58837ce0983d,Snacks & Munchies,No,,Fears about quality of fresh produce or meats,0
mock_pro_a4218a942a7c,product_hunt,Priya Patel,"Why is the baby care section on Swiggy Instamart always empty? Whenever I want to order M size Pampers diapers, they are out of stock. I've stopped checking. I buy groceries here but order all my baby needs from FirstCry now. Strongly recommend this app.",,2026-05-12T21:46:49.032157,https://www.mockplatform.com/swiggy/mock_pro_a4218a942a7c,"Dairy, Bread & Eggs",No,,"Prefers specialized apps (FirstCry, Nykaa, Heads Up For Tails)",0
mock_com_0f5c3ccf43d0,community_forums,Anjali Bose,"Swiggy One membership gives me free delivery on Instamart. But the free delivery only applies if my order is above 199. If I just want to buy a single baby bottle cleaner, I have to add random items to hit the threshold. I'm undecided if I should buy these categories here or just walk to the pharmacy.",,2026-06-22T21:46:49.032164,https://www.mockplatform.com/swiggy/mock_com_0f5c3ccf43d0,Snacks & Munchies,Undecided,"Baby Care, Cleaning & Household",Loyalty/Instamart Pass discounts do not apply to other categories,0
mock_com_b00628cc0c7f,community_forums,Vikram Mehta,"Instamart is my go-to for fruits and vegetables. I want to try ordering fresh chicken and fish from them, but I'm hesitant about how they package it. If they guarantee insulated packaging and Licious-like hygiene, I am willing to switch entirely. Instamart is saving me so much time.",,2026-07-03T21:46:49.032171,https://www.mockplatform.com/swiggy/mock_com_b00628cc0c7f,Fruits & Vegetables,Yes,Meat & Fish,Fears about quality of fresh produce or meats,0
mock_com_e65e0226a8cf,community_forums,Priya Sharma,I buy daily groceries. I saw some deals on personal care items like face wash and soaps on Instamart. I'm not sure if the quality is authentic or if they are near expiry. I might try if they show the expiry date on the product page.,,2026-07-12T21:46:49.032179,https://www.mockplatform.com/swiggy/mock_com_e65e0226a8cf,"Dairy, Bread & Eggs",Undecided,Personal Care,Difficulty discovering category menu or poor search matching,0
mock_app_2aec458904c5,app_store,Rohan Malhotra,"Instamart is great for snacks and beverages when friends come over. But I will never buy vegetables or fruits here. Last time I ordered tomatoes, they were rotten and small. I'd rather buy fresh produce from my local vendor or Safal.",1,2026-02-28T21:46:49.032185,https://www.mockplatform.com/swiggy/mock_app_2aec458904c5,Snacks & Munchies,No,,Fears about quality of fresh produce or meats,0
mock_you_0c1cad7b2d16,youtube,Amit Bose,"I order milk, bread, and eggs from Swiggy Instamart every single morning. It's fast and reliable. But I never buy personal care items or home cleaning liquids here. They are far cheaper at DMart, and Instamart prices have a high premium. I strictly use it for daily groceries.",,2026-03-13T21:46:49.032192,https://www.mockplatform.com/swiggy/mock_you_0c1cad7b2d16,"Dairy, Bread & Eggs",No,,Pricing is higher compared to local supermarkets (DMart),0
mock_quo_a8ddde915e3a,quora,Deepa Nair,I use Swiggy Instamart for urgent snacks or beverages. But the checkout page adds so many fees! Handling fee + delivery charge + surge fee. It doesn't make sense to add a single bottle of handwash because the fees double the price. I'll stick to my local store.,,2026-06-17T21:46:49.032198,https://www.mockplatform.com/swiggy/mock_quo_a8ddde915e3a,Beverages,No,,High delivery/surge fees on small value items,0
mock_pro_ef33678077a1,product_hunt,Rohan Sen,I use Swiggy Instamart for urgent snacks or beverages. But the checkout page adds so many fees! Handling fee + delivery charge + surge fee. It doesn't make sense to add a single bottle of handwash because the fees double the price. I'll stick to my local store.,,2026-07-05T21:46:49.032204,https://www.mockplatform.com/swiggy/mock_pro_ef33678077a1,Beverages,No,,High delivery/surge fees on small value items,0
mock_new_b2d1637574cc,news_articles,Vikram Sharma,"I buy almost everything on Instamart. Yesterday, I ordered a kitchen knife and a charging cable under Home Essentials, and it came in 9 minutes! Amazing. I'd love to buy my personal care cosmetics (shampoo, face wash) here too, but they don't have premium brands like Cetaphil or Minimalist. Please add them! Swiggy support is helpful though.",,2026-05-17T21:46:49.032210,https://www.mockplatform.com/swiggy/mock_new_b2d1637574cc,Kitchen & Home Essentials,Yes,Personal Care,"Prefers specialized apps (FirstCry, Nykaa, Heads Up For Tails)",0
mock_twi_b98629b5f6b4,twitter,@priya_joshi,"I buy my regular household cleaning items and snacks from Instamart. I saw they launched a gourmet and organic section recently. I'm really interested in trying organic seeds and olive oil, but the app search didn't show them properly. Will try if they recommend them on my cart page.",,2026-05-13T21:46:49.032217,https://www.mockplatform.com/swiggy/mock_twi_b98629b5f6b4,Cleaning & Household,Yes,Gourmet & Organic,Difficulty discovering category menu or poor search matching,0
mock_pla_9e1b56ee9c88,play_store,Amit Malhotra,"I buy almost everything on Instamart. Yesterday, I ordered a kitchen knife and a charging cable under Home Essentials, and it came in 9 minutes! Amazing. I'd love to buy my personal care cosmetics (shampoo, face wash) here too, but they don't have premium brands like Cetaphil or Minimalist. Please add them!",5,2026-05-25T21:46:49.032223,https://www.mockplatform.com/swiggy/mock_pla_9e1b56ee9c88,Kitchen & Home Essentials,Yes,Personal Care,"Prefers specialized apps (FirstCry, Nykaa, Heads Up For Tails)",0
mock_pro_bad58a308246,product_hunt,Amit Rao,"I buy my regular household cleaning items and snacks from Instamart. I saw they launched a gourmet and organic section recently. I'm really interested in trying organic seeds and olive oil, but the app search didn't show them properly. Will try if they recommend them on my cart page.",,2026-07-20T21:46:49.032230,https://www.mockplatform.com/swiggy/mock_pro_bad58a308246,Cleaning & Household,Yes,Gourmet & Organic,Difficulty discovering category menu or poor search matching,0
mock_pro_1b3c2b22d1dd,product_hunt,Deepa Mehta,"Instamart is my go-to for fruits and vegetables. I want to try ordering fresh chicken and fish from them, but I'm hesitant about how they package it. If they guarantee insulated packaging and Licious-like hygiene, I am willing to switch entirely.",,2026-04-25T21:46:49.032236,https://www.mockplatform.com/swiggy/mock_pro_1b3c2b22d1dd,Fruits & Vegetables,Yes,Meat & Fish,Fears about quality of fresh produce or meats,0
mock_pla_1fc6a61fd67e,play_store,Amit Joshi,"Swiggy One membership gives me free delivery on Instamart. But the free delivery only applies if my order is above 199. If I just want to buy a single baby bottle cleaner, I have to add random items to hit the threshold. I'm undecided if I should buy these categories here or just walk to the pharmacy. Placed order from Bangalore.",1,2026-04-17T21:46:49.032244,https://www.mockplatform.com/swiggy/mock_pla_1fc6a61fd67e,Snacks & Munchies,Undecided,"Baby Care, Cleaning & Household",Loyalty/Instamart Pass discounts do not apply to other categories,0
mock_new_01746bed68d8,news_articles,Rohan Verma,"Instamart is great for snacks and beverages when friends come over. But I will never buy vegetables or fruits here. Last time I ordered tomatoes, they were rotten and small. I'd rather buy fresh produce from my local vendor or Safal.",,2026-04-24T21:46:49.032251,https://www.mockplatform.com/swiggy/mock_new_01746bed68d8,Snacks & Munchies,No,,Fears about quality of fresh produce or meats,0
mock_you_31d422fb5e27,youtube,Priya Malhotra,"I buy almost everything on Instamart. Yesterday, I ordered a kitchen knife and a charging cable under Home Essentials, and it came in 9 minutes! Amazing. I'd love to buy my personal care cosmetics (shampoo, face wash) here too, but they don't have premium brands like Cetaphil or Minimalist. Please add them! Hope they resolve this soon.",,2026-04-22T21:46:49.032259,https://www.mockplatform.com/swiggy/mock_you_31d422fb5e27,Kitchen & Home Essentials,Yes,Personal Care,"Prefers specialized apps (FirstCry, Nykaa, Heads Up For Tails)",0
mock_pro_f5826a4d7b1d,product_hunt,Anjali Sharma,"Why is the baby care section on Swiggy Instamart always empty? Whenever I want to order M size Pampers diapers, they are out of stock. I've stopped checking. I buy groceries here but order all my baby needs from FirstCry now. It's getting better day by day.",,2026-05-29T21:46:49.032268,https://www.mockplatform.com/swiggy/mock_pro_f5826a4d7b1d,"Dairy, Bread & Eggs",No,,"Prefers specialized apps (FirstCry, Nykaa, Heads Up For Tails)",0
mock_twi_392df5c73d55,twitter,@priya_bose,"Usually only buy bread and curd. But I noticed a pet care section in the menu. I would love to order wet dog food and treats for my labrador from Instamart since it saves me a trip. However, they only have 1-2 local brands. If they stock Pedigree or Royal Canin, I will buy every month. Strongly recommend this app.",,2026-03-05T21:46:49.032275,https://www.mockplatform.com/swiggy/mock_twi_392df5c73d55,"Dairy, Bread & Eggs",Yes,Pet Care,Prefers specialized apps (Heads Up For Tails),0
mock_new_9602fc8d6921,news_articles,Amit Singh,"Instamart is great for snacks and beverages when friends come over. But I will never buy vegetables or fruits here. Last time I ordered tomatoes, they were rotten and small. I'd rather buy fresh produce from my local vendor or Safal. Hope they resolve this soon.",,2026-07-03T21:46:49.032284,https://www.mockplatform.com/swiggy/mock_new_9602fc8d6921,Snacks & Munchies,No,,Fears about quality of fresh produce or meats,0
mock_twi_ab9a7985befc,twitter,@karan_sharma,"I buy almost everything on Instamart. Yesterday, I ordered a kitchen knife and a charging cable under Home Essentials, and it came in 9 minutes! Amazing. I'd love to buy my personal care cosmetics (shampoo, face wash) here too, but they don't have premium brands like Cetaphil or Minimalist. Please add them!",,2026-03-30T21:46:49.032328,https://www.mockplatform.com/swiggy/mock_twi_ab9a7985befc,Kitchen & Home Essentials,Yes,Personal Care,"Prefers specialized apps (FirstCry, Nykaa, Heads Up For Tails)",0
mock_you_64478dd86177,youtube,Rahul Gupta,"I buy almost everything on Instamart. Yesterday, I ordered a kitchen knife and a charging cable under Home Essentials, and it came in 9 minutes! Amazing. I'd love to buy my personal care cosmetics (shampoo, face wash) here too, but they don't have premium brands like Cetaphil or Minimalist. Please add them! Delivery boy was polite.",,2026-04-05T21:46:49.032336,https://www.mockplatform.com/swiggy/mock_you_64478dd86177,Kitchen & Home Essentials,Yes,Personal Care,"Prefers specialized apps (FirstCry, Nykaa, Heads Up For Tails)",0
mock_pro_cb6c9267d45b,product_hunt,Neha Verma,"Swiggy One membership gives me free delivery on Instamart. But the free delivery only applies if my order is above 199. If I just want to buy a single baby bottle cleaner, I have to add random items to hit the threshold. I'm undecided if I should buy these categories here or just walk to the pharmacy. Hope they resolve this soon.",,2026-03-28T21:46:49.032343,https://www.mockplatform.com/swiggy/mock_pro_cb6c9267d45b,Snacks & Munchies,Undecided,"Baby Care, Cleaning & Household",Loyalty/Instamart Pass discounts do not apply to other categories,0
mock_pla_25ee0bca366d,play_store,Sneha Sen,I use Swiggy Instamart for urgent snacks or beverages. But the checkout page adds so many fees! Handling fee + delivery charge + surge fee. It doesn't make sense to add a single bottle of handwash because the fees double the price. I'll stick to my local store.,1,2026-04-10T21:46:49.032351,https://www.mockplatform.com/swiggy/mock_pla_25ee0bca366d,Beverages,No,,High delivery/surge fees on small value items,0
mock_pub_095df2d0358e,public_blogs,Rohan Mehta,"Usually only buy bread and curd. But I noticed a pet care section in the menu. I would love to order wet dog food and treats for my labrador from Instamart since it saves me a trip. However, they only have 1-2 local brands. If they stock Pedigree or Royal Canin, I will buy every month.",,2026-05-13T21:46:49.032360,https://www.mockplatform.com/swiggy/mock_pub_095df2d0358e,"Dairy, Bread & Eggs",Yes,Pet Care,Prefers specialized apps (Heads Up For Tails),0
mock_com_1cc53c3017b5,community_forums,Neha Mehta,"Instamart is great for snacks and beverages when friends come over. But I will never buy vegetables or fruits here. Last time I ordered tomatoes, they were rotten and small. I'd rather buy fresh produce from my local vendor or Safal.",,2026-07-12T21:46:49.032366,https://www.mockplatform.com/swiggy/mock_com_1cc53c3017b5,Snacks & Munchies,No,,Fears about quality of fresh produce or meats,0
mock_quo_1fce7ef8f4ed,quora,Deepa Singh,"Usually only buy bread and curd. But I noticed a pet care section in the menu. I would love to order wet dog food and treats for my labrador from Instamart since it saves me a trip. However, they only have 1-2 local brands. If they stock Pedigree or Royal Canin, I will buy every month. Hope they resolve this soon.",,2026-05-26T21:46:49.032372,https://www.mockplatform.com/swiggy/mock_quo_1fce7ef8f4ed,"Dairy, Bread & Eggs",Yes,Pet Care,Prefers specialized apps (Heads Up For Tails),0
mock_you_c5b39f6841d0,youtube,Arjun Bose,"Instamart is great for snacks and beverages when friends come over. But I will never buy vegetables or fruits here. Last time I ordered tomatoes, they were rotten and small. I'd rather buy fresh produce from my local vendor or Safal.",,2026-04-01T21:46:49.032378,https://www.mockplatform.com/swiggy/mock_you_c5b39f6841d0,Snacks & Munchies,No,,Fears about quality of fresh produce or meats,0
mock_pro_e2fe2893e21a,product_hunt,Rohan Sen,"Usually only buy bread and curd. But I noticed a pet care section in the menu. I would love to order wet dog food and treats for my labrador from Instamart since it saves me a trip. However, they only have 1-2 local brands. If they stock Pedigree or Royal Canin, I will buy every month. It's getting better day by day.",,2026-02-28T21:46:49.032385,https://www.mockplatform.com/swiggy/mock_pro_e2fe2893e21a,"Dairy, Bread & Eggs",Yes,Pet Care,Prefers specialized apps (Heads Up For Tails),0
mock_app_b1a216590f9f,app_store,Vikram Joshi,"Usually only buy bread and curd. But I noticed a pet care section in the menu. I would love to order wet dog food and treats for my labrador from Instamart since it saves me a trip. However, they only have 1-2 local brands. If they stock Pedigree or Royal Canin, I will buy every month.",2,2026-05-14T21:46:49.032394,https://www.mockplatform.com/swiggy/mock_app_b1a216590f9f,"Dairy, Bread & Eggs",Yes,Pet Care,Prefers specialized apps (Heads Up For Tails),0
mock_red_e0fc6f6184df,reddit,u/deepa_patel,"I buy my regular household cleaning items and snacks from Instamart. I saw they launched a gourmet and organic section recently. I'm really interested in trying organic seeds and olive oil, but the app search didn't show them properly. Will try if they recommend them on my cart page. Delivery boy was polite.",,2026-06-18T21:46:49.032401,https://www.mockplatform.com/swiggy/mock_red_e0fc6f6184df,Cleaning & Household,Yes,Gourmet & Organic,Difficulty discovering category menu or poor search matching,0
mock_pro_03eb68be3a81,product_hunt,Arjun Nair,"Usually only buy bread and curd. But I noticed a pet care section in the menu. I would love to order wet dog food and treats for my labrador from Instamart since it saves me a trip. However, they only have 1-2 local brands. If they stock Pedigree or Royal Canin, I will buy every month.",,2026-05-05T21:46:49.032407,https://www.mockplatform.com/swiggy/mock_pro_03eb68be3a81,"Dairy, Bread & Eggs",Yes,Pet Care,Prefers specialized apps (Heads Up For Tails),0
mock_app_b30d7f70f65e,app_store,Deepa Sharma,"Instamart is my go-to for fruits and vegetables. I want to try ordering fresh chicken and fish from them, but I'm hesitant about how they package it. If they guarantee insulated packaging and Licious-like hygiene, I am willing to switch entirely. Delivery boy was polite.",5,2026-06-09T21:46:49.032413,https://www.mockplatform.com/swiggy/mock_app_b30d7f70f65e,Fruits & Vegetables,Yes,Meat & Fish,Fears about quality of fresh produce or meats,0
mock_app_da44f69f3266,app_store,Amit Verma,"I buy my regular household cleaning items and snacks from Instamart. I saw they launched a gourmet and organic section recently. I'm really interested in trying organic seeds and olive oil, but the app search didn't show them properly. Will try if they recommend them on my cart page.",4,2026-05-30T21:46:49.032422,https://www.mockplatform.com/swiggy/mock_app_da44f69f3266,Cleaning & Household,Yes,Gourmet & Organic,Difficulty discovering category menu or poor search matching,0
mock_red_1accae1358ca,reddit,u/rahul_sharma,I buy daily groceries. I saw some deals on personal care items like face wash and soaps on Instamart. I'm not sure if the quality is authentic or if they are near expiry. I might try if they show the expiry date on the product page. Strongly recommend this app.,,2026-04-09T21:46:49.032430,https://www.mockplatform.com/swiggy/mock_red_1accae1358ca,"Dairy, Bread & Eggs",Undecided,Personal Care,Difficulty discovering category menu or poor search matching,0
mock_app_76a729936d79,app_store,Deepa Malhotra,"Swiggy One membership gives me free delivery on Instamart. But the free delivery only applies if my order is above 199. If I just want to buy a single baby bottle cleaner, I have to add random items to hit the threshold. I'm undecided if I should buy these categories here or just walk to the pharmacy. Strongly recommend this app.",3,2026-03-02T21:46:49.032439,https://www.mockplatform.com/swiggy/mock_app_76a729936d79,Snacks & Munchies,Undecided,"Baby Care, Cleaning & Household",Loyalty/Instamart Pass discounts do not apply to other categories,0
mock_new_95df33d01813,news_articles,Deepa Nair,"Swiggy One membership gives me free delivery on Instamart. But the free delivery only applies if my order is above 199. If I just want to buy a single baby bottle cleaner, I have to add random items to hit the threshold. I'm undecided if I should buy these categories here or just walk to the pharmacy.",,2026-03-25T21:46:49.032446,https://www.mockplatform.com/swiggy/mock_new_95df33d01813,Snacks & Munchies,Undecided,"Baby Care, Cleaning & Household",Loyalty/Instamart Pass discounts do not apply to other categories,0
mock_you_718c2888c0d6,youtube,Arjun Verma,"Instamart is great for snacks and beverages when friends come over. But I will never buy vegetables or fruits here. Last time I ordered tomatoes, they were rotten and small. I'd rather buy fresh produce from my local vendor or Safal.",,2026-04-08T21:46:49.032453,https://www.mockplatform.com/swiggy/mock_you_718c2888c0d6,Snacks & Munchies,No,,Fears about quality of fresh produce or meats,0
mock_quo_932353bd0119,quora,Deepa Singh,"Instamart is my go-to for fruits and vegetables. I want to try ordering fresh chicken and fish from them, but I'm hesitant about how they package it. If they guarantee insulated packaging and Licious-like hygiene, I am willing to switch entirely. Instamart is saving me so much time.",,2026-05-04T21:46:49.032460,https://www.mockplatform.com/swiggy/mock_quo_932353bd0119,Fruits & Vegetables,Yes,Meat & Fish,Fears about quality of fresh produce or meats,0
mock_pro_5b26decc0f89,product_hunt,Meera Nair,"I buy my regular household cleaning items and snacks from Instamart. I saw they launched a gourmet and organic section recently. I'm really interested in trying organic seeds and olive oil, but the app search didn't show them properly. Will try if they recommend them on my cart page.",,2026-03-11T21:46:49.032466,https://www.mockplatform.com/swiggy/mock_pro_5b26decc0f89,Cleaning & Household,Yes,Gourmet & Organic,Difficulty discovering category menu or poor search matching,0
mock_new_ce69769bb7ea,news_articles,Rahul Gupta,"Usually only buy bread and curd. But I noticed a pet care section in the menu. I would love to order wet dog food and treats for my labrador from Instamart since it saves me a trip. However, they only have 1-2 local brands. If they stock Pedigree or Royal Canin, I will buy every month. Swiggy support is helpful though.",,2026-03-03T21:46:49.032472,https://www.mockplatform.com/swiggy/mock_new_ce69769bb7ea,"Dairy, Bread & Eggs",Yes,Pet Care,Prefers specialized apps (Heads Up For Tails),0
mock_you_aa643d08bd39,youtube,Amit Gupta,"Why is the baby care section on Swiggy Instamart always empty? Whenever I want to order M size Pampers diapers, they are out of stock. I've stopped checking. I buy groceries here but order all my baby needs from FirstCry now. Instamart is saving me so much time.",,2026-03-08T21:46:49.032478,https://www.mockplatform.com/swiggy/mock_you_aa643d08bd39,"Dairy, Bread & Eggs",No,,"Prefers specialized apps (FirstCry, Nykaa, Heads Up For Tails)",0
mock_pla_04640f9196f3,play_store,Amit Gupta,"Swiggy One membership gives me free delivery on Instamart. But the free delivery only applies if my order is above 199. If I just want to buy a single baby bottle cleaner, I have to add random items to hit the threshold. I'm undecided if I should buy these categories here or just walk to the pharmacy. Hope they resolve this soon.",1,2026-04-02T21:46:49.032485,https://www.mockplatform.com/swiggy/mock_pla_04640f9196f3,Snacks & Munchies,Undecided,"Baby Care, Cleaning & Household",Loyalty/Instamart Pass discounts do not apply to other categories,0
mock_pro_73bd5986f065,product_hunt,Sneha Bose,I use Swiggy Instamart for urgent snacks or beverages. But the checkout page adds so many fees! Handling fee + delivery charge + surge fee. It doesn't make sense to add a single bottle of handwash because the fees double the price. I'll stick to my local store.,,2026-04-05T21:46:49.032492,https://www.mockplatform.com/swiggy/mock_pro_73bd5986f065,Beverages,No,,High delivery/surge fees on small value items,0
mock_twi_0074cb2c10cd,twitter,@karan_singh,"Why is the baby care section on Swiggy Instamart always empty? Whenever I want to order M size Pampers diapers, they are out of stock. I've stopped checking. I buy groceries here but order all my baby needs from FirstCry now.",,2026-04-15T21:46:49.032503,https://www.mockplatform.com/swiggy/mock_twi_0074cb2c10cd,"Dairy, Bread & Eggs",No,,"Prefers specialized apps (FirstCry, Nykaa, Heads Up For Tails)",0
mock_com_21c522c16a44,community_forums,Deepa Singh,"I buy almost everything on Instamart. Yesterday, I ordered a kitchen knife and a charging cable under Home Essentials, and it came in 9 minutes! Amazing. I'd love to buy my personal care cosmetics (shampoo, face wash) here too, but they don't have premium brands like Cetaphil or Minimalist. Please add them! It's getting better day by day.",,2026-03-01T21:46:49.032512,https://www.mockplatform.com/swiggy/mock_com_21c522c16a44,Kitchen & Home Essentials,Yes,Personal Care,"Prefers specialized apps (FirstCry, Nykaa, Heads Up For Tails)",0
mock_new_a8404048ce20,news_articles,Anjali Mehta,I buy daily groceries. I saw some deals on personal care items like face wash and soaps on Instamart. I'm not sure if the quality is authentic or if they are near expiry. I might try if they show the expiry date on the product page. Swiggy support is helpful though.,,2026-04-14T21:46:49.032519,https://www.mockplatform.com/swiggy/mock_new_a8404048ce20,"Dairy, Bread & Eggs",Undecided,Personal Care,Difficulty discovering category menu or poor search matching,0
mock_app_34d1308bd6e9,app_store,Neha Sharma,"Swiggy One membership gives me free delivery on Instamart. But the free delivery only applies if my order is above 199. If I just want to buy a single baby bottle cleaner, I have to add random items to hit the threshold. I'm undecided if I should buy these categories here or just walk to the pharmacy.",2,2026-06-13T21:46:49.032528,https://www.mockplatform.com/swiggy/mock_app_34d1308bd6e9,Snacks & Munchies,Undecided,"Baby Care, Cleaning & Household",Loyalty/Instamart Pass discounts do not apply to other categories,0
mock_pub_610f78292d03,public_blogs,Meera Sharma,"Why is the baby care section on Swiggy Instamart always empty? Whenever I want to order M size Pampers diapers, they are out of stock. I've stopped checking. I buy groceries here but order all my baby needs from FirstCry now. Instamart is saving me so much time.",,2026-05-15T21:46:49.032534,https://www.mockplatform.com/swiggy/mock_pub_610f78292d03,"Dairy, Bread & Eggs",No,,"Prefers specialized apps (FirstCry, Nykaa, Heads Up For Tails)",0
mock_pro_fc0b28a390f7,product_hunt,Sneha Nair,"Usually only buy bread and curd. But I noticed a pet care section in the menu. I would love to order wet dog food and treats for my labrador from Instamart since it saves me a trip. However, they only have 1-2 local brands. If they stock Pedigree or Royal Canin, I will buy every month. Delivery boy was polite.",,2026-07-21T21:46:49.032542,https://www.mockplatform.com/swiggy/mock_pro_fc0b28a390f7,"Dairy, Bread & Eggs",Yes,Pet Care,Prefers specialized apps (Heads Up For Tails),0
mock_app_a9776d78e5ce,app_store,Vikram Joshi,"Swiggy One membership gives me free delivery on Instamart. But the free delivery only applies if my order is above 199. If I just want to buy a single baby bottle cleaner, I have to add random items to hit the threshold. I'm undecided if I should buy these categories here or just walk to the pharmacy.",1,2026-05-14T21:46:49.032549,https://www.mockplatform.com/swiggy/mock_app_a9776d78e5ce,Snacks & Munchies,Undecided,"Baby Care, Cleaning & Household",Loyalty/Instamart Pass discounts do not apply to other categories,0
mock_pla_3cd871ade061,play_store,Priya Mehta,I buy daily groceries. I saw some deals on personal care items like face wash and soaps on Instamart. I'm not sure if the quality is authentic or if they are near expiry. I might try if they show the expiry date on the product page.,2,2026-07-24T21:46:49.032555,https://www.mockplatform.com/swiggy/mock_pla_3cd871ade061,"Dairy, Bread & Eggs",Undecided,Personal Care,Difficulty discovering category menu or poor search matching,0
mock_pla_b4b101da2e82,play_store,Arjun Rao,"Instamart is my go-to for fruits and vegetables. I want to try ordering fresh chicken and fish from them, but I'm hesitant about how they package it. If they guarantee insulated packaging and Licious-like hygiene, I am willing to switch entirely.",3,2026-03-27T21:46:49.032563,https://www.mockplatform.com/swiggy/mock_pla_b4b101da2e82,Fruits & Vegetables,Yes,Meat & Fish,Fears about quality of fresh produce or meats,0
mock_pla_cbe76b8de0b7,play_store,Amit Nair,"Why is the baby care section on Swiggy Instamart always empty? Whenever I want to order M size Pampers diapers, they are out of stock. I've stopped checking. I buy groceries here but order all my baby needs from FirstCry now.",3,2026-02-28T21:46:49.032583,https://www.mockplatform.com/swiggy/mock_pla_cbe76b8de0b7,"Dairy, Bread & Eggs",No,,"Prefers specialized apps (FirstCry, Nykaa, Heads Up For Tails)",0
mock_quo_a73ed4a1feab,quora,Amit Sen,I use Swiggy Instamart for urgent snacks or beverages. But the checkout page adds so many fees! Handling fee + delivery charge + surge fee. It doesn't make sense to add a single bottle of handwash because the fees double the price. I'll stick to my local store.,,2026-05-18T21:46:49.032593,https://www.mockplatform.com/swiggy/mock_quo_a73ed4a1feab,Beverages,No,,High delivery/surge fees on small value items,0
mock_twi_b6fcf32479a3,twitter,@rohan_mehta,"Why is the baby care section on Swiggy Instamart always empty? Whenever I want to order M size Pampers diapers, they are out of stock. I've stopped checking. I buy groceries here but order all my baby needs from FirstCry now. Swiggy support is helpful though.",,2026-06-25T21:46:49.032600,https://www.mockplatform.com/swiggy/mock_twi_b6fcf32479a3,"Dairy, Bread & Eggs",No,,"Prefers specialized apps (FirstCry, Nykaa, Heads Up For Tails)",0
mock_pla_5818d7727e47,play_store,Karan Nair,"Instamart is my go-to for fruits and vegetables. I want to try ordering fresh chicken and fish from them, but I'm hesitant about how they package it. If they guarantee insulated packaging and Licious-like hygiene, I am willing to switch entirely.",5,2026-05-28T21:46:49.032608,https://www.mockplatform.com/swiggy/mock_pla_5818d7727e47,Fruits & Vegetables,Yes,Meat & Fish,Fears about quality of fresh produce or meats,0
mock_quo_14ebc69b9d39,quora,Rohan Rao,"Why is the baby care section on Swiggy Instamart always empty? Whenever I want to order M size Pampers diapers, they are out of stock. I've stopped checking. I buy groceries here but order all my baby needs from FirstCry now.",,2026-03-19T21:46:49.032615,https://www.mockplatform.com/swiggy/mock_quo_14ebc69b9d39,"Dairy, Bread & Eggs",No,,"Prefers specialized apps (FirstCry, Nykaa, Heads Up For Tails)",0
mock_com_6a7ad27f308d,community_forums,Amit Sharma,"Instamart is great for snacks and beverages when friends come over. But I will never buy vegetables or fruits here. Last time I ordered tomatoes, they were rotten and small. I'd rather buy fresh produce from my local vendor or Safal. Swiggy support is helpful though.",,2026-06-27T21:46:49.032626,https://www.mockplatform.com/swiggy/mock_com_6a7ad27f308d,Snacks & Munchies,No,,Fears about quality of fresh produce or meats,0
mock_pub_4b085a604c96,public_blogs,Vikram Gupta,"Why is the baby care section on Swiggy Instamart always empty? Whenever I want to order M size Pampers diapers, they are out of stock. I've stopped checking. I buy groceries here but order all my baby needs from FirstCry now.",,2026-07-17T21:46:49.032634,https://www.mockplatform.com/swiggy/mock_pub_4b085a604c96,"Dairy, Bread & Eggs",No,,"Prefers specialized apps (FirstCry, Nykaa, Heads Up For Tails)",0
mock_pla_9a367db5e7a9,play_store,Meera Singh,"Why is the baby care section on Swiggy Instamart always empty? Whenever I want to order M size Pampers diapers, they are out of stock. I've stopped checking. I buy groceries here but order all my baby needs from FirstCry now.",1,2026-04-03T21:46:49.032641,https://www.mockplatform.com/swiggy/mock_pla_9a367db5e7a9,"Dairy, Bread & Eggs",No,,"Prefers specialized apps (FirstCry, Nykaa, Heads Up For Tails)",0
mock_pub_77851c9f02cb,public_blogs,Karan Rao,"Instamart is great for snacks and beverages when friends come over. But I will never buy vegetables or fruits here. Last time I ordered tomatoes, they were rotten and small. I'd rather buy fresh produce from my local vendor or Safal.",,2026-06-16T21:46:49.032647,https://www.mockplatform.com/swiggy/mock_pub_77851c9f02cb,Snacks & Munchies,No,,Fears about quality of fresh produce or meats,0
mock_quo_f5ac4639c051,quora,Deepa Joshi,"Why is the baby care section on Swiggy Instamart always empty? Whenever I want to order M size Pampers diapers, they are out of stock. I've stopped checking. I buy groceries here but order all my baby needs from FirstCry now. Instamart is saving me so much time.",,2026-06-21T21:46:49.032653,https://www.mockplatform.com/swiggy/mock_quo_f5ac4639c051,"Dairy, Bread & Eggs",No,,"Prefers specialized apps (FirstCry, Nykaa, Heads Up For Tails)",0
mock_red_f674ff7e8c8c,reddit,u/anjali_singh,"Swiggy One membership gives me free delivery on Instamart. But the free delivery only applies if my order is above 199. If I just want to buy a single baby bottle cleaner, I have to add random items to hit the threshold. I'm undecided if I should buy these categories here or just walk to the pharmacy.",,2026-04-13T21:46:49.032660,https://www.mockplatform.com/swiggy/mock_red_f674ff7e8c8c,Snacks & Munchies,Undecided,"Baby Care, Cleaning & Household",Loyalty/Instamart Pass discounts do not apply to other categories,0
mock_pla_fc7bfeb213a5,play_store,Neha Rao,"I buy my regular household cleaning items and snacks from Instamart. I saw they launched a gourmet and organic section recently. I'm really interested in trying organic seeds and olive oil, but the app search didn't show them properly. Will try if they recommend them on my cart page.",3,2026-04-30T21:46:49.032669,https://www.mockplatform.com/swiggy/mock_pla_fc7bfeb213a5,Cleaning & Household,Yes,Gourmet & Organic,Difficulty discovering category menu or poor search matching,0
mock_new_d15730dba856,news_articles,Anjali Rao,"Swiggy One membership gives me free delivery on Instamart. But the free delivery only applies if my order is above 199. If I just want to buy a single baby bottle cleaner, I have to add random items to hit the threshold. I'm undecided if I should buy these categories here or just walk to the pharmacy.",,2026-06-14T21:46:49.032677,https://www.mockplatform.com/swiggy/mock_new_d15730dba856,Snacks & Munchies,Undecided,"Baby Care, Cleaning & Household",Loyalty/Instamart Pass discounts do not apply to other categories,0
mock_twi_eff20f78b937,twitter,@sneha_rao,"I buy almost everything on Instamart. Yesterday, I ordered a kitchen knife and a charging cable under Home Essentials, and it came in 9 minutes! Amazing. I'd love to buy my personal care cosmetics (shampoo, face wash) here too, but they don't have premium brands like Cetaphil or Minimalist. Please add them! Placed order from Bangalore.",,2026-04-14T21:46:49.032683,https://www.mockplatform.com/swiggy/mock_twi_eff20f78b937,Kitchen & Home Essentials,Yes,Personal Care,"Prefers specialized apps (FirstCry, Nykaa, Heads Up For Tails)",0
mock_com_331b8df6933b,community_forums,Rohan Patel,I use Swiggy Instamart for urgent snacks or beverages. But the checkout page adds so many fees! Handling fee + delivery charge + surge fee. It doesn't make sense to add a single bottle of handwash because the fees double the price. I'll stick to my local store.,,2026-02-27T21:46:49.032691,https://www.mockplatform.com/swiggy/mock_com_331b8df6933b,Beverages,No,,High delivery/surge fees on small value items,0
mock_you_ca73af838cce,youtube,Karan Gupta,I use Swiggy Instamart for urgent snacks or beverages. But the checkout page adds so many fees! Handling fee + delivery charge + surge fee. It doesn't make sense to add a single bottle of handwash because the fees double the price. I'll stick to my local store.,,2026-06-28T21:46:49.032698,https://www.mockplatform.com/swiggy/mock_you_ca73af838cce,Beverages,No,,High delivery/surge fees on small value items,0
mock_you_a9b43c71d5b7,youtube,Karan Nair,"I order milk, bread, and eggs from Swiggy Instamart every single morning. It's fast and reliable. But I never buy personal care items or home cleaning liquids here. They are far cheaper at DMart, and Instamart prices have a high premium. I strictly use it for daily groceries.",,2026-03-19T21:46:49.032705,https://www.mockplatform.com/swiggy/mock_you_a9b43c71d5b7,"Dairy, Bread & Eggs",No,,Pricing is higher compared to local supermarkets (DMart),0
mock_new_2200d6a24e32,news_articles,Amit Mehta,"I buy my regular household cleaning items and snacks from Instamart. I saw they launched a gourmet and organic section recently. I'm really interested in trying organic seeds and olive oil, but the app search didn't show them properly. Will try if they recommend them on my cart page. It's getting better day by day.",,2026-06-18T21:46:49.032712,https://www.mockplatform.com/swiggy/mock_new_2200d6a24e32,Cleaning & Household,Yes,Gourmet & Organic,Difficulty discovering category menu or poor search matching,0
mock_pro_cf7e22ca3479,product_hunt,Karan Patel,"I order milk, bread, and eggs from Swiggy Instamart every single morning. It's fast and reliable. But I never buy personal care items or home cleaning liquids here. They are far cheaper at DMart, and Instamart prices have a high premium. I strictly use it for daily groceries.",,2026-06-12T21:46:49.032718,https://www.mockplatform.com/swiggy/mock_pro_cf7e22ca3479,"Dairy, Bread & Eggs",No,,Pricing is higher compared to local supermarkets (DMart),0
mock_com_c926432cc181,community_forums,Vikram Mehta,"Instamart is my go-to for fruits and vegetables. I want to try ordering fresh chicken and fish from them, but I'm hesitant about how they package it. If they guarantee insulated packaging and Licious-like hygiene, I am willing to switch entirely.",,2026-03-03T21:46:49.032724,https://www.mockplatform.com/swiggy/mock_com_c926432cc181,Fruits & Vegetables,Yes,Meat & Fish,Fears about quality of fresh produce or meats,0
mock_red_fbba99a15f48,reddit,u/deepa_malhotra,"Swiggy One membership gives me free delivery on Instamart. But the free delivery only applies if my order is above 199. If I just want to buy a single baby bottle cleaner, I have to add random items to hit the threshold. I'm undecided if I should buy these categories here or just walk to the pharmacy.",,2026-05-05T21:46:49.032731,https://www.mockplatform.com/swiggy/mock_red_fbba99a15f48,Snacks & Munchies,Undecided,"Baby Care, Cleaning & Household",Loyalty/Instamart Pass discounts do not apply to other categories,0
mock_app_cc426b7f9671,app_store,Neha Joshi,"I buy almost everything on Instamart. Yesterday, I ordered a kitchen knife and a charging cable under Home Essentials, and it came in 9 minutes! Amazing. I'd love to buy my personal care cosmetics (shampoo, face wash) here too, but they don't have premium brands like Cetaphil or Minimalist. Please add them! Strongly recommend this app.",5,2026-07-02T21:46:49.032739,https://www.mockplatform.com/swiggy/mock_app_cc426b7f9671,Kitchen & Home Essentials,Yes,Personal Care,"Prefers specialized apps (FirstCry, Nykaa, Heads Up For Tails)",0
mock_new_04fb4cbbacce,news_articles,Amit Malhotra,"I buy my regular household cleaning items and snacks from Instamart. I saw they launched a gourmet and organic section recently. I'm really interested in trying organic seeds and olive oil, but the app search didn't show them properly. Will try if they recommend them on my cart page.",,2026-06-17T21:46:49.032746,https://www.mockplatform.com/swiggy/mock_new_04fb4cbbacce,Cleaning & Household,Yes,Gourmet & Organic,Difficulty discovering category menu or poor search matching,0
mock_red_70c775dcae97,reddit,u/rohan_bose,"I buy my regular household cleaning items and snacks from Instamart. I saw they launched a gourmet and organic section recently. I'm really interested in trying organic seeds and olive oil, but the app search didn't show them properly. Will try if they recommend them on my cart page. It's getting better day by day.",,2026-07-15T21:46:49.032752,https://www.mockplatform.com/swiggy/mock_red_70c775dcae97,Cleaning & Household,Yes,Gourmet & Organic,Difficulty discovering category menu or poor search matching,0
mock_pla_7fa8e465db09,play_store,Neha Sharma,"Usually only buy bread and curd. But I noticed a pet care section in the menu. I would love to order wet dog food and treats for my labrador from Instamart since it saves me a trip. However, they only have 1-2 local brands. If they stock Pedigree or Royal Canin, I will buy every month. It's getting better day by day.",2,2026-04-21T21:46:49.032759,https://www.mockplatform.com/swiggy/mock_pla_7fa8e465db09,"Dairy, Bread & Eggs",Yes,Pet Care,Prefers specialized apps (Heads Up For Tails),0
mock_pla_a143c9fe53c8,play_store,Arjun Malhotra,I buy daily groceries. I saw some deals on personal care items like face wash and soaps on Instamart. I'm not sure if the quality is authentic or if they are near expiry. I might try if they show the expiry date on the product page.,2,2026-07-04T21:46:49.032765,https://www.mockplatform.com/swiggy/mock_pla_a143c9fe53c8,"Dairy, Bread & Eggs",Undecided,Personal Care,Difficulty discovering category menu or poor search matching,0
mock_pla_e96952e4494a,play_store,Karan Singh,"Usually only buy bread and curd. But I noticed a pet care section in the menu. I would love to order wet dog food and treats for my labrador from Instamart since it saves me a trip. However, they only have 1-2 local brands. If they stock Pedigree or Royal Canin, I will buy every month.",5,2026-05-02T21:46:49.032772,https://www.mockplatform.com/swiggy/mock_pla_e96952e4494a,"Dairy, Bread & Eggs",Yes,Pet Care,Prefers specialized apps (Heads Up For Tails),0
mock_app_26c3e7d4a15d,app_store,Meera Nair,I use Swiggy Instamart for urgent snacks or beverages. But the checkout page adds so many fees! Handling fee + delivery charge + surge fee. It doesn't make sense to add a single bottle of handwash because the fees double the price. I'll stick to my local store. It's getting better day by day.,3,2026-05-17T21:46:49.032777,https://www.mockplatform.com/swiggy/mock_app_26c3e7d4a15d,Beverages,No,,High delivery/surge fees on small value items,0
mock_pub_b8bc0081f63a,public_blogs,Deepa Sen,I use Swiggy Instamart for urgent snacks or beverages. But the checkout page adds so many fees! Handling fee + delivery charge + surge fee. It doesn't make sense to add a single bottle of handwash because the fees double the price. I'll stick to my local store.,,2026-03-07T21:46:49.032786,https://www.mockplatform.com/swiggy/mock_pub_b8bc0081f63a,Beverages,No,,High delivery/surge fees on small value items,0
mock_red_27acf2df02b3,reddit,u/sneha_gupta,"Why is the baby care section on Swiggy Instamart always empty? Whenever I want to order M size Pampers diapers, they are out of stock. I've stopped checking. I buy groceries here but order all my baby needs from FirstCry now.",,2026-04-20T21:46:49.032792,https://www.mockplatform.com/swiggy/mock_red_27acf2df02b3,"Dairy, Bread & Eggs",No,,"Prefers specialized apps (FirstCry, Nykaa, Heads Up For Tails)",0
mock_app_ad49fdc6149e,app_store,Rohan Rao,I buy daily groceries. I saw some deals on personal care items like face wash and soaps on Instamart. I'm not sure if the quality is authentic or if they are near expiry. I might try if they show the expiry date on the product page. It's getting better day by day.,2,2026-07-13T21:46:49.032798,https://www.mockplatform.com/swiggy/mock_app_ad49fdc6149e,"Dairy, Bread & Eggs",Undecided,Personal Care,Difficulty discovering category menu or poor search matching,0
mock_twi_deb1b17c3c9a,twitter,@priya_rao,"Usually only buy bread and curd. But I noticed a pet care section in the menu. I would love to order wet dog food and treats for my labrador from Instamart since it saves me a trip. However, they only have 1-2 local brands. If they stock Pedigree or Royal Canin, I will buy every month.",,2026-03-23T21:46:49.032806,https://www.mockplatform.com/swiggy/mock_twi_deb1b17c3c9a,"Dairy, Bread & Eggs",Yes,Pet Care,Prefers specialized apps (Heads Up For Tails),0
mock_pla_8f9fbce9e479,play_store,Anjali Sen,I buy daily groceries. I saw some deals on personal care items like face wash and soaps on Instamart. I'm not sure if the quality is authentic or if they are near expiry. I might try if they show the expiry date on the product page. Delivery boy was polite.,1,2026-05-21T21:46:49.032814,https://www.mockplatform.com/swiggy/mock_pla_8f9fbce9e479,"Dairy, Bread & Eggs",Undecided,Personal Care,Difficulty discovering category menu or poor search matching,0
mock_com_9f68b14e82cd,community_forums,Karan Joshi,I use Swiggy Instamart for urgent snacks or beverages. But the checkout page adds so many fees! Handling fee + delivery charge + surge fee. It doesn't make sense to add a single bottle of handwash because the fees double the price. I'll stick to my local store.,,2026-04-04T21:46:49.032823,https://www.mockplatform.com/swiggy/mock_com_9f68b14e82cd,Beverages,No,,High delivery/surge fees on small value items,0
mock_new_cf21c6a960bd,news_articles,Anjali Singh,I use Swiggy Instamart for urgent snacks or beverages. But the checkout page adds so many fees! Handling fee + delivery charge + surge fee. It doesn't make sense to add a single bottle of handwash because the fees double the price. I'll stick to my local store. Swiggy support is helpful though.,,2026-05-09T21:46:49.032831,https://www.mockplatform.com/swiggy/mock_new_cf21c6a960bd,Beverages,No,,High delivery/surge fees on small value items,0
mock_twi_d8b815af58c7,twitter,@deepa_mehta,"Swiggy One membership gives me free delivery on Instamart. But the free delivery only applies if my order is above 199. If I just want to buy a single baby bottle cleaner, I have to add random items to hit the threshold. I'm undecided if I should buy these categories here or just walk to the pharmacy.",,2026-03-04T21:46:49.032838,https://www.mockplatform.com/swiggy/mock_twi_d8b815af58c7,Snacks & Munchies,Undecided,"Baby Care, Cleaning & Household",Loyalty/Instamart Pass discounts do not apply to other categories,0
mock_com_7d04c27f0371,community_forums,Rahul Nair,"Usually only buy bread and curd. But I noticed a pet care section in the menu. I would love to order wet dog food and treats for my labrador from Instamart since it saves me a trip. However, they only have 1-2 local brands. If they stock Pedigree or Royal Canin, I will buy every month.",,2026-04-13T21:46:49.032847,https://www.mockplatform.com/swiggy/mock_com_7d04c27f0371,"Dairy, Bread & Eggs",Yes,Pet Care,Prefers specialized apps (Heads Up For Tails),0
mock_you_09856807dd18,youtube,Anjali Verma,I use Swiggy Instamart for urgent snacks or beverages. But the checkout page adds so many fees! Handling fee + delivery charge + surge fee. It doesn't make sense to add a single bottle of handwash because the fees double the price. I'll stick to my local store.,,2026-06-09T21:46:49.032854,https://www.mockplatform.com/swiggy/mock_you_09856807dd18,Beverages,No,,High delivery/surge fees on small value items,0
mock_red_5eee704894ce,reddit,u/sneha_patel,I buy daily groceries. I saw some deals on personal care items like face wash and soaps on Instamart. I'm not sure if the quality is authentic or if they are near expiry. I might try if they show the expiry date on the product page.,,2026-05-06T21:46:49.032859,https://www.mockplatform.com/swiggy/mock_red_5eee704894ce,"Dairy, Bread & Eggs",Undecided,Personal Care,Difficulty discovering category menu or poor search matching,0
mock_com_1b5e8695cbe8,community_forums,Rahul Rao,"Swiggy One membership gives me free delivery on Instamart. But the free delivery only applies if my order is above 199. If I just want to buy a single baby bottle cleaner, I have to add random items to hit the threshold. I'm undecided if I should buy these categories here or just walk to the pharmacy.",,2026-06-28T21:46:49.032866,https://www.mockplatform.com/swiggy/mock_com_1b5e8695cbe8,Snacks & Munchies,Undecided,"Baby Care, Cleaning & Household",Loyalty/Instamart Pass discounts do not apply to other categories,0
mock_you_c31fb66f1f60,youtube,Arjun Gupta,I use Swiggy Instamart for urgent snacks or beverages. But the checkout page adds so many fees! Handling fee + delivery charge + surge fee. It doesn't make sense to add a single bottle of handwash because the fees double the price. I'll stick to my local store.,,2026-05-09T21:46:49.032872,https://www.mockplatform.com/swiggy/mock_you_c31fb66f1f60,Beverages,No,,High delivery/surge fees on small value items,0
mock_red_efd251c872d3,reddit,u/amit_gupta,"I buy almost everything on Instamart. Yesterday, I ordered a kitchen knife and a charging cable under Home Essentials, and it came in 9 minutes! Amazing. I'd love to buy my personal care cosmetics (shampoo, face wash) here too, but they don't have premium brands like Cetaphil or Minimalist. Please add them! Hope they resolve this soon.",,2026-06-27T21:46:49.032879,https://www.mockplatform.com/swiggy/mock_red_efd251c872d3,Kitchen & Home Essentials,Yes,Personal Care,"Prefers specialized apps (FirstCry, Nykaa, Heads Up For Tails)",0
mock_red_c96a46b8533e,reddit,u/vikram_singh,"I buy almost everything on Instamart. Yesterday, I ordered a kitchen knife and a charging cable under Home Essentials, and it came in 9 minutes! Amazing. I'd love to buy my personal care cosmetics (shampoo, face wash) here too, but they don't have premium brands like Cetaphil or Minimalist. Please add them! It's getting better day by day.",,2026-04-29T21:46:49.032886,https://www.mockplatform.com/swiggy/mock_red_c96a46b8533e,Kitchen & Home Essentials,Yes,Personal Care,"Prefers specialized apps (FirstCry, Nykaa, Heads Up For Tails)",0
mock_red_fae0e7806f14,reddit,u/deepa_patel,I buy daily groceries. I saw some deals on personal care items like face wash and soaps on Instamart. I'm not sure if the quality is authentic or if they are near expiry. I might try if they show the expiry date on the product page.,,2026-07-24T21:46:49.032892,https://www.mockplatform.com/swiggy/mock_red_fae0e7806f14,"Dairy, Bread & Eggs",Undecided,Personal Care,Difficulty discovering category menu or poor search matching,0
mock_red_7185c265317b,reddit,u/rohan_sen,"I buy almost everything on Instamart. Yesterday, I ordered a kitchen knife and a charging cable under Home Essentials, and it came in 9 minutes! Amazing. I'd love to buy my personal care cosmetics (shampoo, face wash) here too, but they don't have premium brands like Cetaphil or Minimalist. Please add them!",,2026-05-17T21:46:49.032900,https://www.mockplatform.com/swiggy/mock_red_7185c265317b,Kitchen & Home Essentials,Yes,Personal Care,"Prefers specialized apps (FirstCry, Nykaa, Heads Up For Tails)",0
mock_twi_e6fa51f4c0d2,twitter,@arjun_gupta,"Why is the baby care section on Swiggy Instamart always empty? Whenever I want to order M size Pampers diapers, they are out of stock. I've stopped checking. I buy groceries here but order all my baby needs from FirstCry now.",,2026-07-11T21:46:49.032907,https://www.mockplatform.com/swiggy/mock_twi_e6fa51f4c0d2,"Dairy, Bread & Eggs",No,,"Prefers specialized apps (FirstCry, Nykaa, Heads Up For Tails)",0
mock_com_e2072cb5e943,community_forums,Amit Verma,"Instamart is my go-to for fruits and vegetables. I want to try ordering fresh chicken and fish from them, but I'm hesitant about how they package it. If they guarantee insulated packaging and Licious-like hygiene, I am willing to switch entirely.",,2026-03-19T21:46:49.032913,https://www.mockplatform.com/swiggy/mock_com_e2072cb5e943,Fruits & Vegetables,Yes,Meat & Fish,Fears about quality of fresh produce or meats,0
mock_pub_b921c6d18464,public_blogs,Anjali Rao,"Instamart is great for snacks and beverages when friends come over. But I will never buy vegetables or fruits here. Last time I ordered tomatoes, they were rotten and small. I'd rather buy fresh produce from my local vendor or Safal. Strongly recommend this app.",,2026-06-25T21:46:49.032919,https://www.mockplatform.com/swiggy/mock_pub_b921c6d18464,Snacks & Munchies,No,,Fears about quality of fresh produce or meats,0
mock_pub_e334b6cdcd21,public_blogs,Neha Patel,"Instamart is great for snacks and beverages when friends come over. But I will never buy vegetables or fruits here. Last time I ordered tomatoes, they were rotten and small. I'd rather buy fresh produce from my local vendor or Safal.",,2026-04-30T21:46:49.032926,https://www.mockplatform.com/swiggy/mock_pub_e334b6cdcd21,Snacks & Munchies,No,,Fears about quality of fresh produce or meats,0
mock_you_468f597d38dd,youtube,Sneha Rao,I buy daily groceries. I saw some deals on personal care items like face wash and soaps on Instamart. I'm not sure if the quality is authentic or if they are near expiry. I might try if they show the expiry date on the product page. Placed order from Bangalore.,,2026-06-03T21:46:49.032933,https://www.mockplatform.com/swiggy/mock_you_468f597d38dd,"Dairy, Bread & Eggs",Undecided,Personal Care,Difficulty discovering category menu or poor search matching,0
mock_red_b60770bd2ddb,reddit,u/vikram_rao,"Why is the baby care section on Swiggy Instamart always empty? Whenever I want to order M size Pampers diapers, they are out of stock. I've stopped checking. I buy groceries here but order all my baby needs from FirstCry now.",,2026-04-21T21:46:49.032939,https://www.mockplatform.com/swiggy/mock_red_b60770bd2ddb,"Dairy, Bread & Eggs",No,,"Prefers specialized apps (FirstCry, Nykaa, Heads Up For Tails)",0
mock_you_1fb72b1ea48f,youtube,Amit Singh,"I buy almost everything on Instamart. Yesterday, I ordered a kitchen knife and a charging cable under Home Essentials, and it came in 9 minutes! Amazing. I'd love to buy my personal care cosmetics (shampoo, face wash) here too, but they don't have premium brands like Cetaphil or Minimalist. Please add them! Instamart is saving me so much time.",,2026-06-23T21:46:49.032948,https://www.mockplatform.com/swiggy/mock_you_1fb72b1ea48f,Kitchen & Home Essentials,Yes,Personal Care,"Prefers specialized apps (FirstCry, Nykaa, Heads Up For Tails)",0
mock_com_af379db632db,community_forums,Vikram Mehta,"Why is the baby care section on Swiggy Instamart always empty? Whenever I want to order M size Pampers diapers, they are out of stock. I've stopped checking. I buy groceries here but order all my baby needs from FirstCry now.",,2026-03-07T21:46:49.032957,https://www.mockplatform.com/swiggy/mock_com_af379db632db,"Dairy, Bread & Eggs",No,,"Prefers specialized apps (FirstCry, Nykaa, Heads Up For Tails)",0
mock_pro_9dbbb02d11fe,product_hunt,Priya Patel,I use Swiggy Instamart for urgent snacks or beverages. But the checkout page adds so many fees! Handling fee + delivery charge + surge fee. It doesn't make sense to add a single bottle of handwash because the fees double the price. I'll stick to my local store.,,2026-04-28T21:46:49.032962,https://www.mockplatform.com/swiggy/mock_pro_9dbbb02d11fe,Beverages,No,,High delivery/surge fees on small value items,0
mock_red_22db49fb5fd6,reddit,u/karan_sen,"I buy almost everything on Instamart. Yesterday, I ordered a kitchen knife and a charging cable under Home Essentials, and it came in 9 minutes! Amazing. I'd love to buy my personal care cosmetics (shampoo, face wash) here too, but they don't have premium brands like Cetaphil or Minimalist. Please add them!",,2026-05-13T21:46:49.032969,https://www.mockplatform.com/swiggy/mock_red_22db49fb5fd6,Kitchen & Home Essentials,Yes,Personal Care,"Prefers specialized apps (FirstCry, Nykaa, Heads Up For Tails)",0
mock_pub_4d9d5cd2fd37,public_blogs,Priya Nair,I use Swiggy Instamart for urgent snacks or beverages. But the checkout page adds so many fees! Handling fee + delivery charge + surge fee. It doesn't make sense to add a single bottle of handwash because the fees double the price. I'll stick to my local store. Strongly recommend this app.,,2026-06-30T21:46:49.032975,https://www.mockplatform.com/swiggy/mock_pub_4d9d5cd2fd37,Beverages,No,,High delivery/surge fees on small value items,0
mock_red_c97043f4cb6c,reddit,u/meera_joshi,"I order milk, bread, and eggs from Swiggy Instamart every single morning. It's fast and reliable. But I never buy personal care items or home cleaning liquids here. They are far cheaper at DMart, and Instamart prices have a high premium. I strictly use it for daily groceries. Instamart is saving me so much time.",,2026-05-30T21:46:49.032982,https://www.mockplatform.com/swiggy/mock_red_c97043f4cb6c,"Dairy, Bread & Eggs",No,,Pricing is higher compared to local supermarkets (DMart),0
mock_new_2cba42b4c11b,news_articles,Arjun Gupta,I use Swiggy Instamart for urgent snacks or beverages. But the checkout page adds so many fees! Handling fee + delivery charge + surge fee. It doesn't make sense to add a single bottle of handwash because the fees double the price. I'll stick to my local store. Strongly recommend this app.,,2026-06-29T21:46:49.032989,https://www.mockplatform.com/swiggy/mock_new_2cba42b4c11b,Beverages,No,,High delivery/surge fees on small value items,0
mock_app_1c5e1ce80018,app_store,Meera Patel,"Usually only buy bread and curd. But I noticed a pet care section in the menu. I would love to order wet dog food and treats for my labrador from Instamart since it saves me a trip. However, they only have 1-2 local brands. If they stock Pedigree or Royal Canin, I will buy every month. Hope they resolve this soon.",3,2026-03-08T21:46:49.033000,https://www.mockplatform.com/swiggy/mock_app_1c5e1ce80018,"Dairy, Bread & Eggs",Yes,Pet Care,Prefers specialized apps (Heads Up For Tails),0
mock_app_215d82180070,app_store,Vikram Sen,"I order milk, bread, and eggs from Swiggy Instamart every single morning. It's fast and reliable. But I never buy personal care items or home cleaning liquids here. They are far cheaper at DMart, and Instamart prices have a high premium. I strictly use it for daily groceries.",2,2026-07-24T21:46:49.033007,https://www.mockplatform.com/swiggy/mock_app_215d82180070,"Dairy, Bread & Eggs",No,,Pricing is higher compared to local supermarkets (DMart),0
mock_pla_1a89a0d01dd5,play_store,Amit Sen,"Usually only buy bread and curd. But I noticed a pet care section in the menu. I would love to order wet dog food and treats for my labrador from Instamart since it saves me a trip. However, they only have 1-2 local brands. If they stock Pedigree or Royal Canin, I will buy every month. Hope they resolve this soon.",1,2026-06-24T21:46:49.033017,https://www.mockplatform.com/swiggy/mock_pla_1a89a0d01dd5,"Dairy, Bread & Eggs",Yes,Pet Care,Prefers specialized apps (Heads Up For Tails),0
mock_pub_ad15d9f33dce,public_blogs,Vikram Patel,"I order milk, bread, and eggs from Swiggy Instamart every single morning. It's fast and reliable. But I never buy personal care items or home cleaning liquids here. They are far cheaper at DMart, and Instamart prices have a high premium. I strictly use it for daily groceries.",,2026-06-05T21:46:49.033025,https://www.mockplatform.com/swiggy/mock_pub_ad15d9f33dce,"Dairy, Bread & Eggs",No,,Pricing is higher compared to local supermarkets (DMart),0
mock_app_7fbd3ab718ae,app_store,Rohan Verma,"Instamart is my go-to for fruits and vegetables. I want to try ordering fresh chicken and fish from them, but I'm hesitant about how they package it. If they guarantee insulated packaging and Licious-like hygiene, I am willing to switch entirely.",4,2026-06-11T21:46:49.033031,https://www.mockplatform.com/swiggy/mock_app_7fbd3ab718ae,Fruits & Vegetables,Yes,Meat & Fish,Fears about quality of fresh produce or meats,0
mock_new_0cf3fa2b78ab,news_articles,Amit Rao,I use Swiggy Instamart for urgent snacks or beverages. But the checkout page adds so many fees! Handling fee + delivery charge + surge fee. It doesn't make sense to add a single bottle of handwash because the fees double the price. I'll stick to my local store. Hope they resolve this soon.,,2026-04-19T21:46:49.033038,https://www.mockplatform.com/swiggy/mock_new_0cf3fa2b78ab,Beverages,No,,High delivery/surge fees on small value items,0
mock_quo_1bedb420bc9e,quora,Sneha Singh,"I order milk, bread, and eggs from Swiggy Instamart every single morning. It's fast and reliable. But I never buy personal care items or home cleaning liquids here. They are far cheaper at DMart, and Instamart prices have a high premium. I strictly use it for daily groceries.",,2026-04-08T21:46:49.033045,https://www.mockplatform.com/swiggy/mock_quo_1bedb420bc9e,"Dairy, Bread & Eggs",No,,Pricing is higher compared to local supermarkets (DMart),0
mock_twi_b7b0d90d633e,twitter,@sneha_gupta,"Swiggy One membership gives me free delivery on Instamart. But the free delivery only applies if my order is above 199. If I just want to buy a single baby bottle cleaner, I have to add random items to hit the threshold. I'm undecided if I should buy these categories here or just walk to the pharmacy.",,2026-05-24T21:46:49.033052,https://www.mockplatform.com/swiggy/mock_twi_b7b0d90d633e,Snacks & Munchies,Undecided,"Baby Care, Cleaning & Household",Loyalty/Instamart Pass discounts do not apply to other categories,0
mock_pro_4610d222ff96,product_hunt,Meera Bose,"I buy my regular household cleaning items and snacks from Instamart. I saw they launched a gourmet and organic section recently. I'm really interested in trying organic seeds and olive oil, but the app search didn't show them properly. Will try if they recommend them on my cart page. Placed order from Bangalore.",,2026-03-30T21:46:49.033059,https://www.mockplatform.com/swiggy/mock_pro_4610d222ff96,Cleaning & Household,Yes,Gourmet & Organic,Difficulty discovering category menu or poor search matching,0
mock_pub_424c7dd7ab9c,public_blogs,Anjali Mehta,"Instamart is great for snacks and beverages when friends come over. But I will never buy vegetables or fruits here. Last time I ordered tomatoes, they were rotten and small. I'd rather buy fresh produce from my local vendor or Safal.",,2026-03-27T21:46:49.033069,https://www.mockplatform.com/swiggy/mock_pub_424c7dd7ab9c,Snacks & Munchies,No,,Fears about quality of fresh produce or meats,0
mock_pub_be14b73a099d,public_blogs,Sneha Nair,"I buy my regular household cleaning items and snacks from Instamart. I saw they launched a gourmet and organic section recently. I'm really interested in trying organic seeds and olive oil, but the app search didn't show them properly. Will try if they recommend them on my cart page. Hope they resolve this soon.",,2026-05-19T21:46:49.033076,https://www.mockplatform.com/swiggy/mock_pub_be14b73a099d,Cleaning & Household,Yes,Gourmet & Organic,Difficulty discovering category menu or poor search matching,0
mock_red_1f081411ea08,reddit,u/arjun_singh,"I buy almost everything on Instamart. Yesterday, I ordered a kitchen knife and a charging cable under Home Essentials, and it came in 9 minutes! Amazing. I'd love to buy my personal care cosmetics (shampoo, face wash) here too, but they don't have premium brands like Cetaphil or Minimalist. Please add them!",,2026-03-31T21:46:49.033082,https://www.mockplatform.com/swiggy/mock_red_1f081411ea08,Kitchen & Home Essentials,Yes,Personal Care,"Prefers specialized apps (FirstCry, Nykaa, Heads Up For Tails)",0
mock_twi_135a002f886e,twitter,@arjun_malhotra,"Instamart is great for snacks and beverages when friends come over. But I will never buy vegetables or fruits here. Last time I ordered tomatoes, they were rotten and small. I'd rather buy fresh produce from my local vendor or Safal. Hope they resolve this soon.",,2026-06-30T21:46:49.033090,https://www.mockplatform.com/swiggy/mock_twi_135a002f886e,Snacks & Munchies,No,,Fears about quality of fresh produce or meats,0
mock_pub_ff69eeb5c7e0,public_blogs,Karan Patel,"Swiggy One membership gives me free delivery on Instamart. But the free delivery only applies if my order is above 199. If I just want to buy a single baby bottle cleaner, I have to add random items to hit the threshold. I'm undecided if I should buy these categories here or just walk to the pharmacy.",,2026-03-16T21:46:49.033098,https://www.mockplatform.com/swiggy/mock_pub_ff69eeb5c7e0,Snacks & Munchies,Undecided,"Baby Care, Cleaning & Household",Loyalty/Instamart Pass discounts do not apply to other categories,0
mock_app_5f0c4d88ce35,app_store,Vikram Nair,I use Swiggy Instamart for urgent snacks or beverages. But the checkout page adds so many fees! Handling fee + delivery charge + surge fee. It doesn't make sense to add a single bottle of handwash because the fees double the price. I'll stick to my local store.,2,2026-03-12T21:46:49.033106,https://www.mockplatform.com/swiggy/mock_app_5f0c4d88ce35,Beverages,No,,High delivery/surge fees on small value items,0
mock_new_21e99b7cc13d,news_articles,Sneha Rao,"I order milk, bread, and eggs from Swiggy Instamart every single morning. It's fast and reliable. But I never buy personal care items or home cleaning liquids here. They are far cheaper at DMart, and Instamart prices have a high premium. I strictly use it for daily groceries.",,2026-04-19T21:46:49.033112,https://www.mockplatform.com/swiggy/mock_new_21e99b7cc13d,"Dairy, Bread & Eggs",No,,Pricing is higher compared to local supermarkets (DMart),0
mock_com_6cda893b4be4,community_forums,Neha Bose,I buy daily groceries. I saw some deals on personal care items like face wash and soaps on Instamart. I'm not sure if the quality is authentic or if they are near expiry. I might try if they show the expiry date on the product page. Instamart is saving me so much time.,,2026-06-18T21:46:49.033119,https://www.mockplatform.com/swiggy/mock_com_6cda893b4be4,"Dairy, Bread & Eggs",Undecided,Personal Care,Difficulty discovering category menu or poor search matching,0
mock_app_c885c70434d1,app_store,Amit Patel,"Instamart is great for snacks and beverages when friends come over. But I will never buy vegetables or fruits here. Last time I ordered tomatoes, they were rotten and small. I'd rather buy fresh produce from my local vendor or Safal.",2,2026-03-19T21:46:49.033138,https://www.mockplatform.com/swiggy/mock_app_c885c70434d1,Snacks & Munchies,No,,Fears about quality of fresh produce or meats,0
mock_you_da439d40f088,youtube,Rahul Singh,"I buy my regular household cleaning items and snacks from Instamart. I saw they launched a gourmet and organic section recently. I'm really interested in trying organic seeds and olive oil, but the app search didn't show them properly. Will try if they recommend them on my cart page.",,2026-05-22T21:46:49.033147,https://www.mockplatform.com/swiggy/mock_you_da439d40f088,Cleaning & Household,Yes,Gourmet & Organic,Difficulty discovering category menu or poor search matching,0
mock_app_ef6fbb99a414,app_store,Priya Verma,"Instamart is my go-to for fruits and vegetables. I want to try ordering fresh chicken and fish from them, but I'm hesitant about how they package it. If they guarantee insulated packaging and Licious-like hygiene, I am willing to switch entirely. Delivery boy was polite.",4,2026-06-28T21:46:49.037120,https://www.mockplatform.com/swiggy/mock_app_ef6fbb99a414,Fruits & Vegetables,Yes,Meat & Fish,Fears about quality of fresh produce or meats,0
mock_com_d2510367c567,community_forums,Rahul Gupta,"Instamart is great for snacks and beverages when friends come over. But I will never buy vegetables or fruits here. Last time I ordered tomatoes, they were rotten and small. I'd rather buy fresh produce from my local vendor or Safal.",,2026-04-28T21:46:49.037149,https://www.mockplatform.com/swiggy/mock_com_d2510367c567,Snacks & Munchies,No,,Fears about quality of fresh produce or meats,0
mock_red_f50a5ea81bab,reddit,u/rahul_sharma,"Swiggy One membership gives me free delivery on Instamart. But the free delivery only applies if my order is above 199. If I just want to buy a single baby bottle cleaner, I have to add random items to hit the threshold. I'm undecided if I should buy these categories here or just walk to the pharmacy. Instamart is saving me so much time.",,2026-04-01T21:46:49.037965,https://www.mockplatform.com/swiggy/mock_red_f50a5ea81bab,Snacks & Munchies,Undecided,"Baby Care, Cleaning & Household",Loyalty/Instamart Pass discounts do not apply to other categories,0
mock_new_77d0d8b9c57a,news_articles,Meera Joshi,"Usually only buy bread and curd. But I noticed a pet care section in the menu. I would love to order wet dog food and treats for my labrador from Instamart since it saves me a trip. However, they only have 1-2 local brands. If they stock Pedigree or Royal Canin, I will buy every month. It's getting better day by day.",,2026-07-01T21:46:49.037997,https://www.mockplatform.com/swiggy/mock_new_77d0d8b9c57a,"Dairy, Bread & Eggs",Yes,Pet Care,Prefers specialized apps (Heads Up For Tails),0
mock_twi_e0e9b5774cdc,twitter,@karan_bose,I buy daily groceries. I saw some deals on personal care items like face wash and soaps on Instamart. I'm not sure if the quality is authentic or if they are near expiry. I might try if they show the expiry date on the product page.,,2026-05-01T21:46:49.038006,https://www.mockplatform.com/swiggy/mock_twi_e0e9b5774cdc,"Dairy, Bread & Eggs",Undecided,Personal Care,Difficulty discovering category menu or poor search matching,0
mock_pro_153dd142f60d,product_hunt,Vikram Verma,"Why is the baby care section on Swiggy Instamart always empty? Whenever I want to order M size Pampers diapers, they are out of stock. I've stopped checking. I buy groceries here but order all my baby needs from FirstCry now.",,2026-06-17T21:46:49.038013,https://www.mockplatform.com/swiggy/mock_pro_153dd142f60d,"Dairy, Bread & Eggs",No,,"Prefers specialized apps (FirstCry, Nykaa, Heads Up For Tails)",0
mock_app_27f56e8ac7bd,app_store,Karan Sen,"I buy my regular household cleaning items and snacks from Instamart. I saw they launched a gourmet and organic section recently. I'm really interested in trying organic seeds and olive oil, but the app search didn't show them properly. Will try if they recommend them on my cart page. Placed order from Bangalore.",4,2026-06-22T21:46:49.038020,https://www.mockplatform.com/swiggy/mock_app_27f56e8ac7bd,Cleaning & Household,Yes,Gourmet & Organic,Difficulty discovering category menu or poor search matching,0
mock_twi_53438d173156,twitter,@karan_joshi,I use Swiggy Instamart for urgent snacks or beverages. But the checkout page adds so many fees! Handling fee + delivery charge + surge fee. It doesn't make sense to add a single bottle of handwash because the fees double the price. I'll stick to my local store.,,2026-03-27T21:46:49.038027,https://www.mockplatform.com/swiggy/mock_twi_53438d173156,Beverages,No,,High delivery/surge fees on small value items,0
mock_quo_799f723e5afd,quora,Sneha Malhotra,"Instamart is my go-to for fruits and vegetables. I want to try ordering fresh chicken and fish from them, but I'm hesitant about how they package it. If they guarantee insulated packaging and Licious-like hygiene, I am willing to switch entirely.",,2026-03-31T21:46:49.038036,https://www.mockplatform.com/swiggy/mock_quo_799f723e5afd,Fruits & Vegetables,Yes,Meat & Fish,Fears about quality of fresh produce or meats,0
mock_app_284e4a1232cf,app_store,Rohan Verma,"Usually only buy bread and curd. But I noticed a pet care section in the menu. I would love to order wet dog food and treats for my labrador from Instamart since it saves me a trip. However, they only have 1-2 local brands. If they stock Pedigree or Royal Canin, I will buy every month.",2,2026-03-17T21:46:49.038042,https://www.mockplatform.com/swiggy/mock_app_284e4a1232cf,"Dairy, Bread & Eggs",Yes,Pet Care,Prefers specialized apps (Heads Up For Tails),0
mock_com_4a4f15e10a8e,community_forums,Rahul Gupta,"I order milk, bread, and eggs from Swiggy Instamart every single morning. It's fast and reliable. But I never buy personal care items or home cleaning liquids here. They are far cheaper at DMart, and Instamart prices have a high premium. I strictly use it for daily groceries.",,2026-04-03T21:46:49.038049,https://www.mockplatform.com/swiggy/mock_com_4a4f15e10a8e,"Dairy, Bread & Eggs",No,,Pricing is higher compared to local supermarkets (DMart),0
mock_twi_64365b03a5a7,twitter,@rohan_mehta,I buy daily groceries. I saw some deals on personal care items like face wash and soaps on Instamart. I'm not sure if the quality is authentic or if they are near expiry. I might try if they show the expiry date on the product page.,,2026-03-14T21:46:49.038055,https://www.mockplatform.com/swiggy/mock_twi_64365b03a5a7,"Dairy, Bread & Eggs",Undecided,Personal Care,Difficulty discovering category menu or poor search matching,0
mock_app_9f81ff9c0e54,app_store,Anjali Verma,I use Swiggy Instamart for urgent snacks or beverages. But the checkout page adds so many fees! Handling fee + delivery charge + surge fee. It doesn't make sense to add a single bottle of handwash because the fees double the price. I'll stick to my local store. Swiggy support is helpful though.,2,2026-05-08T21:46:49.038062,https://www.mockplatform.com/swiggy/mock_app_9f81ff9c0e54,Beverages,No,,High delivery/surge fees on small value items,0
mock_pub_7dfbebeefddb,public_blogs,Rahul Joshi,"I buy almost everything on Instamart. Yesterday, I ordered a kitchen knife and a charging cable under Home Essentials, and it came in 9 minutes! Amazing. I'd love to buy my personal care cosmetics (shampoo, face wash) here too, but they don't have premium brands like Cetaphil or Minimalist. Please add them!",,2026-05-06T21:46:49.038071,https://www.mockplatform.com/swiggy/mock_pub_7dfbebeefddb,Kitchen & Home Essentials,Yes,Personal Care,"Prefers specialized apps (FirstCry, Nykaa, Heads Up For Tails)",0
mock_quo_c13767e0060c,quora,Priya Sen,"Usually only buy bread and curd. But I noticed a pet care section in the menu. I would love to order wet dog food and treats for my labrador from Instamart since it saves me a trip. However, they only have 1-2 local brands. If they stock Pedigree or Royal Canin, I will buy every month.",,2026-03-31T21:46:49.038077,https://www.mockplatform.com/swiggy/mock_quo_c13767e0060c,"Dairy, Bread & Eggs",Yes,Pet Care,Prefers specialized apps (Heads Up For Tails),0
mock_quo_bfa0139d283c,quora,Karan Singh,"Instamart is great for snacks and beverages when friends come over. But I will never buy vegetables or fruits here. Last time I ordered tomatoes, they were rotten and small. I'd rather buy fresh produce from my local vendor or Safal.",,2026-06-01T21:46:49.038083,https://www.mockplatform.com/swiggy/mock_quo_bfa0139d283c,Snacks & Munchies,No,,Fears about quality of fresh produce or meats,0
mock_quo_c053ef486852,quora,Meera Singh,"Why is the baby care section on Swiggy Instamart always empty? Whenever I want to order M size Pampers diapers, they are out of stock. I've stopped checking. I buy groceries here but order all my baby needs from FirstCry now.",,2026-06-14T21:46:49.038090,https://www.mockplatform.com/swiggy/mock_quo_c053ef486852,"Dairy, Bread & Eggs",No,,"Prefers specialized apps (FirstCry, Nykaa, Heads Up For Tails)",0
mock_new_33c396058377,news_articles,Amit Mehta,I buy daily groceries. I saw some deals on personal care items like face wash and soaps on Instamart. I'm not sure if the quality is authentic or if they are near expiry. I might try if they show the expiry date on the product page.,,2026-03-30T21:46:49.038096,https://www.mockplatform.com/swiggy/mock_new_33c396058377,"Dairy, Bread & Eggs",Undecided,Personal Care,Difficulty discovering category menu or poor search matching,0
mock_red_77fcdcdeb9bd,reddit,u/rohan_patel,"Why is the baby care section on Swiggy Instamart always empty? Whenever I want to order M size Pampers diapers, they are out of stock. I've stopped checking. I buy groceries here but order all my baby needs from FirstCry now. Placed order from Bangalore.",,2026-04-19T21:46:49.038102,https://www.mockplatform.com/swiggy/mock_red_77fcdcdeb9bd,"Dairy, Bread & Eggs",No,,"Prefers specialized apps (FirstCry, Nykaa, Heads Up For Tails)",0
mock_red_93f70bfe3f55,reddit,u/meera_malhotra,"I order milk, bread, and eggs from Swiggy Instamart every single morning. It's fast and reliable. But I never buy personal care items or home cleaning liquids here. They are far cheaper at DMart, and Instamart prices have a high premium. I strictly use it for daily groceries.",,2026-04-29T21:46:49.038114,https://www.mockplatform.com/swiggy/mock_red_93f70bfe3f55,"Dairy, Bread & Eggs",No,,Pricing is higher compared to local supermarkets (DMart),0
mock_pro_ad48264400a8,product_hunt,Deepa Patel,"Instamart is my go-to for fruits and vegetables. I want to try ordering fresh chicken and fish from them, but I'm hesitant about how they package it. If they guarantee insulated packaging and Licious-like hygiene, I am willing to switch entirely. Hope they resolve this soon.",,2026-03-19T21:46:49.038121,https://www.mockplatform.com/swiggy/mock_pro_ad48264400a8,Fruits & Vegetables,Yes,Meat & Fish,Fears about quality of fresh produce or meats,0
mock_quo_ffb993265634,quora,Arjun Gupta,"I buy my regular household cleaning items and snacks from Instamart. I saw they launched a gourmet and organic section recently. I'm really interested in trying organic seeds and olive oil, but the app search didn't show them properly. Will try if they recommend them on my cart page.",,2026-04-11T21:46:49.038127,https://www.mockplatform.com/swiggy/mock_quo_ffb993265634,Cleaning & Household,Yes,Gourmet & Organic,Difficulty discovering category menu or poor search matching,0
mock_com_2ce73f91f5e2,community_forums,Anjali Rao,"I order milk, bread, and eggs from Swiggy Instamart every single morning. It's fast and reliable. But I never buy personal care items or home cleaning liquids here. They are far cheaper at DMart, and Instamart prices have a high premium. I strictly use it for daily groceries.",,2026-05-18T21:46:49.038133,https://www.mockplatform.com/swiggy/mock_com_2ce73f91f5e2,"Dairy, Bread & Eggs",No,,Pricing is higher compared to local supermarkets (DMart),0
mock_you_154e7c64c3a7,youtube,Anjali Joshi,I use Swiggy Instamart for urgent snacks or beverages. But the checkout page adds so many fees! Handling fee + delivery charge + surge fee. It doesn't make sense to add a single bottle of handwash because the fees double the price. I'll stick to my local store. Placed order from Bangalore.,,2026-03-22T21:46:49.038141,https://www.mockplatform.com/swiggy/mock_you_154e7c64c3a7,Beverages,No,,High delivery/surge fees on small value items,0
mock_you_9a3fee892b3c,youtube,Priya Bose,"I order milk, bread, and eggs from Swiggy Instamart every single morning. It's fast and reliable. But I never buy personal care items or home cleaning liquids here. They are far cheaper at DMart, and Instamart prices have a high premium. I strictly use it for daily groceries.",,2026-05-04T21:46:49.038148,https://www.mockplatform.com/swiggy/mock_you_9a3fee892b3c,"Dairy, Bread & Eggs",No,,Pricing is higher compared to local supermarkets (DMart),0
mock_new_d429fcec900d,news_articles,Rohan Bose,"Instamart is great for snacks and beverages when friends come over. But I will never buy vegetables or fruits here. Last time I ordered tomatoes, they were rotten and small. I'd rather buy fresh produce from my local vendor or Safal. It's getting better day by day.",,2026-06-27T21:46:49.038153,https://www.mockplatform.com/swiggy/mock_new_d429fcec900d,Snacks & Munchies,No,,Fears about quality of fresh produce or meats,0
mock_pub_33454dc8103c,public_blogs,Sneha Mehta,"Instamart is great for snacks and beverages when friends come over. But I will never buy vegetables or fruits here. Last time I ordered tomatoes, they were rotten and small. I'd rather buy fresh produce from my local vendor or Safal. Hope they resolve this soon.",,2026-04-06T21:46:49.038160,https://www.mockplatform.com/swiggy/mock_pub_33454dc8103c,Snacks & Munchies,No,,Fears about quality of fresh produce or meats,0
mock_pub_70e0699cecd6,public_blogs,Amit Gupta,"Usually only buy bread and curd. But I noticed a pet care section in the menu. I would love to order wet dog food and treats for my labrador from Instamart since it saves me a trip. However, they only have 1-2 local brands. If they stock Pedigree or Royal Canin, I will buy every month. Placed order from Bangalore.",,2026-06-10T21:46:49.038167,https://www.mockplatform.com/swiggy/mock_pub_70e0699cecd6,"Dairy, Bread & Eggs",Yes,Pet Care,Prefers specialized apps (Heads Up For Tails),0
mock_pub_1513b50660fd,public_blogs,Rohan Gupta,"I buy almost everything on Instamart. Yesterday, I ordered a kitchen knife and a charging cable under Home Essentials, and it came in 9 minutes! Amazing. I'd love to buy my personal care cosmetics (shampoo, face wash) here too, but they don't have premium brands like Cetaphil or Minimalist. Please add them! It's getting better day by day.",,2026-04-16T21:46:49.038173,https://www.mockplatform.com/swiggy/mock_pub_1513b50660fd,Kitchen & Home Essentials,Yes,Personal Care,"Prefers specialized apps (FirstCry, Nykaa, Heads Up For Tails)",0
mock_pub_01fa8873ffd5,public_blogs,Arjun Bose,"I buy almost everything on Instamart. Yesterday, I ordered a kitchen knife and a charging cable under Home Essentials, and it came in 9 minutes! Amazing. I'd love to buy my personal care cosmetics (shampoo, face wash) here too, but they don't have premium brands like Cetaphil or Minimalist. Please add them!",,2026-03-25T21:46:49.038179,https://www.mockplatform.com/swiggy/mock_pub_01fa8873ffd5,Kitchen & Home Essentials,Yes,Personal Care,"Prefers specialized apps (FirstCry, Nykaa, Heads Up For Tails)",0
mock_com_6fdddac97bce,community_forums,Amit Bose,"Why is the baby care section on Swiggy Instamart always empty? Whenever I want to order M size Pampers diapers, they are out of stock. I've stopped checking. I buy groceries here but order all my baby needs from FirstCry now.",,2026-07-13T21:46:49.038185,https://www.mockplatform.com/swiggy/mock_com_6fdddac97bce,"Dairy, Bread & Eggs",No,,"Prefers specialized apps (FirstCry, Nykaa, Heads Up For Tails)",0
mock_you_2ce04c556033,youtube,Karan Gupta,"Why is the baby care section on Swiggy Instamart always empty? Whenever I want to order M size Pampers diapers, they are out of stock. I've stopped checking. I buy groceries here but order all my baby needs from FirstCry now.",,2026-07-24T21:46:49.038193,https://www.mockplatform.com/swiggy/mock_you_2ce04c556033,"Dairy, Bread & Eggs",No,,"Prefers specialized apps (FirstCry, Nykaa, Heads Up For Tails)",0
mock_quo_57ad63e6882d,quora,Amit Mehta,"Instamart is great for snacks and beverages when friends come over. But I will never buy vegetables or fruits here. Last time I ordered tomatoes, they were rotten and small. I'd rather buy fresh produce from my local vendor or Safal.",,2026-03-20T21:46:49.038203,https://www.mockplatform.com/swiggy/mock_quo_57ad63e6882d,Snacks & Munchies,No,,Fears about quality of fresh produce or meats,0
mock_new_b77508764d53,news_articles,Priya Singh,I use Swiggy Instamart for urgent snacks or beverages. But the checkout page adds so many fees! Handling fee + delivery charge + surge fee. It doesn't make sense to add a single bottle of handwash because the fees double the price. I'll stick to my local store.,,2026-07-11T21:46:49.038211,https://www.mockplatform.com/swiggy/mock_new_b77508764d53,Beverages,No,,High delivery/surge fees on small value items,0
mock_quo_e8fb03527e57,quora,Arjun Sen,"Swiggy One membership gives me free delivery on Instamart. But the free delivery only applies if my order is above 199. If I just want to buy a single baby bottle cleaner, I have to add random items to hit the threshold. I'm undecided if I should buy these categories here or just walk to the pharmacy.",,2026-04-20T21:46:49.038217,https://www.mockplatform.com/swiggy/mock_quo_e8fb03527e57,Snacks & Munchies,Undecided,"Baby Care, Cleaning & Household",Loyalty/Instamart Pass discounts do not apply to other categories,0
mock_com_a7608b18c341,community_forums,Arjun Patel,"Instamart is my go-to for fruits and vegetables. I want to try ordering fresh chicken and fish from them, but I'm hesitant about how they package it. If they guarantee insulated packaging and Licious-like hygiene, I am willing to switch entirely.",,2026-04-13T21:46:49.038223,https://www.mockplatform.com/swiggy/mock_com_a7608b18c341,Fruits & Vegetables,Yes,Meat & Fish,Fears about quality of fresh produce or meats,0
mock_red_fec55d6b0c4e,reddit,u/anjali_joshi,I buy daily groceries. I saw some deals on personal care items like face wash and soaps on Instamart. I'm not sure if the quality is authentic or if they are near expiry. I might try if they show the expiry date on the product page.,,2026-03-12T21:46:49.038230,https://www.mockplatform.com/swiggy/mock_red_fec55d6b0c4e,"Dairy, Bread & Eggs",Undecided,Personal Care,Difficulty discovering category menu or poor search matching,0
mock_app_fb2b35f29a3b,app_store,Priya Mehta,I buy daily groceries. I saw some deals on personal care items like face wash and soaps on Instamart. I'm not sure if the quality is authentic or if they are near expiry. I might try if they show the expiry date on the product page.,3,2026-06-14T21:46:49.038236,https://www.mockplatform.com/swiggy/mock_app_fb2b35f29a3b,"Dairy, Bread & Eggs",Undecided,Personal Care,Difficulty discovering category menu or poor search matching,0
mock_app_5b9f7349651f,app_store,Sneha Verma,"Swiggy One membership gives me free delivery on Instamart. But the free delivery only applies if my order is above 199. If I just want to buy a single baby bottle cleaner, I have to add random items to hit the threshold. I'm undecided if I should buy these categories here or just walk to the pharmacy.",1,2026-03-05T21:46:49.038242,https://www.mockplatform.com/swiggy/mock_app_5b9f7349651f,Snacks & Munchies,Undecided,"Baby Care, Cleaning & Household",Loyalty/Instamart Pass discounts do not apply to other categories,0
mock_pub_0c644c626900,public_blogs,Vikram Mehta,"Swiggy One membership gives me free delivery on Instamart. But the free delivery only applies if my order is above 199. If I just want to buy a single baby bottle cleaner, I have to add random items to hit the threshold. I'm undecided if I should buy these categories here or just walk to the pharmacy. Hope they resolve this soon.",,2026-07-24T21:46:49.038249,https://www.mockplatform.com/swiggy/mock_pub_0c644c626900,Snacks & Munchies,Undecided,"Baby Care, Cleaning & Household",Loyalty/Instamart Pass discounts do not apply to other categories,0
mock_com_b9a9b40157f6,community_forums,Anjali Rao,"I order milk, bread, and eggs from Swiggy Instamart every single morning. It's fast and reliable. But I never buy personal care items or home cleaning liquids here. They are far cheaper at DMart, and Instamart prices have a high premium. I strictly use it for daily groceries. Hope they resolve this soon.",,2026-03-25T21:46:49.038255,https://www.mockplatform.com/swiggy/mock_com_b9a9b40157f6,"Dairy, Bread & Eggs",No,,Pricing is higher compared to local supermarkets (DMart),0
mock_new_ce86f658c319,news_articles,Amit Mehta,"Usually only buy bread and curd. But I noticed a pet care section in the menu. I would love to order wet dog food and treats for my labrador from Instamart since it saves me a trip. However, they only have 1-2 local brands. If they stock Pedigree or Royal Canin, I will buy every month.",,2026-06-17T21:46:49.038262,https://www.mockplatform.com/swiggy/mock_new_ce86f658c319,"Dairy, Bread & Eggs",Yes,Pet Care,Prefers specialized apps (Heads Up For Tails),0
mock_app_0e45ba803da3,app_store,Rahul Mehta,"Instamart is great for snacks and beverages when friends come over. But I will never buy vegetables or fruits here. Last time I ordered tomatoes, they were rotten and small. I'd rather buy fresh produce from my local vendor or Safal. Strongly recommend this app.",2,2026-04-08T21:46:49.038289,https://www.mockplatform.com/swiggy/mock_app_0e45ba803da3,Snacks & Munchies,No,,Fears about quality of fresh produce or meats,0
mock_app_8b089fdf0056,app_store,Amit Bose,"Swiggy One membership gives me free delivery on Instamart. But the free delivery only applies if my order is above 199. If I just want to buy a single baby bottle cleaner, I have to add random items to hit the threshold. I'm undecided if I should buy these categories here or just walk to the pharmacy.",1,2026-07-09T21:46:49.038298,https://www.mockplatform.com/swiggy/mock_app_8b089fdf0056,Snacks & Munchies,Undecided,"Baby Care, Cleaning & Household",Loyalty/Instamart Pass discounts do not apply to other categories,0
mock_app_da907ac7d2c2,app_store,Deepa Bose,"Why is the baby care section on Swiggy Instamart always empty? Whenever I want to order M size Pampers diapers, they are out of stock. I've stopped checking. I buy groceries here but order all my baby needs from FirstCry now. Hope they resolve this soon.",1,2026-03-11T21:46:49.038304,https://www.mockplatform.com/swiggy/mock_app_da907ac7d2c2,"Dairy, Bread & Eggs",No,,"Prefers specialized apps (FirstCry, Nykaa, Heads Up For Tails)",0
mock_red_7088df0750ce,reddit,u/neha_patel,I buy daily groceries. I saw some deals on personal care items like face wash and soaps on Instamart. I'm not sure if the quality is authentic or if they are near expiry. I might try if they show the expiry date on the product page.,,2026-05-18T21:46:49.038311,https://www.mockplatform.com/swiggy/mock_red_7088df0750ce,"Dairy, Bread & Eggs",Undecided,Personal Care,Difficulty discovering category menu or poor search matching,0
mock_new_9e1a8cceb07c,news_articles,Rahul Singh,I buy daily groceries. I saw some deals on personal care items like face wash and soaps on Instamart. I'm not sure if the quality is authentic or if they are near expiry. I might try if they show the expiry date on the product page.,,2026-04-03T21:46:49.038317,https://www.mockplatform.com/swiggy/mock_new_9e1a8cceb07c,"Dairy, Bread & Eggs",Undecided,Personal Care,Difficulty discovering category menu or poor search matching,0
mock_app_e51214eb5eeb,app_store,Vikram Verma,I use Swiggy Instamart for urgent snacks or beverages. But the checkout page adds so many fees! Handling fee + delivery charge + surge fee. It doesn't make sense to add a single bottle of handwash because the fees double the price. I'll stick to my local store.,1,2026-03-08T21:46:49.038324,https://www.mockplatform.com/swiggy/mock_app_e51214eb5eeb,Beverages,No,,High delivery/surge fees on small value items,0
mock_com_f48d77e55cb6,community_forums,Rahul Sharma,"Why is the baby care section on Swiggy Instamart always empty? Whenever I want to order M size Pampers diapers, they are out of stock. I've stopped checking. I buy groceries here but order all my baby needs from FirstCry now. Delivery boy was polite.",,2026-05-31T21:46:49.038333,https://www.mockplatform.com/swiggy/mock_com_f48d77e55cb6,"Dairy, Bread & Eggs",No,,"Prefers specialized apps (FirstCry, Nykaa, Heads Up For Tails)",0
mock_quo_314852a21c4f,quora,Amit Nair,I buy daily groceries. I saw some deals on personal care items like face wash and soaps on Instamart. I'm not sure if the quality is authentic or if they are near expiry. I might try if they show the expiry date on the product page.,,2026-07-20T21:46:49.038339,https://www.mockplatform.com/swiggy/mock_quo_314852a21c4f,"Dairy, Bread & Eggs",Undecided,Personal Care,Difficulty discovering category menu or poor search matching,0
mock_app_5cf80edd7724,app_store,Amit Patel,I buy daily groceries. I saw some deals on personal care items like face wash and soaps on Instamart. I'm not sure if the quality is authentic or if they are near expiry. I might try if they show the expiry date on the product page. Swiggy support is helpful though.,2,2026-03-15T21:46:49.038346,https://www.mockplatform.com/swiggy/mock_app_5cf80edd7724,"Dairy, Bread & Eggs",Undecided,Personal Care,Difficulty discovering category menu or poor search matching,0
mock_pro_c889fbd00042,product_hunt,Priya Joshi,"Swiggy One membership gives me free delivery on Instamart. But the free delivery only applies if my order is above 199. If I just want to buy a single baby bottle cleaner, I have to add random items to hit the threshold. I'm undecided if I should buy these categories here or just walk to the pharmacy.",,2026-06-18T21:46:49.038353,https://www.mockplatform.com/swiggy/mock_pro_c889fbd00042,Snacks & Munchies,Undecided,"Baby Care, Cleaning & Household",Loyalty/Instamart Pass discounts do not apply to other categories,0
mock_app_a0427bbfa7e6,app_store,Rahul Rao,"Instamart is great for snacks and beverages when friends come over. But I will never buy vegetables or fruits here. Last time I ordered tomatoes, they were rotten and small. I'd rather buy fresh produce from my local vendor or Safal.",1,2026-04-15T21:46:49.038359,https://www.mockplatform.com/swiggy/mock_app_a0427bbfa7e6,Snacks & Munchies,No,,Fears about quality of fresh produce or meats,0
mock_pro_3a86f2467751,product_hunt,Anjali Joshi,"I order milk, bread, and eggs from Swiggy Instamart every single morning. It's fast and reliable. But I never buy personal care items or home cleaning liquids here. They are far cheaper at DMart, and Instamart prices have a high premium. I strictly use it for daily groceries. Placed order from Bangalore.",,2026-05-25T21:46:49.038367,https://www.mockplatform.com/swiggy/mock_pro_3a86f2467751,"Dairy, Bread & Eggs",No,,Pricing is higher compared to local supermarkets (DMart),0
mock_pub_de230511f54f,public_blogs,Vikram Sharma,I buy daily groceries. I saw some deals on personal care items like face wash and soaps on Instamart. I'm not sure if the quality is authentic or if they are near expiry. I might try if they show the expiry date on the product page.,,2026-04-17T21:46:49.038374,https://www.mockplatform.com/swiggy/mock_pub_de230511f54f,"Dairy, Bread & Eggs",Undecided,Personal Care,Difficulty discovering category menu or poor search matching,0
mock_twi_60228283db5e,twitter,@neha_joshi,"Instamart is my go-to for fruits and vegetables. I want to try ordering fresh chicken and fish from them, but I'm hesitant about how they package it. If they guarantee insulated packaging and Licious-like hygiene, I am willing to switch entirely.",,2026-05-29T21:46:49.038380,https://www.mockplatform.com/swiggy/mock_twi_60228283db5e,Fruits & Vegetables,Yes,Meat & Fish,Fears about quality of fresh produce or meats,0
mock_pub_6bd384b0c32a,public_blogs,Rohan Mehta,I use Swiggy Instamart for urgent snacks or beverages. But the checkout page adds so many fees! Handling fee + delivery charge + surge fee. It doesn't make sense to add a single bottle of handwash because the fees double the price. I'll stick to my local store.,,2026-07-02T21:46:49.038386,https://www.mockplatform.com/swiggy/mock_pub_6bd384b0c32a,Beverages,No,,High delivery/surge fees on small value items,0
mock_quo_eae2d3a4002f,quora,Deepa Joshi,I use Swiggy Instamart for urgent snacks or beverages. But the checkout page adds so many fees! Handling fee + delivery charge + surge fee. It doesn't make sense to add a single bottle of handwash because the fees double the price. I'll stick to my local store. Delivery boy was polite.,,2026-04-05T21:46:49.038392,https://www.mockplatform.com/swiggy/mock_quo_eae2d3a4002f,Beverages,No,,High delivery/surge fees on small value items,0
mock_pla_29909f4eb374,play_store,Deepa Rao,"Usually only buy bread and curd. But I noticed a pet care section in the menu. I would love to order wet dog food and treats for my labrador from Instamart since it saves me a trip. However, they only have 1-2 local brands. If they stock Pedigree or Royal Canin, I will buy every month. Hope they resolve this soon.",5,2026-05-28T21:46:49.038399,https://www.mockplatform.com/swiggy/mock_pla_29909f4eb374,"Dairy, Bread & Eggs",Yes,Pet Care,Prefers specialized apps (Heads Up For Tails),0
mock_you_dbd871c46fef,youtube,Meera Gupta,"Why is the baby care section on Swiggy Instamart always empty? Whenever I want to order M size Pampers diapers, they are out of stock. I've stopped checking. I buy groceries here but order all my baby needs from FirstCry now.",,2026-05-21T21:46:49.038407,https://www.mockplatform.com/swiggy/mock_you_dbd871c46fef,"Dairy, Bread & Eggs",No,,"Prefers specialized apps (FirstCry, Nykaa, Heads Up For Tails)",0
mock_pro_8621783ff4f3,product_hunt,Amit Mehta,"Instamart is my go-to for fruits and vegetables. I want to try ordering fresh chicken and fish from them, but I'm hesitant about how they package it. If they guarantee insulated packaging and Licious-like hygiene, I am willing to switch entirely. Strongly recommend this app.",,2026-05-12T21:46:49.038413,https://www.mockplatform.com/swiggy/mock_pro_8621783ff4f3,Fruits & Vegetables,Yes,Meat & Fish,Fears about quality of fresh produce or meats,0
mock_pla_92a77d8598ef,play_store,Neha Patel,"I buy almost everything on Instamart. Yesterday, I ordered a kitchen knife and a charging cable under Home Essentials, and it came in 9 minutes! Amazing. I'd love to buy my personal care cosmetics (shampoo, face wash) here too, but they don't have premium brands like Cetaphil or Minimalist. Please add them! Placed order from Bangalore.",5,2026-02-28T21:46:49.038419,https://www.mockplatform.com/swiggy/mock_pla_92a77d8598ef,Kitchen & Home Essentials,Yes,Personal Care,"Prefers specialized apps (FirstCry, Nykaa, Heads Up For Tails)",0
mock_pla_72706f4cd18e,play_store,Amit Sharma,"Usually only buy bread and curd. But I noticed a pet care section in the menu. I would love to order wet dog food and treats for my labrador from Instamart since it saves me a trip. However, they only have 1-2 local brands. If they stock Pedigree or Royal Canin, I will buy every month. Strongly recommend this app.",2,2026-04-27T21:46:49.038425,https://www.mockplatform.com/swiggy/mock_pla_72706f4cd18e,"Dairy, Bread & Eggs",Yes,Pet Care,Prefers specialized apps (Heads Up For Tails),0
mock_twi_f4aabafc154e,twitter,@anjali_verma,"Usually only buy bread and curd. But I noticed a pet care section in the menu. I would love to order wet dog food and treats for my labrador from Instamart since it saves me a trip. However, they only have 1-2 local brands. If they stock Pedigree or Royal Canin, I will buy every month. Strongly recommend this app.",,2026-07-17T21:46:49.038435,https://www.mockplatform.com/swiggy/mock_twi_f4aabafc154e,"Dairy, Bread & Eggs",Yes,Pet Care,Prefers specialized apps (Heads Up For Tails),0
mock_com_dea105ef1721,community_forums,Karan Sen,"Instamart is great for snacks and beverages when friends come over. But I will never buy vegetables or fruits here. Last time I ordered tomatoes, they were rotten and small. I'd rather buy fresh produce from my local vendor or Safal. Strongly recommend this app.",,2026-07-16T21:46:49.038442,https://www.mockplatform.com/swiggy/mock_com_dea105ef1721,Snacks & Munchies,No,,Fears about quality of fresh produce or meats,0
mock_pro_22d7df319f36,product_hunt,Amit Mehta,"I order milk, bread, and eggs from Swiggy Instamart every single morning. It's fast and reliable. But I never buy personal care items or home cleaning liquids here. They are far cheaper at DMart, and Instamart prices have a high premium. I strictly use it for daily groceries.",,2026-06-27T21:46:49.038448,https://www.mockplatform.com/swiggy/mock_pro_22d7df319f36,"Dairy, Bread & Eggs",No,,Pricing is higher compared to local supermarkets (DMart),0
mock_pla_c3823b50e0b2,play_store,Meera Sharma,"Instamart is great for snacks and beverages when friends come over. But I will never buy vegetables or fruits here. Last time I ordered tomatoes, they were rotten and small. I'd rather buy fresh produce from my local vendor or Safal.",1,2026-04-13T21:46:49.038454,https://www.mockplatform.com/swiggy/mock_pla_c3823b50e0b2,Snacks & Munchies,No,,Fears about quality of fresh produce or meats,0
mock_red_e7c2057f3805,reddit,u/arjun_joshi,"Why is the baby care section on Swiggy Instamart always empty? Whenever I want to order M size Pampers diapers, they are out of stock. I've stopped checking. I buy groceries here but order all my baby needs from FirstCry now. Swiggy support is helpful though.",,2026-04-07T21:46:49.038463,https://www.mockplatform.com/swiggy/mock_red_e7c2057f3805,"Dairy, Bread & Eggs",No,,"Prefers specialized apps (FirstCry, Nykaa, Heads Up For Tails)",0
mock_pro_f70eff9e8e95,product_hunt,Rohan Joshi,I buy daily groceries. I saw some deals on personal care items like face wash and soaps on Instamart. I'm not sure if the quality is authentic or if they are near expiry. I might try if they show the expiry date on the product page.,,2026-05-05T21:46:49.038470,https://www.mockplatform.com/swiggy/mock_pro_f70eff9e8e95,"Dairy, Bread & Eggs",Undecided,Personal Care,Difficulty discovering category menu or poor search matching,0
mock_you_6218726e5a23,youtube,Neha Sharma,"I order milk, bread, and eggs from Swiggy Instamart every single morning. It's fast and reliable. But I never buy personal care items or home cleaning liquids here. They are far cheaper at DMart, and Instamart prices have a high premium. I strictly use it for daily groceries. Strongly recommend this app.",,2026-04-11T21:46:49.038476,https://www.mockplatform.com/swiggy/mock_you_6218726e5a23,"Dairy, Bread & Eggs",No,,Pricing is higher compared to local supermarkets (DMart),0
mock_pro_7c9e18685c86,product_hunt,Meera Rao,"I buy almost everything on Instamart. Yesterday, I ordered a kitchen knife and a charging cable under Home Essentials, and it came in 9 minutes! Amazing. I'd love to buy my personal care cosmetics (shampoo, face wash) here too, but they don't have premium brands like Cetaphil or Minimalist. Please add them!",,2026-04-26T21:46:49.038496,https://www.mockplatform.com/swiggy/mock_pro_7c9e18685c86,Kitchen & Home Essentials,Yes,Personal Care,"Prefers specialized apps (FirstCry, Nykaa, Heads Up For Tails)",0
mock_pub_6db1d4624aca,public_blogs,Rohan Mehta,"I buy almost everything on Instamart. Yesterday, I ordered a kitchen knife and a charging cable under Home Essentials, and it came in 9 minutes! Amazing. I'd love to buy my personal care cosmetics (shampoo, face wash) here too, but they don't have premium brands like Cetaphil or Minimalist. Please add them!",,2026-05-09T21:46:49.038504,https://www.mockplatform.com/swiggy/mock_pub_6db1d4624aca,Kitchen & Home Essentials,Yes,Personal Care,"Prefers specialized apps (FirstCry, Nykaa, Heads Up For Tails)",0
mock_com_ede824d38f63,community_forums,Vikram Singh,"I order milk, bread, and eggs from Swiggy Instamart every single morning. It's fast and reliable. But I never buy personal care items or home cleaning liquids here. They are far cheaper at DMart, and Instamart prices have a high premium. I strictly use it for daily groceries. Placed order from Bangalore.",,2026-03-25T21:46:49.038511,https://www.mockplatform.com/swiggy/mock_com_ede824d38f63,"Dairy, Bread & Eggs",No,,Pricing is higher compared to local supermarkets (DMart),0
mock_red_c7c4d2c9e974,reddit,u/rohan_mehta,I use Swiggy Instamart for urgent snacks or beverages. But the checkout page adds so many fees! Handling fee + delivery charge + surge fee. It doesn't make sense to add a single bottle of handwash because the fees double the price. I'll stick to my local store. Hope they resolve this soon.,,2026-05-23T21:46:49.038574,https://www.mockplatform.com/swiggy/mock_red_c7c4d2c9e974,Beverages,No,,High delivery/surge fees on small value items,0
mock_pub_0fa2ea1e7cef,public_blogs,Priya Rao,"Usually only buy bread and curd. But I noticed a pet care section in the menu. I would love to order wet dog food and treats for my labrador from Instamart since it saves me a trip. However, they only have 1-2 local brands. If they stock Pedigree or Royal Canin, I will buy every month. Instamart is saving me so much time.",,2026-03-23T21:46:49.038586,https://www.mockplatform.com/swiggy/mock_pub_0fa2ea1e7cef,"Dairy, Bread & Eggs",Yes,Pet Care,Prefers specialized apps (Heads Up For Tails),0
mock_com_6ad9bbb4486f,community_forums,Rahul Malhotra,"I buy almost everything on Instamart. Yesterday, I ordered a kitchen knife and a charging cable under Home Essentials, and it came in 9 minutes! Amazing. I'd love to buy my personal care cosmetics (shampoo, face wash) here too, but they don't have premium brands like Cetaphil or Minimalist. Please add them! Swiggy support is helpful though.",,2026-07-26T21:46:49.038593,https://www.mockplatform.com/swiggy/mock_com_6ad9bbb4486f,Kitchen & Home Essentials,Yes,Personal Care,"Prefers specialized apps (FirstCry, Nykaa, Heads Up For Tails)",0
mock_red_40c68d179494,reddit,u/anjali_sharma,I buy daily groceries. I saw some deals on personal care items like face wash and soaps on Instamart. I'm not sure if the quality is authentic or if they are near expiry. I might try if they show the expiry date on the product page.,,2026-03-14T21:46:49.038599,https://www.mockplatform.com/swiggy/mock_red_40c68d179494,"Dairy, Bread & Eggs",Undecided,Personal Care,Difficulty discovering category menu or poor search matching,0
mock_twi_23bfe0fc9cac,twitter,@meera_nair,"Usually only buy bread and curd. But I noticed a pet care section in the menu. I would love to order wet dog food and treats for my labrador from Instamart since it saves me a trip. However, they only have 1-2 local brands. If they stock Pedigree or Royal Canin, I will buy every month.",,2026-05-30T21:46:49.038606,https://www.mockplatform.com/swiggy/mock_twi_23bfe0fc9cac,"Dairy, Bread & Eggs",Yes,Pet Care,Prefers specialized apps (Heads Up For Tails),0
mock_quo_af24dc766da8,quora,Neha Rao,I use Swiggy Instamart for urgent snacks or beverages. But the checkout page adds so many fees! Handling fee + delivery charge + surge fee. It doesn't make sense to add a single bottle of handwash because the fees double the price. I'll stick to my local store.,,2026-05-13T21:46:49.038613,https://www.mockplatform.com/swiggy/mock_quo_af24dc766da8,Beverages,No,,High delivery/surge fees on small value items,0
mock_com_34093ca5496b,community_forums,Amit Verma,I buy daily groceries. I saw some deals on personal care items like face wash and soaps on Instamart. I'm not sure if the quality is authentic or if they are near expiry. I might try if they show the expiry date on the product page.,,2026-06-04T21:46:49.038621,https://www.mockplatform.com/swiggy/mock_com_34093ca5496b,"Dairy, Bread & Eggs",Undecided,Personal Care,Difficulty discovering category menu or poor search matching,0
mock_twi_7f8590615054,twitter,@arjun_sen,"Swiggy One membership gives me free delivery on Instamart. But the free delivery only applies if my order is above 199. If I just want to buy a single baby bottle cleaner, I have to add random items to hit the threshold. I'm undecided if I should buy these categories here or just walk to the pharmacy. Hope they resolve this soon.",,2026-05-25T21:46:49.038627,https://www.mockplatform.com/swiggy/mock_twi_7f8590615054,Snacks & Munchies,Undecided,"Baby Care, Cleaning & Household",Loyalty/Instamart Pass discounts do not apply to other categories,0
mock_new_433024addae3,news_articles,Priya Joshi,"Swiggy One membership gives me free delivery on Instamart. But the free delivery only applies if my order is above 199. If I just want to buy a single baby bottle cleaner, I have to add random items to hit the threshold. I'm undecided if I should buy these categories here or just walk to the pharmacy.",,2026-04-19T21:46:49.038634,https://www.mockplatform.com/swiggy/mock_new_433024addae3,Snacks & Munchies,Undecided,"Baby Care, Cleaning & Household",Loyalty/Instamart Pass discounts do not apply to other categories,0
mock_app_052595e10a0f,app_store,Karan Sharma,I buy daily groceries. I saw some deals on personal care items like face wash and soaps on Instamart. I'm not sure if the quality is authentic or if they are near expiry. I might try if they show the expiry date on the product page. Swiggy support is helpful though.,2,2026-05-03T21:46:49.038640,https://www.mockplatform.com/swiggy/mock_app_052595e10a0f,"Dairy, Bread & Eggs",Undecided,Personal Care,Difficulty discovering category menu or poor search matching,0
mock_new_d498d31aacd4,news_articles,Arjun Singh,"Instamart is great for snacks and beverages when friends come over. But I will never buy vegetables or fruits here. Last time I ordered tomatoes, they were rotten and small. I'd rather buy fresh produce from my local vendor or Safal. Hope they resolve this soon.",,2026-05-19T21:46:49.038649,https://www.mockplatform.com/swiggy/mock_new_d498d31aacd4,Snacks & Munchies,No,,Fears about quality of fresh produce or meats,0
mock_app_1084f1c7df3b,app_store,Karan Rao,I buy daily groceries. I saw some deals on personal care items like face wash and soaps on Instamart. I'm not sure if the quality is authentic or if they are near expiry. I might try if they show the expiry date on the product page.,1,2026-03-03T21:46:49.038656,https://www.mockplatform.com/swiggy/mock_app_1084f1c7df3b,"Dairy, Bread & Eggs",Undecided,Personal Care,Difficulty discovering category menu or poor search matching,0
mock_pro_c9d09c8922b4,product_hunt,Arjun Malhotra,"Swiggy One membership gives me free delivery on Instamart. But the free delivery only applies if my order is above 199. If I just want to buy a single baby bottle cleaner, I have to add random items to hit the threshold. I'm undecided if I should buy these categories here or just walk to the pharmacy.",,2026-07-15T21:46:49.038664,https://www.mockplatform.com/swiggy/mock_pro_c9d09c8922b4,Snacks & Munchies,Undecided,"Baby Care, Cleaning & Household",Loyalty/Instamart Pass discounts do not apply to other categories,0
mock_twi_99de89e3863c,twitter,@sneha_rao,"I order milk, bread, and eggs from Swiggy Instamart every single morning. It's fast and reliable. But I never buy personal care items or home cleaning liquids here. They are far cheaper at DMart, and Instamart prices have a high premium. I strictly use it for daily groceries. Swiggy support is helpful though.",,2026-06-21T21:46:49.038669,https://www.mockplatform.com/swiggy/mock_twi_99de89e3863c,"Dairy, Bread & Eggs",No,,Pricing is higher compared to local supermarkets (DMart),0
mock_twi_0def94617e96,twitter,@anjali_bose,"Swiggy One membership gives me free delivery on Instamart. But the free delivery only applies if my order is above 199. If I just want to buy a single baby bottle cleaner, I have to add random items to hit the threshold. I'm undecided if I should buy these categories here or just walk to the pharmacy. Delivery boy was polite.",,2026-07-25T21:46:49.038678,https://www.mockplatform.com/swiggy/mock_twi_0def94617e96,Snacks & Munchies,Undecided,"Baby Care, Cleaning & Household",Loyalty/Instamart Pass discounts do not apply to other categories,0
mock_pla_159f49c2e38d,play_store,Amit Mehta,"Swiggy One membership gives me free delivery on Instamart. But the free delivery only applies if my order is above 199. If I just want to buy a single baby bottle cleaner, I have to add random items to hit the threshold. I'm undecided if I should buy these categories here or just walk to the pharmacy. Strongly recommend this app.",2,2026-05-24T21:46:49.038685,https://www.mockplatform.com/swiggy/mock_pla_159f49c2e38d,Snacks & Munchies,Undecided,"Baby Care, Cleaning & Household",Loyalty/Instamart Pass discounts do not apply to other categories,0
mock_app_d557deaa7190,app_store,Vikram Nair,"Instamart is great for snacks and beverages when friends come over. But I will never buy vegetables or fruits here. Last time I ordered tomatoes, they were rotten and small. I'd rather buy fresh produce from my local vendor or Safal. Delivery boy was polite.",3,2026-07-09T21:46:49.038692,https://www.mockplatform.com/swiggy/mock_app_d557deaa7190,Snacks & Munchies,No,,Fears about quality of fresh produce or meats,0
mock_pla_beead8f01cbc,play_store,Priya Malhotra,"Instamart is great for snacks and beverages when friends come over. But I will never buy vegetables or fruits here. Last time I ordered tomatoes, they were rotten and small. I'd rather buy fresh produce from my local vendor or Safal. It's getting better day by day.",2,2026-04-11T21:46:49.038698,https://www.mockplatform.com/swiggy/mock_pla_beead8f01cbc,Snacks & Munchies,No,,Fears about quality of fresh produce or meats,0
mock_com_3cb27c40130f,community_forums,Priya Verma,"I buy almost everything on Instamart. Yesterday, I ordered a kitchen knife and a charging cable under Home Essentials, and it came in 9 minutes! Amazing. I'd love to buy my personal care cosmetics (shampoo, face wash) here too, but they don't have premium brands like Cetaphil or Minimalist. Please add them! It's getting better day by day.",,2026-07-13T21:46:49.038707,https://www.mockplatform.com/swiggy/mock_com_3cb27c40130f,Kitchen & Home Essentials,Yes,Personal Care,"Prefers specialized apps (FirstCry, Nykaa, Heads Up For Tails)",0
mock_you_4a99828439f9,youtube,Vikram Gupta,"Usually only buy bread and curd. But I noticed a pet care section in the menu. I would love to order wet dog food and treats for my labrador from Instamart since it saves me a trip. However, they only have 1-2 local brands. If they stock Pedigree or Royal Canin, I will buy every month.",,2026-07-03T21:46:49.038717,https://www.mockplatform.com/swiggy/mock_you_4a99828439f9,"Dairy, Bread & Eggs",Yes,Pet Care,Prefers specialized apps (Heads Up For Tails),0
mock_new_869579b68878,news_articles,Rahul Bose,"I buy my regular household cleaning items and snacks from Instamart. I saw they launched a gourmet and organic section recently. I'm really interested in trying organic seeds and olive oil, but the app search didn't show them properly. Will try if they recommend them on my cart page. Delivery boy was polite.",,2026-03-10T21:46:49.038725,https://www.mockplatform.com/swiggy/mock_new_869579b68878,Cleaning & Household,Yes,Gourmet & Organic,Difficulty discovering category menu or poor search matching,0
mock_new_b6fbc3f2adc5,news_articles,Arjun Malhotra,"I order milk, bread, and eggs from Swiggy Instamart every single morning. It's fast and reliable. But I never buy personal care items or home cleaning liquids here. They are far cheaper at DMart, and Instamart prices have a high premium. I strictly use it for daily groceries. Delivery boy was polite.",,2026-05-10T21:46:49.038732,https://www.mockplatform.com/swiggy/mock_new_b6fbc3f2adc5,"Dairy, Bread & Eggs",No,,Pricing is higher compared to local supermarkets (DMart),0
mock_quo_0e9f7ca5d920,quora,Sneha Singh,"I order milk, bread, and eggs from Swiggy Instamart every single morning. It's fast and reliable. But I never buy personal care items or home cleaning liquids here. They are far cheaper at DMart, and Instamart prices have a high premium. I strictly use it for daily groceries.",,2026-05-01T21:46:49.038740,https://www.mockplatform.com/swiggy/mock_quo_0e9f7ca5d920,"Dairy, Bread & Eggs",No,,Pricing is higher compared to local supermarkets (DMart),0
mock_com_03162a1b4efe,community_forums,Rahul Singh,I buy daily groceries. I saw some deals on personal care items like face wash and soaps on Instamart. I'm not sure if the quality is authentic or if they are near expiry. I might try if they show the expiry date on the product page.,,2026-02-28T21:46:49.038745,https://www.mockplatform.com/swiggy/mock_com_03162a1b4efe,"Dairy, Bread & Eggs",Undecided,Personal Care,Difficulty discovering category menu or poor search matching,0
mock_pro_d245051f7cda,product_hunt,Karan Gupta,"Instamart is my go-to for fruits and vegetables. I want to try ordering fresh chicken and fish from them, but I'm hesitant about how they package it. If they guarantee insulated packaging and Licious-like hygiene, I am willing to switch entirely.",,2026-05-07T21:46:49.038751,https://www.mockplatform.com/swiggy/mock_pro_d245051f7cda,Fruits & Vegetables,Yes,Meat & Fish,Fears about quality of fresh produce or meats,0
mock_pla_d160769a8671,play_store,Deepa Verma,"Swiggy One membership gives me free delivery on Instamart. But the free delivery only applies if my order is above 199. If I just want to buy a single baby bottle cleaner, I have to add random items to hit the threshold. I'm undecided if I should buy these categories here or just walk to the pharmacy.",2,2026-02-27T21:46:49.038757,https://www.mockplatform.com/swiggy/mock_pla_d160769a8671,Snacks & Munchies,Undecided,"Baby Care, Cleaning & Household",Loyalty/Instamart Pass discounts do not apply to other categories,0
mock_new_9c78ce0122f1,news_articles,Priya Malhotra,"I buy almost everything on Instamart. Yesterday, I ordered a kitchen knife and a charging cable under Home Essentials, and it came in 9 minutes! Amazing. I'd love to buy my personal care cosmetics (shampoo, face wash) here too, but they don't have premium brands like Cetaphil or Minimalist. Please add them!",,2026-04-01T21:46:49.038764,https://www.mockplatform.com/swiggy/mock_new_9c78ce0122f1,Kitchen & Home Essentials,Yes,Personal Care,"Prefers specialized apps (FirstCry, Nykaa, Heads Up For Tails)",0
mock_app_9e6e1e968e4d,app_store,Sneha Bose,"I buy my regular household cleaning items and snacks from Instamart. I saw they launched a gourmet and organic section recently. I'm really interested in trying organic seeds and olive oil, but the app search didn't show them properly. Will try if they recommend them on my cart page.",3,2026-07-10T21:46:49.038770,https://www.mockplatform.com/swiggy/mock_app_9e6e1e968e4d,Cleaning & Household,Yes,Gourmet & Organic,Difficulty discovering category menu or poor search matching,0
mock_quo_8c2669b21c17,quora,Vikram Sharma,"Why is the baby care section on Swiggy Instamart always empty? Whenever I want to order M size Pampers diapers, they are out of stock. I've stopped checking. I buy groceries here but order all my baby needs from FirstCry now. Instamart is saving me so much time.",,2026-04-30T21:46:49.038776,https://www.mockplatform.com/swiggy/mock_quo_8c2669b21c17,"Dairy, Bread & Eggs",No,,"Prefers specialized apps (FirstCry, Nykaa, Heads Up For Tails)",0
mock_quo_589d4936e17b,quora,Karan Verma,"Why is the baby care section on Swiggy Instamart always empty? Whenever I want to order M size Pampers diapers, they are out of stock. I've stopped checking. I buy groceries here but order all my baby needs from FirstCry now.",,2026-04-08T21:46:49.038783,https://www.mockplatform.com/swiggy/mock_quo_589d4936e17b,"Dairy, Bread & Eggs",No,,"Prefers specialized apps (FirstCry, Nykaa, Heads Up For Tails)",0
mock_you_04d14fcdfe65,youtube,Rahul Mehta,I use Swiggy Instamart for urgent snacks or beverages. But the checkout page adds so many fees! Handling fee + delivery charge + surge fee. It doesn't make sense to add a single bottle of handwash because the fees double the price. I'll stick to my local store.,,2026-07-13T21:46:49.038790,https://www.mockplatform.com/swiggy/mock_you_04d14fcdfe65,Beverages,No,,High delivery/surge fees on small value items,0
mock_pub_b90e1e263d3d,public_blogs,Deepa Singh,"I order milk, bread, and eggs from Swiggy Instamart every single morning. It's fast and reliable. But I never buy personal care items or home cleaning liquids here. They are far cheaper at DMart, and Instamart prices have a high premium. I strictly use it for daily groceries. Swiggy support is helpful though.",,2026-06-02T21:46:49.038798,https://www.mockplatform.com/swiggy/mock_pub_b90e1e263d3d,"Dairy, Bread & Eggs",No,,Pricing is higher compared to local supermarkets (DMart),0
mock_twi_9271badae900,twitter,@priya_bose,I use Swiggy Instamart for urgent snacks or beverages. But the checkout page adds so many fees! Handling fee + delivery charge + surge fee. It doesn't make sense to add a single bottle of handwash because the fees double the price. I'll stick to my local store. It's getting better day by day.,,2026-06-02T21:46:49.038805,https://www.mockplatform.com/swiggy/mock_twi_9271badae900,Beverages,No,,High delivery/surge fees on small value items,0
mock_new_1cfed462dd7d,news_articles,Vikram Sen,"Usually only buy bread and curd. But I noticed a pet care section in the menu. I would love to order wet dog food and treats for my labrador from Instamart since it saves me a trip. However, they only have 1-2 local brands. If they stock Pedigree or Royal Canin, I will buy every month.",,2026-04-27T21:46:49.038812,https://www.mockplatform.com/swiggy/mock_new_1cfed462dd7d,"Dairy, Bread & Eggs",Yes,Pet Care,Prefers specialized apps (Heads Up For Tails),0
mock_red_7300e746f06e,reddit,u/karan_sen,"Why is the baby care section on Swiggy Instamart always empty? Whenever I want to order M size Pampers diapers, they are out of stock. I've stopped checking. I buy groceries here but order all my baby needs from FirstCry now.",,2026-04-22T21:46:49.038818,https://www.mockplatform.com/swiggy/mock_red_7300e746f06e,"Dairy, Bread & Eggs",No,,"Prefers specialized apps (FirstCry, Nykaa, Heads Up For Tails)",0
mock_red_2948f4e56c12,reddit,u/rahul_gupta,"Usually only buy bread and curd. But I noticed a pet care section in the menu. I would love to order wet dog food and treats for my labrador from Instamart since it saves me a trip. However, they only have 1-2 local brands. If they stock Pedigree or Royal Canin, I will buy every month.",,2026-04-02T21:46:49.038825,https://www.mockplatform.com/swiggy/mock_red_2948f4e56c12,"Dairy, Bread & Eggs",Yes,Pet Care,Prefers specialized apps (Heads Up For Tails),0
mock_new_f6e32b39d4ab,news_articles,Priya Rao,I buy daily groceries. I saw some deals on personal care items like face wash and soaps on Instamart. I'm not sure if the quality is authentic or if they are near expiry. I might try if they show the expiry date on the product page.,,2026-07-21T21:46:49.038831,https://www.mockplatform.com/swiggy/mock_new_f6e32b39d4ab,"Dairy, Bread & Eggs",Undecided,Personal Care,Difficulty discovering category menu or poor search matching,0
mock_pub_e10c35a6e4c4,public_blogs,Rohan Verma,"I buy almost everything on Instamart. Yesterday, I ordered a kitchen knife and a charging cable under Home Essentials, and it came in 9 minutes! Amazing. I'd love to buy my personal care cosmetics (shampoo, face wash) here too, but they don't have premium brands like Cetaphil or Minimalist. Please add them! Strongly recommend this app.",,2026-04-19T21:46:49.038839,https://www.mockplatform.com/swiggy/mock_pub_e10c35a6e4c4,Kitchen & Home Essentials,Yes,Personal Care,"Prefers specialized apps (FirstCry, Nykaa, Heads Up For Tails)",0
mock_com_7398da9ef8b3,community_forums,Arjun Malhotra,"Swiggy One membership gives me free delivery on Instamart. But the free delivery only applies if my order is above 199. If I just want to buy a single baby bottle cleaner, I have to add random items to hit the threshold. I'm undecided if I should buy these categories here or just walk to the pharmacy.",,2026-06-26T21:46:49.038847,https://www.mockplatform.com/swiggy/mock_com_7398da9ef8b3,Snacks & Munchies,Undecided,"Baby Care, Cleaning & Household",Loyalty/Instamart Pass discounts do not apply to other categories,0
mock_pla_4c8e1ac0c763,play_store,Arjun Bose,"Usually only buy bread and curd. But I noticed a pet care section in the menu. I would love to order wet dog food and treats for my labrador from Instamart since it saves me a trip. However, they only have 1-2 local brands. If they stock Pedigree or Royal Canin, I will buy every month.",1,2026-05-24T21:46:49.038853,https://www.mockplatform.com/swiggy/mock_pla_4c8e1ac0c763,"Dairy, Bread & Eggs",Yes,Pet Care,Prefers specialized apps (Heads Up For Tails),0
mock_you_c6ad95888e67,youtube,Rohan Gupta,"Instamart is my go-to for fruits and vegetables. I want to try ordering fresh chicken and fish from them, but I'm hesitant about how they package it. If they guarantee insulated packaging and Licious-like hygiene, I am willing to switch entirely. It's getting better day by day.",,2026-05-24T21:46:49.038862,https://www.mockplatform.com/swiggy/mock_you_c6ad95888e67,Fruits & Vegetables,Yes,Meat & Fish,Fears about quality of fresh produce or meats,0
mock_app_3e57e5a1b4ae,app_store,Karan Joshi,"Instamart is great for snacks and beverages when friends come over. But I will never buy vegetables or fruits here. Last time I ordered tomatoes, they were rotten and small. I'd rather buy fresh produce from my local vendor or Safal.",1,2026-04-29T21:46:49.038869,https://www.mockplatform.com/swiggy/mock_app_3e57e5a1b4ae,Snacks & Munchies,No,,Fears about quality of fresh produce or meats,0
mock_you_3c73308fb7ff,youtube,Deepa Singh,"Why is the baby care section on Swiggy Instamart always empty? Whenever I want to order M size Pampers diapers, they are out of stock. I've stopped checking. I buy groceries here but order all my baby needs from FirstCry now.",,2026-06-21T21:46:49.038876,https://www.mockplatform.com/swiggy/mock_you_3c73308fb7ff,"Dairy, Bread & Eggs",No,,"Prefers specialized apps (FirstCry, Nykaa, Heads Up For Tails)",0
mock_app_52030ded6795,app_store,Neha Mehta,"Why is the baby care section on Swiggy Instamart always empty? Whenever I want to order M size Pampers diapers, they are out of stock. I've stopped checking. I buy groceries here but order all my baby needs from FirstCry now.",3,2026-04-14T21:46:49.038881,https://www.mockplatform.com/swiggy/mock_app_52030ded6795,"Dairy, Bread & Eggs",No,,"Prefers specialized apps (FirstCry, Nykaa, Heads Up For Tails)",0
mock_app_50cc1f7136c6,app_store,Rohan Malhotra,I use Swiggy Instamart for urgent snacks or beverages. But the checkout page adds so many fees! Handling fee + delivery charge + surge fee. It doesn't make sense to add a single bottle of handwash because the fees double the price. I'll stick to my local store. Swiggy support is helpful though.,2,2026-05-21T21:46:49.038887,https://www.mockplatform.com/swiggy/mock_app_50cc1f7136c6,Beverages,No,,High delivery/surge fees on small value items,0
mock_pro_78cead059bdf,product_hunt,Anjali Sharma,"Swiggy One membership gives me free delivery on Instamart. But the free delivery only applies if my order is above 199. If I just want to buy a single baby bottle cleaner, I have to add random items to hit the threshold. I'm undecided if I should buy these categories here or just walk to the pharmacy. Instamart is saving me so much time.",,2026-04-09T21:46:49.038895,https://www.mockplatform.com/swiggy/mock_pro_78cead059bdf,Snacks & Munchies,Undecided,"Baby Care, Cleaning & Household",Loyalty/Instamart Pass discounts do not apply to other categories,0
mock_new_f0104647a083,news_articles,Sneha Verma,"Swiggy One membership gives me free delivery on Instamart. But the free delivery only applies if my order is above 199. If I just want to buy a single baby bottle cleaner, I have to add random items to hit the threshold. I'm undecided if I should buy these categories here or just walk to the pharmacy. Swiggy support is helpful though.",,2026-06-28T21:46:49.038902,https://www.mockplatform.com/swiggy/mock_new_f0104647a083,Snacks & Munchies,Undecided,"Baby Care, Cleaning & Household",Loyalty/Instamart Pass discounts do not apply to other categories,0
mock_red_ffd42f71c2a0,reddit,u/meera_nair,"Why is the baby care section on Swiggy Instamart always empty? Whenever I want to order M size Pampers diapers, they are out of stock. I've stopped checking. I buy groceries here but order all my baby needs from FirstCry now. Swiggy support is helpful though.",,2026-06-22T21:46:49.038908,https://www.mockplatform.com/swiggy/mock_red_ffd42f71c2a0,"Dairy, Bread & Eggs",No,,"Prefers specialized apps (FirstCry, Nykaa, Heads Up For Tails)",0
mock_pro_42bf4924f32f,product_hunt,Rohan Joshi,"I buy my regular household cleaning items and snacks from Instamart. I saw they launched a gourmet and organic section recently. I'm really interested in trying organic seeds and olive oil, but the app search didn't show them properly. Will try if they recommend them on my cart page. Instamart is saving me so much time.",,2026-04-20T21:46:49.038915,https://www.mockplatform.com/swiggy/mock_pro_42bf4924f32f,Cleaning & Household,Yes,Gourmet & Organic,Difficulty discovering category menu or poor search matching,0
mock_pla_6f8028f80c8d,play_store,Priya Bose,"I order milk, bread, and eggs from Swiggy Instamart every single morning. It's fast and reliable. But I never buy personal care items or home cleaning liquids here. They are far cheaper at DMart, and Instamart prices have a high premium. I strictly use it for daily groceries.",1,2026-05-06T21:46:49.038922,https://www.mockplatform.com/swiggy/mock_pla_6f8028f80c8d,"Dairy, Bread & Eggs",No,,Pricing is higher compared to local supermarkets (DMart),0
mock_app_d6b53d6587ca,app_store,Arjun Nair,"Instamart is great for snacks and beverages when friends come over. But I will never buy vegetables or fruits here. Last time I ordered tomatoes, they were rotten and small. I'd rather buy fresh produce from my local vendor or Safal. It's getting better day by day.",3,2026-03-20T21:46:49.038930,https://www.mockplatform.com/swiggy/mock_app_d6b53d6587ca,Snacks & Munchies,No,,Fears about quality of fresh produce or meats,0
mock_you_5a6b3bbaf388,youtube,Meera Mehta,I use Swiggy Instamart for urgent snacks or beverages. But the checkout page adds so many fees! Handling fee + delivery charge + surge fee. It doesn't make sense to add a single bottle of handwash because the fees double the price. I'll stick to my local store.,,2026-05-09T21:46:49.038938,https://www.mockplatform.com/swiggy/mock_you_5a6b3bbaf388,Beverages,No,,High delivery/surge fees on small value items,0
mock_quo_2509316df46e,quora,Karan Rao,"I buy my regular household cleaning items and snacks from Instamart. I saw they launched a gourmet and organic section recently. I'm really interested in trying organic seeds and olive oil, but the app search didn't show them properly. Will try if they recommend them on my cart page. Instamart is saving me so much time.",,2026-03-11T21:46:49.038944,https://www.mockplatform.com/swiggy/mock_quo_2509316df46e,Cleaning & Household,Yes,Gourmet & Organic,Difficulty discovering category menu or poor search matching,0
mock_red_a71c9eaf1ec4,reddit,u/vikram_bose,"I buy almost everything on Instamart. Yesterday, I ordered a kitchen knife and a charging cable under Home Essentials, and it came in 9 minutes! Amazing. I'd love to buy my personal care cosmetics (shampoo, face wash) here too, but they don't have premium brands like Cetaphil or Minimalist. Please add them!",,2026-06-16T21:46:49.038950,https://www.mockplatform.com/swiggy/mock_red_a71c9eaf1ec4,Kitchen & Home Essentials,Yes,Personal Care,"Prefers specialized apps (FirstCry, Nykaa, Heads Up For Tails)",0
mock_pla_38089fbc3a04,play_store,Arjun Mehta,"I order milk, bread, and eggs from Swiggy Instamart every single morning. It's fast and reliable. But I never buy personal care items or home cleaning liquids here. They are far cheaper at DMart, and Instamart prices have a high premium. I strictly use it for daily groceries. Strongly recommend this app.",3,2026-04-13T21:46:49.038959,https://www.mockplatform.com/swiggy/mock_pla_38089fbc3a04,"Dairy, Bread & Eggs",No,,Pricing is higher compared to local supermarkets (DMart),0
mock_pro_a26193a4c285,product_hunt,Priya Sharma,"Usually only buy bread and curd. But I noticed a pet care section in the menu. I would love to order wet dog food and treats for my labrador from Instamart since it saves me a trip. However, they only have 1-2 local brands. If they stock Pedigree or Royal Canin, I will buy every month.",,2026-07-16T21:46:49.038966,https://www.mockplatform.com/swiggy/mock_pro_a26193a4c285,"Dairy, Bread & Eggs",Yes,Pet Care,Prefers specialized apps (Heads Up For Tails),0
mock_pub_8b15b4a9cdeb,public_blogs,Rahul Singh,I use Swiggy Instamart for urgent snacks or beverages. But the checkout page adds so many fees! Handling fee + delivery charge + surge fee. It doesn't make sense to add a single bottle of handwash because the fees double the price. I'll stick to my local store.,,2026-05-18T21:46:49.038972,https://www.mockplatform.com/swiggy/mock_pub_8b15b4a9cdeb,Beverages,No,,High delivery/surge fees on small value items,0
mock_com_65261fbfae4c,community_forums,Vikram Gupta,"Instamart is great for snacks and beverages when friends come over. But I will never buy vegetables or fruits here. Last time I ordered tomatoes, they were rotten and small. I'd rather buy fresh produce from my local vendor or Safal. Swiggy support is helpful though.",,2026-06-07T21:46:49.038979,https://www.mockplatform.com/swiggy/mock_com_65261fbfae4c,Snacks & Munchies,No,,Fears about quality of fresh produce or meats,0
mock_you_3f82062e6d23,youtube,Rohan Joshi,I use Swiggy Instamart for urgent snacks or beverages. But the checkout page adds so many fees! Handling fee + delivery charge + surge fee. It doesn't make sense to add a single bottle of handwash because the fees double the price. I'll stick to my local store.,,2026-03-15T21:46:49.038990,https://www.mockplatform.com/swiggy/mock_you_3f82062e6d23,Beverages,No,,High delivery/surge fees on small value items,0
mock_pro_52b4349ea487,product_hunt,Meera Gupta,I use Swiggy Instamart for urgent snacks or beverages. But the checkout page adds so many fees! Handling fee + delivery charge + surge fee. It doesn't make sense to add a single bottle of handwash because the fees double the price. I'll stick to my local store. Placed order from Bangalore.,,2026-06-05T21:46:49.038996,https://www.mockplatform.com/swiggy/mock_pro_52b4349ea487,Beverages,No,,High delivery/surge fees on small value items,0
mock_red_17380fda6773,reddit,u/rahul_gupta,"I order milk, bread, and eggs from Swiggy Instamart every single morning. It's fast and reliable. But I never buy personal care items or home cleaning liquids here. They are far cheaper at DMart, and Instamart prices have a high premium. I strictly use it for daily groceries.",,2026-04-07T21:46:49.039006,https://www.mockplatform.com/swiggy/mock_red_17380fda6773,"Dairy, Bread & Eggs",No,,Pricing is higher compared to local supermarkets (DMart),0
mock_quo_b4fd2024ff0c,quora,Deepa Singh,"Why is the baby care section on Swiggy Instamart always empty? Whenever I want to order M size Pampers diapers, they are out of stock. I've stopped checking. I buy groceries here but order all my baby needs from FirstCry now.",,2026-04-02T21:46:49.039014,https://www.mockplatform.com/swiggy/mock_quo_b4fd2024ff0c,"Dairy, Bread & Eggs",No,,"Prefers specialized apps (FirstCry, Nykaa, Heads Up For Tails)",0
mock_pro_1ee5745e486a,product_hunt,Meera Patel,"I order milk, bread, and eggs from Swiggy Instamart every single morning. It's fast and reliable. But I never buy personal care items or home cleaning liquids here. They are far cheaper at DMart, and Instamart prices have a high premium. I strictly use it for daily groceries.",,2026-03-16T21:46:49.039021,https://www.mockplatform.com/swiggy/mock_pro_1ee5745e486a,"Dairy, Bread & Eggs",No,,Pricing is higher compared to local supermarkets (DMart),0
mock_app_a4036660eec0,app_store,Meera Verma,I use Swiggy Instamart for urgent snacks or beverages. But the checkout page adds so many fees! Handling fee + delivery charge + surge fee. It doesn't make sense to add a single bottle of handwash because the fees double the price. I'll stick to my local store.,2,2026-04-01T21:46:49.039027,https://www.mockplatform.com/swiggy/mock_app_a4036660eec0,Beverages,No,,High delivery/surge fees on small value items,0
mock_pro_64431e4c5770,product_hunt,Sneha Joshi,"I buy my regular household cleaning items and snacks from Instamart. I saw they launched a gourmet and organic section recently. I'm really interested in trying organic seeds and olive oil, but the app search didn't show them properly. Will try if they recommend them on my cart page.",,2026-05-23T21:46:49.039035,https://www.mockplatform.com/swiggy/mock_pro_64431e4c5770,Cleaning & Household,Yes,Gourmet & Organic,Difficulty discovering category menu or poor search matching,0
mock_new_2ff101c84e22,news_articles,Anjali Bose,"Swiggy One membership gives me free delivery on Instamart. But the free delivery only applies if my order is above 199. If I just want to buy a single baby bottle cleaner, I have to add random items to hit the threshold. I'm undecided if I should buy these categories here or just walk to the pharmacy.",,2026-05-13T21:46:49.039061,https://www.mockplatform.com/swiggy/mock_new_2ff101c84e22,Snacks & Munchies,Undecided,"Baby Care, Cleaning & Household",Loyalty/Instamart Pass discounts do not apply to other categories,0
mock_pub_f8207de41e0e,public_blogs,Rohan Gupta,"Instamart is my go-to for fruits and vegetables. I want to try ordering fresh chicken and fish from them, but I'm hesitant about how they package it. If they guarantee insulated packaging and Licious-like hygiene, I am willing to switch entirely.",,2026-04-10T21:46:49.039071,https://www.mockplatform.com/swiggy/mock_pub_f8207de41e0e,Fruits & Vegetables,Yes,Meat & Fish,Fears about quality of fresh produce or meats,0
mock_pla_7a07fafed3d8,play_store,Vikram Malhotra,I buy daily groceries. I saw some deals on personal care items like face wash and soaps on Instamart. I'm not sure if the quality is authentic or if they are near expiry. I might try if they show the expiry date on the product page. It's getting better day by day.,2,2026-06-03T21:46:49.039083,https://www.mockplatform.com/swiggy/mock_pla_7a07fafed3d8,"Dairy, Bread & Eggs",Undecided,Personal Care,Difficulty discovering category menu or poor search matching,0
mock_pub_d76b6c066b0d,public_blogs,Rohan Rao,"Swiggy One membership gives me free delivery on Instamart. But the free delivery only applies if my order is above 199. If I just want to buy a single baby bottle cleaner, I have to add random items to hit the threshold. I'm undecided if I should buy these categories here or just walk to the pharmacy. It's getting better day by day.",,2026-05-11T21:46:49.039090,https://www.mockplatform.com/swiggy/mock_pub_d76b6c066b0d,Snacks & Munchies,Undecided,"Baby Care, Cleaning & Household",Loyalty/Instamart Pass discounts do not apply to other categories,0
mock_app_6cdf2c1b0281,app_store,Arjun Joshi,"Instamart is my go-to for fruits and vegetables. I want to try ordering fresh chicken and fish from them, but I'm hesitant about how they package it. If they guarantee insulated packaging and Licious-like hygiene, I am willing to switch entirely.",2,2026-03-04T21:46:49.039101,https://www.mockplatform.com/swiggy/mock_app_6cdf2c1b0281,Fruits & Vegetables,Yes,Meat & Fish,Fears about quality of fresh produce or meats,0
mock_twi_738f8c73f797,twitter,@karan_singh,"Usually only buy bread and curd. But I noticed a pet care section in the menu. I would love to order wet dog food and treats for my labrador from Instamart since it saves me a trip. However, they only have 1-2 local brands. If they stock Pedigree or Royal Canin, I will buy every month.",,2026-04-27T21:46:49.039114,https://www.mockplatform.com/swiggy/mock_twi_738f8c73f797,"Dairy, Bread & Eggs",Yes,Pet Care,Prefers specialized apps (Heads Up For Tails),0
mock_you_ded3a2efcef7,youtube,Deepa Nair,"Swiggy One membership gives me free delivery on Instamart. But the free delivery only applies if my order is above 199. If I just want to buy a single baby bottle cleaner, I have to add random items to hit the threshold. I'm undecided if I should buy these categories here or just walk to the pharmacy.",,2026-07-24T21:46:49.039166,https://www.mockplatform.com/swiggy/mock_you_ded3a2efcef7,Snacks & Munchies,Undecided,"Baby Care, Cleaning & Household",Loyalty/Instamart Pass discounts do not apply to other categories,0
mock_com_3a060cdf8dc0,community_forums,Neha Joshi,"Swiggy One membership gives me free delivery on Instamart. But the free delivery only applies if my order is above 199. If I just want to buy a single baby bottle cleaner, I have to add random items to hit the threshold. I'm undecided if I should buy these categories here or just walk to the pharmacy.",,2026-07-15T21:46:49.039193,https://www.mockplatform.com/swiggy/mock_com_3a060cdf8dc0,Snacks & Munchies,Undecided,"Baby Care, Cleaning & Household",Loyalty/Instamart Pass discounts do not apply to other categories,0
mock_app_d2ef031bcb5b,app_store,Anjali Malhotra,"I buy my regular household cleaning items and snacks from Instamart. I saw they launched a gourmet and organic section recently. I'm really interested in trying organic seeds and olive oil, but the app search didn't show them properly. Will try if they recommend them on my cart page. Delivery boy was polite.",3,2026-06-30T21:46:49.039201,https://www.mockplatform.com/swiggy/mock_app_d2ef031bcb5b,Cleaning & Household,Yes,Gourmet & Organic,Difficulty discovering category menu or poor search matching,0
mock_red_a20cd6c97f5b,reddit,u/anjali_malhotra,I buy daily groceries. I saw some deals on personal care items like face wash and soaps on Instamart. I'm not sure if the quality is authentic or if they are near expiry. I might try if they show the expiry date on the product page. Strongly recommend this app.,,2026-05-24T21:46:49.039209,https://www.mockplatform.com/swiggy/mock_red_a20cd6c97f5b,"Dairy, Bread & Eggs",Undecided,Personal Care,Difficulty discovering category menu or poor search matching,0
mock_com_a6ea63bb8570,community_forums,Vikram Verma,"I buy my regular household cleaning items and snacks from Instamart. I saw they launched a gourmet and organic section recently. I'm really interested in trying organic seeds and olive oil, but the app search didn't show them properly. Will try if they recommend them on my cart page.",,2026-06-08T21:46:49.039217,https://www.mockplatform.com/swiggy/mock_com_a6ea63bb8570,Cleaning & Household,Yes,Gourmet & Organic,Difficulty discovering category menu or poor search matching,0
mock_quo_71c7bfabba38,quora,Karan Singh,I buy daily groceries. I saw some deals on personal care items like face wash and soaps on Instamart. I'm not sure if the quality is authentic or if they are near expiry. I might try if they show the expiry date on the product page. It's getting better day by day.,,2026-05-06T21:46:49.039224,https://www.mockplatform.com/swiggy/mock_quo_71c7bfabba38,"Dairy, Bread & Eggs",Undecided,Personal Care,Difficulty discovering category menu or poor search matching,0
mock_pro_5adaf987c6f8,product_hunt,Rohan Singh,I use Swiggy Instamart for urgent snacks or beverages. But the checkout page adds so many fees! Handling fee + delivery charge + surge fee. It doesn't make sense to add a single bottle of handwash because the fees double the price. I'll stick to my local store. Instamart is saving me so much time.,,2026-06-20T21:46:49.039230,https://www.mockplatform.com/swiggy/mock_pro_5adaf987c6f8,Beverages,No,,High delivery/surge fees on small value items,0
mock_twi_604d19dbdbc9,twitter,@anjali_rao,"Why is the baby care section on Swiggy Instamart always empty? Whenever I want to order M size Pampers diapers, they are out of stock. I've stopped checking. I buy groceries here but order all my baby needs from FirstCry now.",,2026-05-25T21:46:49.039237,https://www.mockplatform.com/swiggy/mock_twi_604d19dbdbc9,"Dairy, Bread & Eggs",No,,"Prefers specialized apps (FirstCry, Nykaa, Heads Up For Tails)",0
mock_pla_a57fcc9f43a9,play_store,Meera Singh,"Instamart is great for snacks and beverages when friends come over. But I will never buy vegetables or fruits here. Last time I ordered tomatoes, they were rotten and small. I'd rather buy fresh produce from my local vendor or Safal.",1,2026-04-10T21:46:49.039244,https://www.mockplatform.com/swiggy/mock_pla_a57fcc9f43a9,Snacks & Munchies,No,,Fears about quality of fresh produce or meats,0
mock_quo_b5b3081312a7,quora,Rohan Nair,"I buy my regular household cleaning items and snacks from Instamart. I saw they launched a gourmet and organic section recently. I'm really interested in trying organic seeds and olive oil, but the app search didn't show them properly. Will try if they recommend them on my cart page.",,2026-05-19T21:46:49.039259,https://www.mockplatform.com/swiggy/mock_quo_b5b3081312a7,Cleaning & Household,Yes,Gourmet & Organic,Difficulty discovering category menu or poor search matching,0
mock_new_a4c36839d7ed,news_articles,Vikram Nair,"Swiggy One membership gives me free delivery on Instamart. But the free delivery only applies if my order is above 199. If I just want to buy a single baby bottle cleaner, I have to add random items to hit the threshold. I'm undecided if I should buy these categories here or just walk to the pharmacy.",,2026-05-19T21:46:49.039266,https://www.mockplatform.com/swiggy/mock_new_a4c36839d7ed,Snacks & Munchies,Undecided,"Baby Care, Cleaning & Household",Loyalty/Instamart Pass discounts do not apply to other categories,0
mock_pub_2f6dd94aab7d,public_blogs,Deepa Gupta,"I order milk, bread, and eggs from Swiggy Instamart every single morning. It's fast and reliable. But I never buy personal care items or home cleaning liquids here. They are far cheaper at DMart, and Instamart prices have a high premium. I strictly use it for daily groceries.",,2026-05-28T21:46:49.039274,https://www.mockplatform.com/swiggy/mock_pub_2f6dd94aab7d,"Dairy, Bread & Eggs",No,,Pricing is higher compared to local supermarkets (DMart),0
mock_you_ca9eaa7e53b7,youtube,Rohan Mehta,"I buy my regular household cleaning items and snacks from Instamart. I saw they launched a gourmet and organic section recently. I'm really interested in trying organic seeds and olive oil, but the app search didn't show them properly. Will try if they recommend them on my cart page.",,2026-04-20T21:46:49.039280,https://www.mockplatform.com/swiggy/mock_you_ca9eaa7e53b7,Cleaning & Household,Yes,Gourmet & Organic,Difficulty discovering category menu or poor search matching,0
mock_new_040953b18c9e,news_articles,Amit Patel,I buy daily groceries. I saw some deals on personal care items like face wash and soaps on Instamart. I'm not sure if the quality is authentic or if they are near expiry. I might try if they show the expiry date on the product page.,,2026-03-23T21:46:49.039289,https://www.mockplatform.com/swiggy/mock_new_040953b18c9e,"Dairy, Bread & Eggs",Undecided,Personal Care,Difficulty discovering category menu or poor search matching,0
mock_com_c9e7951cffc9,community_forums,Amit Rao,"I buy almost everything on Instamart. Yesterday, I ordered a kitchen knife and a charging cable under Home Essentials, and it came in 9 minutes! Amazing. I'd love to buy my personal care cosmetics (shampoo, face wash) here too, but they don't have premium brands like Cetaphil or Minimalist. Please add them!",,2026-07-12T21:46:49.039296,https://www.mockplatform.com/swiggy/mock_com_c9e7951cffc9,Kitchen & Home Essentials,Yes,Personal Care,"Prefers specialized apps (FirstCry, Nykaa, Heads Up For Tails)",0
mock_pub_b06d493d999b,public_blogs,Deepa Singh,"Why is the baby care section on Swiggy Instamart always empty? Whenever I want to order M size Pampers diapers, they are out of stock. I've stopped checking. I buy groceries here but order all my baby needs from FirstCry now. Placed order from Bangalore.",,2026-07-26T21:46:49.039304,https://www.mockplatform.com/swiggy/mock_pub_b06d493d999b,"Dairy, Bread & Eggs",No,,"Prefers specialized apps (FirstCry, Nykaa, Heads Up For Tails)",0
mock_com_4f9e8a96607a,community_forums,Anjali Verma,"I buy almost everything on Instamart. Yesterday, I ordered a kitchen knife and a charging cable under Home Essentials, and it came in 9 minutes! Amazing. I'd love to buy my personal care cosmetics (shampoo, face wash) here too, but they don't have premium brands like Cetaphil or Minimalist. Please add them! Delivery boy was polite.",,2026-05-08T21:46:49.039310,https://www.mockplatform.com/swiggy/mock_com_4f9e8a96607a,Kitchen & Home Essentials,Yes,Personal Care,"Prefers specialized apps (FirstCry, Nykaa, Heads Up For Tails)",0
mock_pro_fb9d8781f1b2,product_hunt,Rahul Joshi,"Swiggy One membership gives me free delivery on Instamart. But the free delivery only applies if my order is above 199. If I just want to buy a single baby bottle cleaner, I have to add random items to hit the threshold. I'm undecided if I should buy these categories here or just walk to the pharmacy.",,2026-05-13T21:46:49.039317,https://www.mockplatform.com/swiggy/mock_pro_fb9d8781f1b2,Snacks & Munchies,Undecided,"Baby Care, Cleaning & Household",Loyalty/Instamart Pass discounts do not apply to other categories,0
mock_new_1f795179adbc,news_articles,Anjali Verma,"I order milk, bread, and eggs from Swiggy Instamart every single morning. It's fast and reliable. But I never buy personal care items or home cleaning liquids here. They are far cheaper at DMart, and Instamart prices have a high premium. I strictly use it for daily groceries.",,2026-04-25T21:46:49.039325,https://www.mockplatform.com/swiggy/mock_new_1f795179adbc,"Dairy, Bread & Eggs",No,,Pricing is higher compared to local supermarkets (DMart),0
mock_quo_c233c5fc9f25,quora,Amit Nair,"Why is the baby care section on Swiggy Instamart always empty? Whenever I want to order M size Pampers diapers, they are out of stock. I've stopped checking. I buy groceries here but order all my baby needs from FirstCry now. It's getting better day by day.",,2026-03-07T21:46:49.039332,https://www.mockplatform.com/swiggy/mock_quo_c233c5fc9f25,"Dairy, Bread & Eggs",No,,"Prefers specialized apps (FirstCry, Nykaa, Heads Up For Tails)",0
mock_red_daa38cdb86da,reddit,u/neha_nair,"Instamart is my go-to for fruits and vegetables. I want to try ordering fresh chicken and fish from them, but I'm hesitant about how they package it. If they guarantee insulated packaging and Licious-like hygiene, I am willing to switch entirely. Instamart is saving me so much time.",,2026-05-26T21:46:49.039338,https://www.mockplatform.com/swiggy/mock_red_daa38cdb86da,Fruits & Vegetables,Yes,Meat & Fish,Fears about quality of fresh produce or meats,0
mock_red_2ba6e4a55735,reddit,u/vikram_mehta,"Swiggy One membership gives me free delivery on Instamart. But the free delivery only applies if my order is above 199. If I just want to buy a single baby bottle cleaner, I have to add random items to hit the threshold. I'm undecided if I should buy these categories here or just walk to the pharmacy. Strongly recommend this app.",,2026-03-08T21:46:49.039345,https://www.mockplatform.com/swiggy/mock_red_2ba6e4a55735,Snacks & Munchies,Undecided,"Baby Care, Cleaning & Household",Loyalty/Instamart Pass discounts do not apply to other categories,0
mock_twi_780001309d93,twitter,@karan_bose,"I order milk, bread, and eggs from Swiggy Instamart every single morning. It's fast and reliable. But I never buy personal care items or home cleaning liquids here. They are far cheaper at DMart, and Instamart prices have a high premium. I strictly use it for daily groceries. Strongly recommend this app.",,2026-05-22T21:46:49.039352,https://www.mockplatform.com/swiggy/mock_twi_780001309d93,"Dairy, Bread & Eggs",No,,Pricing is higher compared to local supermarkets (DMart),0
mock_quo_4524e6420019,quora,Amit Gupta,"I buy almost everything on Instamart. Yesterday, I ordered a kitchen knife and a charging cable under Home Essentials, and it came in 9 minutes! Amazing. I'd love to buy my personal care cosmetics (shampoo, face wash) here too, but they don't have premium brands like Cetaphil or Minimalist. Please add them! Instamart is saving me so much time.",,2026-04-30T21:46:49.039360,https://www.mockplatform.com/swiggy/mock_quo_4524e6420019,Kitchen & Home Essentials,Yes,Personal Care,"Prefers specialized apps (FirstCry, Nykaa, Heads Up For Tails)",0
mock_you_25a2e269e215,youtube,Meera Patel,"Instamart is my go-to for fruits and vegetables. I want to try ordering fresh chicken and fish from them, but I'm hesitant about how they package it. If they guarantee insulated packaging and Licious-like hygiene, I am willing to switch entirely.",,2026-06-27T21:46:49.039366,https://www.mockplatform.com/swiggy/mock_you_25a2e269e215,Fruits & Vegetables,Yes,Meat & Fish,Fears about quality of fresh produce or meats,0
mock_pla_d10781288142,play_store,Neha Verma,I use Swiggy Instamart for urgent snacks or beverages. But the checkout page adds so many fees! Handling fee + delivery charge + surge fee. It doesn't make sense to add a single bottle of handwash because the fees double the price. I'll stick to my local store.,2,2026-06-28T21:46:49.039372,https://www.mockplatform.com/swiggy/mock_pla_d10781288142,Beverages,No,,High delivery/surge fees on small value items,0
mock_red_c3c307b03910,reddit,u/rohan_sen,"I buy my regular household cleaning items and snacks from Instamart. I saw they launched a gourmet and organic section recently. I'm really interested in trying organic seeds and olive oil, but the app search didn't show them properly. Will try if they recommend them on my cart page.",,2026-03-11T21:46:49.039378,https://www.mockplatform.com/swiggy/mock_red_c3c307b03910,Cleaning & Household,Yes,Gourmet & Organic,Difficulty discovering category menu or poor search matching,0
mock_com_28bf2a506480,community_forums,Vikram Gupta,"I buy almost everything on Instamart. Yesterday, I ordered a kitchen knife and a charging cable under Home Essentials, and it came in 9 minutes! Amazing. I'd love to buy my personal care cosmetics (shampoo, face wash) here too, but they don't have premium brands like Cetaphil or Minimalist. Please add them! It's getting better day by day.",,2026-04-14T21:46:49.039388,https://www.mockplatform.com/swiggy/mock_com_28bf2a506480,Kitchen & Home Essentials,Yes,Personal Care,"Prefers specialized apps (FirstCry, Nykaa, Heads Up For Tails)",0
mock_pla_7f59c62e1d78,play_store,Amit Mehta,"I buy almost everything on Instamart. Yesterday, I ordered a kitchen knife and a charging cable under Home Essentials, and it came in 9 minutes! Amazing. I'd love to buy my personal care cosmetics (shampoo, face wash) here too, but they don't have premium brands like Cetaphil or Minimalist. Please add them! It's getting better day by day.",2,2026-06-05T21:46:49.039402,https://www.mockplatform.com/swiggy/mock_pla_7f59c62e1d78,Kitchen & Home Essentials,Yes,Personal Care,"Prefers specialized apps (FirstCry, Nykaa, Heads Up For Tails)",0
mock_pub_4e4eed099764,public_blogs,Rahul Joshi,"Instamart is my go-to for fruits and vegetables. I want to try ordering fresh chicken and fish from them, but I'm hesitant about how they package it. If they guarantee insulated packaging and Licious-like hygiene, I am willing to switch entirely. Instamart is saving me so much time.",,2026-05-06T21:46:49.039410,https://www.mockplatform.com/swiggy/mock_pub_4e4eed099764,Fruits & Vegetables,Yes,Meat & Fish,Fears about quality of fresh produce or meats,0
mock_pro_15b8aee25ec6,product_hunt,Karan Rao,"I buy my regular household cleaning items and snacks from Instamart. I saw they launched a gourmet and organic section recently. I'm really interested in trying organic seeds and olive oil, but the app search didn't show them properly. Will try if they recommend them on my cart page. It's getting better day by day.",,2026-03-05T21:46:49.039416,https://www.mockplatform.com/swiggy/mock_pro_15b8aee25ec6,Cleaning & Household,Yes,Gourmet & Organic,Difficulty discovering category menu or poor search matching,0
mock_com_8d41735eb01b,community_forums,Deepa Bose,"I order milk, bread, and eggs from Swiggy Instamart every single morning. It's fast and reliable. But I never buy personal care items or home cleaning liquids here. They are far cheaper at DMart, and Instamart prices have a high premium. I strictly use it for daily groceries.",,2026-03-18T21:46:49.039427,https://www.mockplatform.com/swiggy/mock_com_8d41735eb01b,"Dairy, Bread & Eggs",No,,Pricing is higher compared to local supermarkets (DMart),0
mock_pro_b906ffc5d85a,product_hunt,Karan Sen,"Why is the baby care section on Swiggy Instamart always empty? Whenever I want to order M size Pampers diapers, they are out of stock. I've stopped checking. I buy groceries here but order all my baby needs from FirstCry now. Swiggy support is helpful though.",,2026-03-09T21:46:49.039434,https://www.mockplatform.com/swiggy/mock_pro_b906ffc5d85a,"Dairy, Bread & Eggs",No,,"Prefers specialized apps (FirstCry, Nykaa, Heads Up For Tails)",0
mock_pub_8aba56fd5664,public_blogs,Anjali Sharma,"I order milk, bread, and eggs from Swiggy Instamart every single morning. It's fast and reliable. But I never buy personal care items or home cleaning liquids here. They are far cheaper at DMart, and Instamart prices have a high premium. I strictly use it for daily groceries.",,2026-07-12T21:46:49.039441,https://www.mockplatform.com/swiggy/mock_pub_8aba56fd5664,"Dairy, Bread & Eggs",No,,Pricing is higher compared to local supermarkets (DMart),0
mock_pla_406a5c4e8dbf,play_store,Arjun Gupta,I buy daily groceries. I saw some deals on personal care items like face wash and soaps on Instamart. I'm not sure if the quality is authentic or if they are near expiry. I might try if they show the expiry date on the product page. Hope they resolve this soon.,2,2026-06-19T21:46:49.039447,https://www.mockplatform.com/swiggy/mock_pla_406a5c4e8dbf,"Dairy, Bread & Eggs",Undecided,Personal Care,Difficulty discovering category menu or poor search matching,0
mock_quo_f299f15415c5,quora,Anjali Singh,"I order milk, bread, and eggs from Swiggy Instamart every single morning. It's fast and reliable. But I never buy personal care items or home cleaning liquids here. They are far cheaper at DMart, and Instamart prices have a high premium. I strictly use it for daily groceries. Swiggy support is helpful though.",,2026-07-09T21:46:49.039454,https://www.mockplatform.com/swiggy/mock_quo_f299f15415c5,"Dairy, Bread & Eggs",No,,Pricing is higher compared to local supermarkets (DMart),0
mock_com_e2c63d200dd2,community_forums,Vikram Sen,"I buy my regular household cleaning items and snacks from Instamart. I saw they launched a gourmet and organic section recently. I'm really interested in trying organic seeds and olive oil, but the app search didn't show them properly. Will try if they recommend them on my cart page.",,2026-07-09T21:46:49.039461,https://www.mockplatform.com/swiggy/mock_com_e2c63d200dd2,Cleaning & Household,Yes,Gourmet & Organic,Difficulty discovering category menu or poor search matching,0
mock_new_b5177261bc64,news_articles,Sneha Nair,"Instamart is my go-to for fruits and vegetables. I want to try ordering fresh chicken and fish from them, but I'm hesitant about how they package it. If they guarantee insulated packaging and Licious-like hygiene, I am willing to switch entirely. Instamart is saving me so much time.",,2026-03-08T21:46:49.039467,https://www.mockplatform.com/swiggy/mock_new_b5177261bc64,Fruits & Vegetables,Yes,Meat & Fish,Fears about quality of fresh produce or meats,0
mock_com_3515297315b6,community_forums,Meera Malhotra,"I order milk, bread, and eggs from Swiggy Instamart every single morning. It's fast and reliable. But I never buy personal care items or home cleaning liquids here. They are far cheaper at DMart, and Instamart prices have a high premium. I strictly use it for daily groceries. Instamart is saving me so much time.",,2026-04-01T21:46:49.039475,https://www.mockplatform.com/swiggy/mock_com_3515297315b6,"Dairy, Bread & Eggs",No,,Pricing is higher compared to local supermarkets (DMart),0
mock_pub_dcb9a2ebf7cd,public_blogs,Karan Mehta,"Why is the baby care section on Swiggy Instamart always empty? Whenever I want to order M size Pampers diapers, they are out of stock. I've stopped checking. I buy groceries here but order all my baby needs from FirstCry now. Instamart is saving me so much time.",,2026-06-05T21:46:49.039482,https://www.mockplatform.com/swiggy/mock_pub_dcb9a2ebf7cd,"Dairy, Bread & Eggs",No,,"Prefers specialized apps (FirstCry, Nykaa, Heads Up For Tails)",0
mock_pub_c6dcdbebc969,public_blogs,Priya Joshi,"Usually only buy bread and curd. But I noticed a pet care section in the menu. I would love to order wet dog food and treats for my labrador from Instamart since it saves me a trip. However, they only have 1-2 local brands. If they stock Pedigree or Royal Canin, I will buy every month.",,2026-03-24T21:46:49.039488,https://www.mockplatform.com/swiggy/mock_pub_c6dcdbebc969,"Dairy, Bread & Eggs",Yes,Pet Care,Prefers specialized apps (Heads Up For Tails),0
mock_new_e17d3f172c91,news_articles,Priya Joshi,"Instamart is great for snacks and beverages when friends come over. But I will never buy vegetables or fruits here. Last time I ordered tomatoes, they were rotten and small. I'd rather buy fresh produce from my local vendor or Safal. Delivery boy was polite.",,2026-06-24T21:46:49.039495,https://www.mockplatform.com/swiggy/mock_new_e17d3f172c91,Snacks & Munchies,No,,Fears about quality of fresh produce or meats,0
mock_quo_57a3f9f07436,quora,Arjun Singh,I use Swiggy Instamart for urgent snacks or beverages. But the checkout page adds so many fees! Handling fee + delivery charge + surge fee. It doesn't make sense to add a single bottle of handwash because the fees double the price. I'll stick to my local store.,,2026-06-30T21:46:49.039502,https://www.mockplatform.com/swiggy/mock_quo_57a3f9f07436,Beverages,No,,High delivery/surge fees on small value items,0
mock_pub_7297e568233a,public_blogs,Rahul Verma,"I buy almost everything on Instamart. Yesterday, I ordered a kitchen knife and a charging cable under Home Essentials, and it came in 9 minutes! Amazing. I'd love to buy my personal care cosmetics (shampoo, face wash) here too, but they don't have premium brands like Cetaphil or Minimalist. Please add them!",,2026-03-06T21:46:49.039508,https://www.mockplatform.com/swiggy/mock_pub_7297e568233a,Kitchen & Home Essentials,Yes,Personal Care,"Prefers specialized apps (FirstCry, Nykaa, Heads Up For Tails)",0
mock_app_cfdbfe7e716e,app_store,Deepa Rao,"Instamart is great for snacks and beverages when friends come over. But I will never buy vegetables or fruits here. Last time I ordered tomatoes, they were rotten and small. I'd rather buy fresh produce from my local vendor or Safal.",2,2026-06-29T21:46:49.039514,https://www.mockplatform.com/swiggy/mock_app_cfdbfe7e716e,Snacks & Munchies,No,,Fears about quality of fresh produce or meats,0
mock_pro_a4d01db15914,product_hunt,Karan Nair,"Why is the baby care section on Swiggy Instamart always empty? Whenever I want to order M size Pampers diapers, they are out of stock. I've stopped checking. I buy groceries here but order all my baby needs from FirstCry now.",,2026-07-09T21:46:49.039520,https://www.mockplatform.com/swiggy/mock_pro_a4d01db15914,"Dairy, Bread & Eggs",No,,"Prefers specialized apps (FirstCry, Nykaa, Heads Up For Tails)",0
mock_app_0747f58d7455,app_store,Arjun Mehta,"Why is the baby care section on Swiggy Instamart always empty? Whenever I want to order M size Pampers diapers, they are out of stock. I've stopped checking. I buy groceries here but order all my baby needs from FirstCry now.",3,2026-04-25T21:46:49.039526,https://www.mockplatform.com/swiggy/mock_app_0747f58d7455,"Dairy, Bread & Eggs",No,,"Prefers specialized apps (FirstCry, Nykaa, Heads Up For Tails)",0
mock_new_8b64465dc9d4,news_articles,Priya Mehta,"Swiggy One membership gives me free delivery on Instamart. But the free delivery only applies if my order is above 199. If I just want to buy a single baby bottle cleaner, I have to add random items to hit the threshold. I'm undecided if I should buy these categories here or just walk to the pharmacy.",,2026-03-23T21:46:49.039534,https://www.mockplatform.com/swiggy/mock_new_8b64465dc9d4,Snacks & Munchies,Undecided,"Baby Care, Cleaning & Household",Loyalty/Instamart Pass discounts do not apply to other categories,0
mock_app_95121e9e7ab0,app_store,Arjun Mehta,"Swiggy One membership gives me free delivery on Instamart. But the free delivery only applies if my order is above 199. If I just want to buy a single baby bottle cleaner, I have to add random items to hit the threshold. I'm undecided if I should buy these categories here or just walk to the pharmacy. Swiggy support is helpful though.",2,2026-03-22T21:46:49.039541,https://www.mockplatform.com/swiggy/mock_app_95121e9e7ab0,Snacks & Munchies,Undecided,"Baby Care, Cleaning & Household",Loyalty/Instamart Pass discounts do not apply to other categories,0
mock_red_e8018156b73d,reddit,u/rohan_nair,"I buy almost everything on Instamart. Yesterday, I ordered a kitchen knife and a charging cable under Home Essentials, and it came in 9 minutes! Amazing. I'd love to buy my personal care cosmetics (shampoo, face wash) here too, but they don't have premium brands like Cetaphil or Minimalist. Please add them!",,2026-05-16T21:46:49.039549,https://www.mockplatform.com/swiggy/mock_red_e8018156b73d,Kitchen & Home Essentials,Yes,Personal Care,"Prefers specialized apps (FirstCry, Nykaa, Heads Up For Tails)",0
mock_new_7c6d8506e585,news_articles,Deepa Sharma,"I buy my regular household cleaning items and snacks from Instamart. I saw they launched a gourmet and organic section recently. I'm really interested in trying organic seeds and olive oil, but the app search didn't show them properly. Will try if they recommend them on my cart page.",,2026-04-25T21:46:49.039555,https://www.mockplatform.com/swiggy/mock_new_7c6d8506e585,Cleaning & Household,Yes,Gourmet & Organic,Difficulty discovering category menu or poor search matching,0
mock_quo_4dad52480c65,quora,Rohan Mehta,"Why is the baby care section on Swiggy Instamart always empty? Whenever I want to order M size Pampers diapers, they are out of stock. I've stopped checking. I buy groceries here but order all my baby needs from FirstCry now. Instamart is saving me so much time.",,2026-04-25T21:46:49.039561,https://www.mockplatform.com/swiggy/mock_quo_4dad52480c65,"Dairy, Bread & Eggs",No,,"Prefers specialized apps (FirstCry, Nykaa, Heads Up For Tails)",0
mock_pla_1e830e13a761,play_store,Anjali Rao,"Usually only buy bread and curd. But I noticed a pet care section in the menu. I would love to order wet dog food and treats for my labrador from Instamart since it saves me a trip. However, they only have 1-2 local brands. If they stock Pedigree or Royal Canin, I will buy every month.",1,2026-05-20T21:46:49.039567,https://www.mockplatform.com/swiggy/mock_pla_1e830e13a761,"Dairy, Bread & Eggs",Yes,Pet Care,Prefers specialized apps (Heads Up For Tails),0
mock_twi_f93320337e92,twitter,@neha_sen,"Instamart is great for snacks and beverages when friends come over. But I will never buy vegetables or fruits here. Last time I ordered tomatoes, they were rotten and small. I'd rather buy fresh produce from my local vendor or Safal. Placed order from Bangalore.",,2026-07-10T21:46:49.039574,https://www.mockplatform.com/swiggy/mock_twi_f93320337e92,Snacks & Munchies,No,,Fears about quality of fresh produce or meats,0
mock_pla_f74e7a94b77b,play_store,Karan Malhotra,I use Swiggy Instamart for urgent snacks or beverages. But the checkout page adds so many fees! Handling fee + delivery charge + surge fee. It doesn't make sense to add a single bottle of handwash because the fees double the price. I'll stick to my local store. Hope they resolve this soon.,3,2026-07-22T21:46:49.039582,https://www.mockplatform.com/swiggy/mock_pla_f74e7a94b77b,Beverages,No,,High delivery/surge fees on small value items,0
mock_red_37b472903854,reddit,u/amit_nair,"Why is the baby care section on Swiggy Instamart always empty? Whenever I want to order M size Pampers diapers, they are out of stock. I've stopped checking. I buy groceries here but order all my baby needs from FirstCry now. Delivery boy was polite.",,2026-07-07T21:46:49.039591,https://www.mockplatform.com/swiggy/mock_red_37b472903854,"Dairy, Bread & Eggs",No,,"Prefers specialized apps (FirstCry, Nykaa, Heads Up For Tails)",0
mock_twi_68ee6f6bf038,twitter,@meera_verma,I use Swiggy Instamart for urgent snacks or beverages. But the checkout page adds so many fees! Handling fee + delivery charge + surge fee. It doesn't make sense to add a single bottle of handwash because the fees double the price. I'll stick to my local store. Instamart is saving me so much time.,,2026-03-13T21:46:49.039597,https://www.mockplatform.com/swiggy/mock_twi_68ee6f6bf038,Beverages,No,,High delivery/surge fees on small value items,0
mock_pla_d2f4dc9b54be,play_store,Meera Patel,"I order milk, bread, and eggs from Swiggy Instamart every single morning. It's fast and reliable. But I never buy personal care items or home cleaning liquids here. They are far cheaper at DMart, and Instamart prices have a high premium. I strictly use it for daily groceries.",1,2026-05-30T21:46:49.039605,https://www.mockplatform.com/swiggy/mock_pla_d2f4dc9b54be,"Dairy, Bread & Eggs",No,,Pricing is higher compared to local supermarkets (DMart),0
mock_quo_839d39a4eecc,quora,Deepa Rao,"Why is the baby care section on Swiggy Instamart always empty? Whenever I want to order M size Pampers diapers, they are out of stock. I've stopped checking. I buy groceries here but order all my baby needs from FirstCry now.",,2026-04-07T21:46:49.039613,https://www.mockplatform.com/swiggy/mock_quo_839d39a4eecc,"Dairy, Bread & Eggs",No,,"Prefers specialized apps (FirstCry, Nykaa, Heads Up For Tails)",0
mock_pro_f24b6674b94a,product_hunt,Rahul Rao,I use Swiggy Instamart for urgent snacks or beverages. But the checkout page adds so many fees! Handling fee + delivery charge + surge fee. It doesn't make sense to add a single bottle of handwash because the fees double the price. I'll stick to my local store.,,2026-04-23T21:46:49.039620,https://www.mockplatform.com/swiggy/mock_pro_f24b6674b94a,Beverages,No,,High delivery/surge fees on small value items,0
mock_com_85617a1de8d5,community_forums,Deepa Verma,"I order milk, bread, and eggs from Swiggy Instamart every single morning. It's fast and reliable. But I never buy personal care items or home cleaning liquids here. They are far cheaper at DMart, and Instamart prices have a high premium. I strictly use it for daily groceries.",,2026-07-11T21:46:49.039627,https://www.mockplatform.com/swiggy/mock_com_85617a1de8d5,"Dairy, Bread & Eggs",No,,Pricing is higher compared to local supermarkets (DMart),0
mock_red_40b7a5ef8d06,reddit,u/rahul_patel,"Swiggy One membership gives me free delivery on Instamart. But the free delivery only applies if my order is above 199. If I just want to buy a single baby bottle cleaner, I have to add random items to hit the threshold. I'm undecided if I should buy these categories here or just walk to the pharmacy. Swiggy support is helpful though.",,2026-03-21T21:46:49.039633,https://www.mockplatform.com/swiggy/mock_red_40b7a5ef8d06,Snacks & Munchies,Undecided,"Baby Care, Cleaning & Household",Loyalty/Instamart Pass discounts do not apply to other categories,0
mock_app_566f7097b551,app_store,Arjun Bose,"Instamart is my go-to for fruits and vegetables. I want to try ordering fresh chicken and fish from them, but I'm hesitant about how they package it. If they guarantee insulated packaging and Licious-like hygiene, I am willing to switch entirely. Swiggy support is helpful though.",5,2026-05-12T21:46:49.039642,https://www.mockplatform.com/swiggy/mock_app_566f7097b551,Fruits & Vegetables,Yes,Meat & Fish,Fears about quality of fresh produce or meats,0
mock_red_95bc88854d1a,reddit,u/anjali_malhotra,"I buy almost everything on Instamart. Yesterday, I ordered a kitchen knife and a charging cable under Home Essentials, and it came in 9 minutes! Amazing. I'd love to buy my personal care cosmetics (shampoo, face wash) here too, but they don't have premium brands like Cetaphil or Minimalist. Please add them!",,2026-05-08T21:46:49.039651,https://www.mockplatform.com/swiggy/mock_red_95bc88854d1a,Kitchen & Home Essentials,Yes,Personal Care,"Prefers specialized apps (FirstCry, Nykaa, Heads Up For Tails)",0
mock_app_11617626a143,app_store,Rohan Nair,"Usually only buy bread and curd. But I noticed a pet care section in the menu. I would love to order wet dog food and treats for my labrador from Instamart since it saves me a trip. However, they only have 1-2 local brands. If they stock Pedigree or Royal Canin, I will buy every month. Strongly recommend this app.",5,2026-05-07T21:46:49.039658,https://www.mockplatform.com/swiggy/mock_app_11617626a143,"Dairy, Bread & Eggs",Yes,Pet Care,Prefers specialized apps (Heads Up For Tails),0
mock_pub_342976b78feb,public_blogs,Rahul Singh,"I order milk, bread, and eggs from Swiggy Instamart every single morning. It's fast and reliable. But I never buy personal care items or home cleaning liquids here. They are far cheaper at DMart, and Instamart prices have a high premium. I strictly use it for daily groceries.",,2026-05-07T21:46:49.039665,https://www.mockplatform.com/swiggy/mock_pub_342976b78feb,"Dairy, Bread & Eggs",No,,Pricing is higher compared to local supermarkets (DMart),0
mock_app_a3ac78ce217d,app_store,Anjali Verma,"I order milk, bread, and eggs from Swiggy Instamart every single morning. It's fast and reliable. But I never buy personal care items or home cleaning liquids here. They are far cheaper at DMart, and Instamart prices have a high premium. I strictly use it for daily groceries.",2,2026-06-20T21:46:49.039673,https://www.mockplatform.com/swiggy/mock_app_a3ac78ce217d,"Dairy, Bread & Eggs",No,,Pricing is higher compared to local supermarkets (DMart),0
mock_you_d4f22fce304f,youtube,Amit Singh,"I buy my regular household cleaning items and snacks from Instamart. I saw they launched a gourmet and organic section recently. I'm really interested in trying organic seeds and olive oil, but the app search didn't show them properly. Will try if they recommend them on my cart page. It's getting better day by day.",,2026-06-24T21:46:49.039679,https://www.mockplatform.com/swiggy/mock_you_d4f22fce304f,Cleaning & Household,Yes,Gourmet & Organic,Difficulty discovering category menu or poor search matching,0
mock_com_d97c30d61d90,community_forums,Rohan Gupta,"Instamart is great for snacks and beverages when friends come over. But I will never buy vegetables or fruits here. Last time I ordered tomatoes, they were rotten and small. I'd rather buy fresh produce from my local vendor or Safal.",,2026-05-17T21:46:49.039690,https://www.mockplatform.com/swiggy/mock_com_d97c30d61d90,Snacks & Munchies,No,,Fears about quality of fresh produce or meats,0
mock_pub_cfce8dfa1824,public_blogs,Meera Gupta,"I buy my regular household cleaning items and snacks from Instamart. I saw they launched a gourmet and organic section recently. I'm really interested in trying organic seeds and olive oil, but the app search didn't show them properly. Will try if they recommend them on my cart page.",,2026-03-29T21:46:49.039697,https://www.mockplatform.com/swiggy/mock_pub_cfce8dfa1824,Cleaning & Household,Yes,Gourmet & Organic,Difficulty discovering category menu or poor search matching,0
mock_pub_274e5341a940,public_blogs,Neha Bose,"Usually only buy bread and curd. But I noticed a pet care section in the menu. I would love to order wet dog food and treats for my labrador from Instamart since it saves me a trip. However, they only have 1-2 local brands. If they stock Pedigree or Royal Canin, I will buy every month.",,2026-06-07T21:46:49.039704,https://www.mockplatform.com/swiggy/mock_pub_274e5341a940,"Dairy, Bread & Eggs",Yes,Pet Care,Prefers specialized apps (Heads Up For Tails),0
mock_new_1e4f81a5b21f,news_articles,Amit Patel,"Instamart is great for snacks and beverages when friends come over. But I will never buy vegetables or fruits here. Last time I ordered tomatoes, they were rotten and small. I'd rather buy fresh produce from my local vendor or Safal. Delivery boy was polite.",,2026-07-24T21:46:49.039711,https://www.mockplatform.com/swiggy/mock_new_1e4f81a5b21f,Snacks & Munchies,No,,Fears about quality of fresh produce or meats,0
mock_you_05f67868c7ac,youtube,Anjali Sharma,"Usually only buy bread and curd. But I noticed a pet care section in the menu. I would love to order wet dog food and treats for my labrador from Instamart since it saves me a trip. However, they only have 1-2 local brands. If they stock Pedigree or Royal Canin, I will buy every month. It's getting better day by day.",,2026-06-15T21:46:49.039719,https://www.mockplatform.com/swiggy/mock_you_05f67868c7ac,"Dairy, Bread & Eggs",Yes,Pet Care,Prefers specialized apps (Heads Up For Tails),0
mock_pla_cb40be9b5742,play_store,Amit Verma,I use Swiggy Instamart for urgent snacks or beverages. But the checkout page adds so many fees! Handling fee + delivery charge + surge fee. It doesn't make sense to add a single bottle of handwash because the fees double the price. I'll stick to my local store.,1,2026-03-08T21:46:49.039726,https://www.mockplatform.com/swiggy/mock_pla_cb40be9b5742,Beverages,No,,High delivery/surge fees on small value items,0
mock_app_788ec9277f4d,app_store,Sneha Verma,"I buy my regular household cleaning items and snacks from Instamart. I saw they launched a gourmet and organic section recently. I'm really interested in trying organic seeds and olive oil, but the app search didn't show them properly. Will try if they recommend them on my cart page. Delivery boy was polite.",2,2026-04-27T21:46:49.039733,https://www.mockplatform.com/swiggy/mock_app_788ec9277f4d,Cleaning & Household,Yes,Gourmet & Organic,Difficulty discovering category menu or poor search matching,0
mock_pub_92f2ec891d1b,public_blogs,Rahul Sharma,I use Swiggy Instamart for urgent snacks or beverages. But the checkout page adds so many fees! Handling fee + delivery charge + surge fee. It doesn't make sense to add a single bottle of handwash because the fees double the price. I'll stick to my local store.,,2026-04-26T21:46:49.039740,https://www.mockplatform.com/swiggy/mock_pub_92f2ec891d1b,Beverages,No,,High delivery/surge fees on small value items,0
mock_quo_0a78af8680f9,quora,Deepa Sharma,"Usually only buy bread and curd. But I noticed a pet care section in the menu. I would love to order wet dog food and treats for my labrador from Instamart since it saves me a trip. However, they only have 1-2 local brands. If they stock Pedigree or Royal Canin, I will buy every month.",,2026-06-04T21:46:49.039747,https://www.mockplatform.com/swiggy/mock_quo_0a78af8680f9,"Dairy, Bread & Eggs",Yes,Pet Care,Prefers specialized apps (Heads Up For Tails),0
mock_pro_7a7a9986568e,product_hunt,Meera Mehta,"I buy my regular household cleaning items and snacks from Instamart. I saw they launched a gourmet and organic section recently. I'm really interested in trying organic seeds and olive oil, but the app search didn't show them properly. Will try if they recommend them on my cart page.",,2026-05-07T21:46:49.039754,https://www.mockplatform.com/swiggy/mock_pro_7a7a9986568e,Cleaning & Household,Yes,Gourmet & Organic,Difficulty discovering category menu or poor search matching,0
mock_twi_c6cc0ad43f93,twitter,@vikram_singh,I use Swiggy Instamart for urgent snacks or beverages. But the checkout page adds so many fees! Handling fee + delivery charge + surge fee. It doesn't make sense to add a single bottle of handwash because the fees double the price. I'll stick to my local store.,,2026-03-26T21:46:49.039763,https://www.mockplatform.com/swiggy/mock_twi_c6cc0ad43f93,Beverages,No,,High delivery/surge fees on small value items,0
mock_quo_e911081176cf,quora,Meera Sharma,"Instamart is great for snacks and beverages when friends come over. But I will never buy vegetables or fruits here. Last time I ordered tomatoes, they were rotten and small. I'd rather buy fresh produce from my local vendor or Safal.",,2026-06-29T21:46:49.039771,https://www.mockplatform.com/swiggy/mock_quo_e911081176cf,Snacks & Munchies,No,,Fears about quality of fresh produce or meats,0
mock_pla_74ea98a9045d,play_store,Rohan Singh,I buy daily groceries. I saw some deals on personal care items like face wash and soaps on Instamart. I'm not sure if the quality is authentic or if they are near expiry. I might try if they show the expiry date on the product page. Swiggy support is helpful though.,3,2026-05-23T21:46:49.039778,https://www.mockplatform.com/swiggy/mock_pla_74ea98a9045d,"Dairy, Bread & Eggs",Undecided,Personal Care,Difficulty discovering category menu or poor search matching,0
mock_pla_7cf4e059d100,play_store,Anjali Sharma,"I buy my regular household cleaning items and snacks from Instamart. I saw they launched a gourmet and organic section recently. I'm really interested in trying organic seeds and olive oil, but the app search didn't show them properly. Will try if they recommend them on my cart page.",2,2026-04-16T21:46:49.039785,https://www.mockplatform.com/swiggy/mock_pla_7cf4e059d100,Cleaning & Household,Yes,Gourmet & Organic,Difficulty discovering category menu or poor search matching,0
mock_pub_b3d7965b705f,public_blogs,Anjali Gupta,"Why is the baby care section on Swiggy Instamart always empty? Whenever I want to order M size Pampers diapers, they are out of stock. I've stopped checking. I buy groceries here but order all my baby needs from FirstCry now.",,2026-03-26T21:46:49.039820,https://www.mockplatform.com/swiggy/mock_pub_b3d7965b705f,"Dairy, Bread & Eggs",No,,"Prefers specialized apps (FirstCry, Nykaa, Heads Up For Tails)",0
mock_red_ccebca94557d,reddit,u/vikram_patel,"Instamart is my go-to for fruits and vegetables. I want to try ordering fresh chicken and fish from them, but I'm hesitant about how they package it. If they guarantee insulated packaging and Licious-like hygiene, I am willing to switch entirely.",,2026-04-22T21:46:49.039830,https://www.mockplatform.com/swiggy/mock_red_ccebca94557d,Fruits & Vegetables,Yes,Meat & Fish,Fears about quality of fresh produce or meats,0
mock_com_2116fa11dc73,community_forums,Arjun Bose,"Usually only buy bread and curd. But I noticed a pet care section in the menu. I would love to order wet dog food and treats for my labrador from Instamart since it saves me a trip. However, they only have 1-2 local brands. If they stock Pedigree or Royal Canin, I will buy every month.",,2026-04-08T21:46:49.039838,https://www.mockplatform.com/swiggy/mock_com_2116fa11dc73,"Dairy, Bread & Eggs",Yes,Pet Care,Prefers specialized apps (Heads Up For Tails),0
mock_pla_3a59bcbfec6f,play_store,Neha Mehta,"Usually only buy bread and curd. But I noticed a pet care section in the menu. I would love to order wet dog food and treats for my labrador from Instamart since it saves me a trip. However, they only have 1-2 local brands. If they stock Pedigree or Royal Canin, I will buy every month.",3,2026-05-30T21:46:49.039845,https://www.mockplatform.com/swiggy/mock_pla_3a59bcbfec6f,"Dairy, Bread & Eggs",Yes,Pet Care,Prefers specialized apps (Heads Up For Tails),0
mock_pro_78a9de4d6b9a,product_hunt,Arjun Nair,"I buy almost everything on Instamart. Yesterday, I ordered a kitchen knife and a charging cable under Home Essentials, and it came in 9 minutes! Amazing. I'd love to buy my personal care cosmetics (shampoo, face wash) here too, but they don't have premium brands like Cetaphil or Minimalist. Please add them!",,2026-07-02T21:46:49.039852,https://www.mockplatform.com/swiggy/mock_pro_78a9de4d6b9a,Kitchen & Home Essentials,Yes,Personal Care,"Prefers specialized apps (FirstCry, Nykaa, Heads Up For Tails)",0
mock_pla_c1b2251406d5,play_store,Neha Singh,I use Swiggy Instamart for urgent snacks or beverages. But the checkout page adds so many fees! Handling fee + delivery charge + surge fee. It doesn't make sense to add a single bottle of handwash because the fees double the price. I'll stick to my local store.,1,2026-06-01T21:46:49.039859,https://www.mockplatform.com/swiggy/mock_pla_c1b2251406d5,Beverages,No,,High delivery/surge fees on small value items,0
mock_quo_f5e8aeaba321,quora,Neha Nair,"I buy my regular household cleaning items and snacks from Instamart. I saw they launched a gourmet and organic section recently. I'm really interested in trying organic seeds and olive oil, but the app search didn't show them properly. Will try if they recommend them on my cart page.",,2026-03-14T21:46:49.039867,https://www.mockplatform.com/swiggy/mock_quo_f5e8aeaba321,Cleaning & Household,Yes,Gourmet & Organic,Difficulty discovering category menu or poor search matching,0
mock_pub_9ed79a717e5a,public_blogs,Rohan Sen,"Usually only buy bread and curd. But I noticed a pet care section in the menu. I would love to order wet dog food and treats for my labrador from Instamart since it saves me a trip. However, they only have 1-2 local brands. If they stock Pedigree or Royal Canin, I will buy every month.",,2026-06-28T21:46:49.039875,https://www.mockplatform.com/swiggy/mock_pub_9ed79a717e5a,"Dairy, Bread & Eggs",Yes,Pet Care,Prefers specialized apps (Heads Up For Tails),0
mock_quo_43b08c9ebf32,quora,Priya Malhotra,"Instamart is great for snacks and beverages when friends come over. But I will never buy vegetables or fruits here. Last time I ordered tomatoes, they were rotten and small. I'd rather buy fresh produce from my local vendor or Safal. Hope they resolve this soon.",,2026-06-15T21:46:49.039881,https://www.mockplatform.com/swiggy/mock_quo_43b08c9ebf32,Snacks & Munchies,No,,Fears about quality of fresh produce or meats,0
mock_com_bdde056d892a,community_forums,Vikram Singh,"Instamart is great for snacks and beverages when friends come over. But I will never buy vegetables or fruits here. Last time I ordered tomatoes, they were rotten and small. I'd rather buy fresh produce from my local vendor or Safal. Placed order from Bangalore.",,2026-04-12T21:46:49.039890,https://www.mockplatform.com/swiggy/mock_com_bdde056d892a,Snacks & Munchies,No,,Fears about quality of fresh produce or meats,0
mock_you_30d65f56f3d3,youtube,Arjun Verma,"I buy almost everything on Instamart. Yesterday, I ordered a kitchen knife and a charging cable under Home Essentials, and it came in 9 minutes! Amazing. I'd love to buy my personal care cosmetics (shampoo, face wash) here too, but they don't have premium brands like Cetaphil or Minimalist. Please add them!",,2026-05-01T21:46:49.039896,https://www.mockplatform.com/swiggy/mock_you_30d65f56f3d3,Kitchen & Home Essentials,Yes,Personal Care,"Prefers specialized apps (FirstCry, Nykaa, Heads Up For Tails)",0
mock_you_2789ba58a004,youtube,Amit Singh,"Usually only buy bread and curd. But I noticed a pet care section in the menu. I would love to order wet dog food and treats for my labrador from Instamart since it saves me a trip. However, they only have 1-2 local brands. If they stock Pedigree or Royal Canin, I will buy every month. Delivery boy was polite.",,2026-04-14T21:46:49.039902,https://www.mockplatform.com/swiggy/mock_you_2789ba58a004,"Dairy, Bread & Eggs",Yes,Pet Care,Prefers specialized apps (Heads Up For Tails),0
mock_com_26df24abd050,community_forums,Deepa Bose,"I buy my regular household cleaning items and snacks from Instamart. I saw they launched a gourmet and organic section recently. I'm really interested in trying organic seeds and olive oil, but the app search didn't show them properly. Will try if they recommend them on my cart page.",,2026-03-31T21:46:49.039911,https://www.mockplatform.com/swiggy/mock_com_26df24abd050,Cleaning & Household,Yes,Gourmet & Organic,Difficulty discovering category menu or poor search matching,0
mock_red_d63087d67500,reddit,u/neha_singh,"Why is the baby care section on Swiggy Instamart always empty? Whenever I want to order M size Pampers diapers, they are out of stock. I've stopped checking. I buy groceries here but order all my baby needs from FirstCry now. Delivery boy was polite.",,2026-05-04T21:46:49.039920,https://www.mockplatform.com/swiggy/mock_red_d63087d67500,"Dairy, Bread & Eggs",No,,"Prefers specialized apps (FirstCry, Nykaa, Heads Up For Tails)",0
mock_com_99cb98ad5e9a,community_forums,Priya Bose,"Instamart is my go-to for fruits and vegetables. I want to try ordering fresh chicken and fish from them, but I'm hesitant about how they package it. If they guarantee insulated packaging and Licious-like hygiene, I am willing to switch entirely. Instamart is saving me so much time.",,2026-06-27T21:46:49.039927,https://www.mockplatform.com/swiggy/mock_com_99cb98ad5e9a,Fruits & Vegetables,Yes,Meat & Fish,Fears about quality of fresh produce or meats,0
mock_app_a47438793221,app_store,Anjali Mehta,"Usually only buy bread and curd. But I noticed a pet care section in the menu. I would love to order wet dog food and treats for my labrador from Instamart since it saves me a trip. However, they only have 1-2 local brands. If they stock Pedigree or Royal Canin, I will buy every month.",1,2026-03-26T21:46:49.039934,https://www.mockplatform.com/swiggy/mock_app_a47438793221,"Dairy, Bread & Eggs",Yes,Pet Care,Prefers specialized apps (Heads Up For Tails),0
mock_quo_3bc43a5ea49d,quora,Meera Sen,"I order milk, bread, and eggs from Swiggy Instamart every single morning. It's fast and reliable. But I never buy personal care items or home cleaning liquids here. They are far cheaper at DMart, and Instamart prices have a high premium. I strictly use it for daily groceries.",,2026-07-03T21:46:49.039943,https://www.mockplatform.com/swiggy/mock_quo_3bc43a5ea49d,"Dairy, Bread & Eggs",No,,Pricing is higher compared to local supermarkets (DMart),0
mock_app_0edc66991189,app_store,Arjun Gupta,"Usually only buy bread and curd. But I noticed a pet care section in the menu. I would love to order wet dog food and treats for my labrador from Instamart since it saves me a trip. However, they only have 1-2 local brands. If they stock Pedigree or Royal Canin, I will buy every month.",5,2026-03-31T21:46:49.039950,https://www.mockplatform.com/swiggy/mock_app_0edc66991189,"Dairy, Bread & Eggs",Yes,Pet Care,Prefers specialized apps (Heads Up For Tails),0
mock_pro_eb7b576c7c19,product_hunt,Arjun Mehta,"Swiggy One membership gives me free delivery on Instamart. But the free delivery only applies if my order is above 199. If I just want to buy a single baby bottle cleaner, I have to add random items to hit the threshold. I'm undecided if I should buy these categories here or just walk to the pharmacy.",,2026-05-06T21:46:49.039955,https://www.mockplatform.com/swiggy/mock_pro_eb7b576c7c19,Snacks & Munchies,Undecided,"Baby Care, Cleaning & Household",Loyalty/Instamart Pass discounts do not apply to other categories,0
mock_pla_9a7b080051d9,play_store,Deepa Rao,"Usually only buy bread and curd. But I noticed a pet care section in the menu. I would love to order wet dog food and treats for my labrador from Instamart since it saves me a trip. However, they only have 1-2 local brands. If they stock Pedigree or Royal Canin, I will buy every month.",1,2026-03-31T21:46:49.039962,https://www.mockplatform.com/swiggy/mock_pla_9a7b080051d9,"Dairy, Bread & Eggs",Yes,Pet Care,Prefers specialized apps (Heads Up For Tails),0
mock_app_b269a8d78ea8,app_store,Karan Rao,"I buy almost everything on Instamart. Yesterday, I ordered a kitchen knife and a charging cable under Home Essentials, and it came in 9 minutes! Amazing. I'd love to buy my personal care cosmetics (shampoo, face wash) here too, but they don't have premium brands like Cetaphil or Minimalist. Please add them!",3,2026-05-22T21:46:49.039969,https://www.mockplatform.com/swiggy/mock_app_b269a8d78ea8,Kitchen & Home Essentials,Yes,Personal Care,"Prefers specialized apps (FirstCry, Nykaa, Heads Up For Tails)",0
mock_quo_359d7776d838,quora,Vikram Sharma,"I buy my regular household cleaning items and snacks from Instamart. I saw they launched a gourmet and organic section recently. I'm really interested in trying organic seeds and olive oil, but the app search didn't show them properly. Will try if they recommend them on my cart page. It's getting better day by day.",,2026-04-22T21:46:49.039975,https://www.mockplatform.com/swiggy/mock_quo_359d7776d838,Cleaning & Household,Yes,Gourmet & Organic,Difficulty discovering category menu or poor search matching,0
mock_pub_b05075a89e7e,public_blogs,Anjali Singh,I buy daily groceries. I saw some deals on personal care items like face wash and soaps on Instamart. I'm not sure if the quality is authentic or if they are near expiry. I might try if they show the expiry date on the product page.,,2026-06-05T21:46:49.039982,https://www.mockplatform.com/swiggy/mock_pub_b05075a89e7e,"Dairy, Bread & Eggs",Undecided,Personal Care,Difficulty discovering category menu or poor search matching,0
mock_quo_ab51b0fc778a,quora,Rohan Gupta,"Instamart is my go-to for fruits and vegetables. I want to try ordering fresh chicken and fish from them, but I'm hesitant about how they package it. If they guarantee insulated packaging and Licious-like hygiene, I am willing to switch entirely. Strongly recommend this app.",,2026-05-10T21:46:49.039990,https://www.mockplatform.com/swiggy/mock_quo_ab51b0fc778a,Fruits & Vegetables,Yes,Meat & Fish,Fears about quality of fresh produce or meats,0
mock_pub_1db265c8ee80,public_blogs,Sneha Gupta,"I buy my regular household cleaning items and snacks from Instamart. I saw they launched a gourmet and organic section recently. I'm really interested in trying organic seeds and olive oil, but the app search didn't show them properly. Will try if they recommend them on my cart page.",,2026-05-30T21:46:49.039997,https://www.mockplatform.com/swiggy/mock_pub_1db265c8ee80,Cleaning & Household,Yes,Gourmet & Organic,Difficulty discovering category menu or poor search matching,0
mock_new_31fdd2ce6c86,news_articles,Priya Bose,"Why is the baby care section on Swiggy Instamart always empty? Whenever I want to order M size Pampers diapers, they are out of stock. I've stopped checking. I buy groceries here but order all my baby needs from FirstCry now.",,2026-06-25T21:46:49.040004,https://www.mockplatform.com/swiggy/mock_new_31fdd2ce6c86,"Dairy, Bread & Eggs",No,,"Prefers specialized apps (FirstCry, Nykaa, Heads Up For Tails)",0
mock_app_4635762fb289,app_store,Rohan Rao,I buy daily groceries. I saw some deals on personal care items like face wash and soaps on Instamart. I'm not sure if the quality is authentic or if they are near expiry. I might try if they show the expiry date on the product page.,2,2026-05-08T21:46:49.040012,https://www.mockplatform.com/swiggy/mock_app_4635762fb289,"Dairy, Bread & Eggs",Undecided,Personal Care,Difficulty discovering category menu or poor search matching,0
mock_pla_e560c0642f81,play_store,Rohan Verma,"Swiggy One membership gives me free delivery on Instamart. But the free delivery only applies if my order is above 199. If I just want to buy a single baby bottle cleaner, I have to add random items to hit the threshold. I'm undecided if I should buy these categories here or just walk to the pharmacy.",3,2026-05-23T21:46:49.040019,https://www.mockplatform.com/swiggy/mock_pla_e560c0642f81,Snacks & Munchies,Undecided,"Baby Care, Cleaning & Household",Loyalty/Instamart Pass discounts do not apply to other categories,0
mock_red_887c8e5c4101,reddit,u/neha_joshi,I buy daily groceries. I saw some deals on personal care items like face wash and soaps on Instamart. I'm not sure if the quality is authentic or if they are near expiry. I might try if they show the expiry date on the product page.,,2026-04-08T21:46:49.040026,https://www.mockplatform.com/swiggy/mock_red_887c8e5c4101,"Dairy, Bread & Eggs",Undecided,Personal Care,Difficulty discovering category menu or poor search matching,0
mock_new_7949e25360df,news_articles,Sneha Rao,I use Swiggy Instamart for urgent snacks or beverages. But the checkout page adds so many fees! Handling fee + delivery charge + surge fee. It doesn't make sense to add a single bottle of handwash because the fees double the price. I'll stick to my local store.,,2026-07-18T21:46:49.040035,https://www.mockplatform.com/swiggy/mock_new_7949e25360df,Beverages,No,,High delivery/surge fees on small value items,0
mock_twi_34963beda44b,twitter,@rohan_gupta,"Instamart is my go-to for fruits and vegetables. I want to try ordering fresh chicken and fish from them, but I'm hesitant about how they package it. If they guarantee insulated packaging and Licious-like hygiene, I am willing to switch entirely. Placed order from Bangalore.",,2026-04-15T21:46:49.040042,https://www.mockplatform.com/swiggy/mock_twi_34963beda44b,Fruits & Vegetables,Yes,Meat & Fish,Fears about quality of fresh produce or meats,0
mock_pro_68c52d9cc8a3,product_hunt,Rahul Sharma,"I order milk, bread, and eggs from Swiggy Instamart every single morning. It's fast and reliable. But I never buy personal care items or home cleaning liquids here. They are far cheaper at DMart, and Instamart prices have a high premium. I strictly use it for daily groceries.",,2026-03-18T21:46:49.040049,https://www.mockplatform.com/swiggy/mock_pro_68c52d9cc8a3,"Dairy, Bread & Eggs",No,,Pricing is higher compared to local supermarkets (DMart),0
mock_com_8ff5787ebdfc,community_forums,Amit Joshi,I buy daily groceries. I saw some deals on personal care items like face wash and soaps on Instamart. I'm not sure if the quality is authentic or if they are near expiry. I might try if they show the expiry date on the product page.,,2026-04-18T21:46:49.040055,https://www.mockplatform.com/swiggy/mock_com_8ff5787ebdfc,"Dairy, Bread & Eggs",Undecided,Personal Care,Difficulty discovering category menu or poor search matching,0
mock_app_4176aa9f0082,app_store,Priya Patel,"Swiggy One membership gives me free delivery on Instamart. But the free delivery only applies if my order is above 199. If I just want to buy a single baby bottle cleaner, I have to add random items to hit the threshold. I'm undecided if I should buy these categories here or just walk to the pharmacy. Delivery boy was polite.",1,2026-03-05T21:46:49.040064,https://www.mockplatform.com/swiggy/mock_app_4176aa9f0082,Snacks & Munchies,Undecided,"Baby Care, Cleaning & Household",Loyalty/Instamart Pass discounts do not apply to other categories,0
mock_quo_c5916ee39245,quora,Sneha Nair,"Swiggy One membership gives me free delivery on Instamart. But the free delivery only applies if my order is above 199. If I just want to buy a single baby bottle cleaner, I have to add random items to hit the threshold. I'm undecided if I should buy these categories here or just walk to the pharmacy. Placed order from Bangalore.",,2026-03-21T21:46:49.040070,https://www.mockplatform.com/swiggy/mock_quo_c5916ee39245,Snacks & Munchies,Undecided,"Baby Care, Cleaning & Household",Loyalty/Instamart Pass discounts do not apply to other categories,0
mock_new_5e2e9c2b6bf3,news_articles,Neha Rao,"Instamart is my go-to for fruits and vegetables. I want to try ordering fresh chicken and fish from them, but I'm hesitant about how they package it. If they guarantee insulated packaging and Licious-like hygiene, I am willing to switch entirely.",,2026-05-05T21:46:49.040077,https://www.mockplatform.com/swiggy/mock_new_5e2e9c2b6bf3,Fruits & Vegetables,Yes,Meat & Fish,Fears about quality of fresh produce or meats,0
mock_new_1695ec998718,news_articles,Meera Joshi,I buy daily groceries. I saw some deals on personal care items like face wash and soaps on Instamart. I'm not sure if the quality is authentic or if they are near expiry. I might try if they show the expiry date on the product page.,,2026-03-16T21:46:49.040085,https://www.mockplatform.com/swiggy/mock_new_1695ec998718,"Dairy, Bread & Eggs",Undecided,Personal Care,Difficulty discovering category menu or poor search matching,0
mock_pro_90d4c261a30c,product_hunt,Meera Verma,I use Swiggy Instamart for urgent snacks or beverages. But the checkout page adds so many fees! Handling fee + delivery charge + surge fee. It doesn't make sense to add a single bottle of handwash because the fees double the price. I'll stick to my local store. It's getting better day by day.,,2026-04-04T21:46:49.040093,https://www.mockplatform.com/swiggy/mock_pro_90d4c261a30c,Beverages,No,,High delivery/surge fees on small value items,0
mock_you_f19e7d5f9325,youtube,Arjun Sen,"I order milk, bread, and eggs from Swiggy Instamart every single morning. It's fast and reliable. But I never buy personal care items or home cleaning liquids here. They are far cheaper at DMart, and Instamart prices have a high premium. I strictly use it for daily groceries.",,2026-06-14T21:46:49.040098,https://www.mockplatform.com/swiggy/mock_you_f19e7d5f9325,"Dairy, Bread & Eggs",No,,Pricing is higher compared to local supermarkets (DMart),0
mock_quo_bf419df56701,quora,Vikram Gupta,"Swiggy One membership gives me free delivery on Instamart. But the free delivery only applies if my order is above 199. If I just want to buy a single baby bottle cleaner, I have to add random items to hit the threshold. I'm undecided if I should buy these categories here or just walk to the pharmacy.",,2026-07-09T21:46:49.040105,https://www.mockplatform.com/swiggy/mock_quo_bf419df56701,Snacks & Munchies,Undecided,"Baby Care, Cleaning & Household",Loyalty/Instamart Pass discounts do not apply to other categories,0
mock_com_a5a64dbfbc69,community_forums,Rahul Verma,"I order milk, bread, and eggs from Swiggy Instamart every single morning. It's fast and reliable. But I never buy personal care items or home cleaning liquids here. They are far cheaper at DMart, and Instamart prices have a high premium. I strictly use it for daily groceries.",,2026-04-30T21:46:49.040111,https://www.mockplatform.com/swiggy/mock_com_a5a64dbfbc69,"Dairy, Bread & Eggs",No,,Pricing is higher compared to local supermarkets (DMart),0
mock_red_69caae46c510,reddit,u/sneha_verma,"Swiggy One membership gives me free delivery on Instamart. But the free delivery only applies if my order is above 199. If I just want to buy a single baby bottle cleaner, I have to add random items to hit the threshold. I'm undecided if I should buy these categories here or just walk to the pharmacy. It's getting better day by day.",,2026-03-09T21:46:49.040117,https://www.mockplatform.com/swiggy/mock_red_69caae46c510,Snacks & Munchies,Undecided,"Baby Care, Cleaning & Household",Loyalty/Instamart Pass discounts do not apply to other categories,0
mock_red_6f3837c58184,reddit,u/sneha_malhotra,"I buy almost everything on Instamart. Yesterday, I ordered a kitchen knife and a charging cable under Home Essentials, and it came in 9 minutes! Amazing. I'd love to buy my personal care cosmetics (shampoo, face wash) here too, but they don't have premium brands like Cetaphil or Minimalist. Please add them!",,2026-06-29T21:46:49.040124,https://www.mockplatform.com/swiggy/mock_red_6f3837c58184,Kitchen & Home Essentials,Yes,Personal Care,"Prefers specialized apps (FirstCry, Nykaa, Heads Up For Tails)",0
mock_app_dd0225a091ed,app_store,Sneha Mehta,"Instamart is my go-to for fruits and vegetables. I want to try ordering fresh chicken and fish from them, but I'm hesitant about how they package it. If they guarantee insulated packaging and Licious-like hygiene, I am willing to switch entirely. Instamart is saving me so much time.",5,2026-06-20T21:46:49.040130,https://www.mockplatform.com/swiggy/mock_app_dd0225a091ed,Fruits & Vegetables,Yes,Meat & Fish,Fears about quality of fresh produce or meats,0
mock_app_e6455d350286,app_store,Amit Sen,"Instamart is great for snacks and beverages when friends come over. But I will never buy vegetables or fruits here. Last time I ordered tomatoes, they were rotten and small. I'd rather buy fresh produce from my local vendor or Safal. Swiggy support is helpful though.",1,2026-06-09T21:46:49.040137,https://www.mockplatform.com/swiggy/mock_app_e6455d350286,Snacks & Munchies,No,,Fears about quality of fresh produce or meats,0
mock_red_34137be53fca,reddit,u/vikram_sen,"Why is the baby care section on Swiggy Instamart always empty? Whenever I want to order M size Pampers diapers, they are out of stock. I've stopped checking. I buy groceries here but order all my baby needs from FirstCry now. It's getting better day by day.",,2026-03-14T21:46:49.040145,https://www.mockplatform.com/swiggy/mock_red_34137be53fca,"Dairy, Bread & Eggs",No,,"Prefers specialized apps (FirstCry, Nykaa, Heads Up For Tails)",0
mock_pro_85bf9590639d,product_hunt,Deepa Mehta,"Instamart is great for snacks and beverages when friends come over. But I will never buy vegetables or fruits here. Last time I ordered tomatoes, they were rotten and small. I'd rather buy fresh produce from my local vendor or Safal. Delivery boy was polite.",,2026-03-08T21:46:49.040153,https://www.mockplatform.com/swiggy/mock_pro_85bf9590639d,Snacks & Munchies,No,,Fears about quality of fresh produce or meats,0
mock_quo_6d7d9c61978d,quora,Rohan Nair,"Instamart is great for snacks and beverages when friends come over. But I will never buy vegetables or fruits here. Last time I ordered tomatoes, they were rotten and small. I'd rather buy fresh produce from my local vendor or Safal.",,2026-05-06T21:46:49.040159,https://www.mockplatform.com/swiggy/mock_quo_6d7d9c61978d,Snacks & Munchies,No,,Fears about quality of fresh produce or meats,0
mock_pla_6a22d15c872e,play_store,Karan Mehta,"Swiggy One membership gives me free delivery on Instamart. But the free delivery only applies if my order is above 199. If I just want to buy a single baby bottle cleaner, I have to add random items to hit the threshold. I'm undecided if I should buy these categories here or just walk to the pharmacy.",2,2026-06-03T21:46:49.040165,https://www.mockplatform.com/swiggy/mock_pla_6a22d15c872e,Snacks & Munchies,Undecided,"Baby Care, Cleaning & Household",Loyalty/Instamart Pass discounts do not apply to other categories,0
mock_pub_b03f430b4282,public_blogs,Rohan Sen,"I buy my regular household cleaning items and snacks from Instamart. I saw they launched a gourmet and organic section recently. I'm really interested in trying organic seeds and olive oil, but the app search didn't show them properly. Will try if they recommend them on my cart page.",,2026-05-13T21:46:49.040171,https://www.mockplatform.com/swiggy/mock_pub_b03f430b4282,Cleaning & Household,Yes,Gourmet & Organic,Difficulty discovering category menu or poor search matching,0
mock_app_517597cc059c,app_store,Karan Rao,"I buy almost everything on Instamart. Yesterday, I ordered a kitchen knife and a charging cable under Home Essentials, and it came in 9 minutes! Amazing. I'd love to buy my personal care cosmetics (shampoo, face wash) here too, but they don't have premium brands like Cetaphil or Minimalist. Please add them! Hope they resolve this soon.",5,2026-05-24T21:46:49.040177,https://www.mockplatform.com/swiggy/mock_app_517597cc059c,Kitchen & Home Essentials,Yes,Personal Care,"Prefers specialized apps (FirstCry, Nykaa, Heads Up For Tails)",0
mock_pub_8d33eee66895,public_blogs,Karan Bose,"Why is the baby care section on Swiggy Instamart always empty? Whenever I want to order M size Pampers diapers, they are out of stock. I've stopped checking. I buy groceries here but order all my baby needs from FirstCry now.",,2026-04-17T21:46:49.040183,https://www.mockplatform.com/swiggy/mock_pub_8d33eee66895,"Dairy, Bread & Eggs",No,,"Prefers specialized apps (FirstCry, Nykaa, Heads Up For Tails)",0
mock_app_9f1306bf97a2,app_store,Deepa Gupta,"Swiggy One membership gives me free delivery on Instamart. But the free delivery only applies if my order is above 199. If I just want to buy a single baby bottle cleaner, I have to add random items to hit the threshold. I'm undecided if I should buy these categories here or just walk to the pharmacy. Strongly recommend this app.",2,2026-03-10T21:46:49.040189,https://www.mockplatform.com/swiggy/mock_app_9f1306bf97a2,Snacks & Munchies,Undecided,"Baby Care, Cleaning & Household",Loyalty/Instamart Pass discounts do not apply to other categories,0
mock_red_524a84a990d7,reddit,u/karan_nair,"Why is the baby care section on Swiggy Instamart always empty? Whenever I want to order M size Pampers diapers, they are out of stock. I've stopped checking. I buy groceries here but order all my baby needs from FirstCry now. Delivery boy was polite.",,2026-07-09T21:46:49.040196,https://www.mockplatform.com/swiggy/mock_red_524a84a990d7,"Dairy, Bread & Eggs",No,,"Prefers specialized apps (FirstCry, Nykaa, Heads Up For Tails)",0
mock_quo_7a314f8c9699,quora,Amit Rao,"I buy almost everything on Instamart. Yesterday, I ordered a kitchen knife and a charging cable under Home Essentials, and it came in 9 minutes! Amazing. I'd love to buy my personal care cosmetics (shampoo, face wash) here too, but they don't have premium brands like Cetaphil or Minimalist. Please add them!",,2026-03-29T21:46:49.040202,https://www.mockplatform.com/swiggy/mock_quo_7a314f8c9699,Kitchen & Home Essentials,Yes,Personal Care,"Prefers specialized apps (FirstCry, Nykaa, Heads Up For Tails)",0
mock_you_e590e16215c6,youtube,Rohan Bose,"Instamart is my go-to for fruits and vegetables. I want to try ordering fresh chicken and fish from them, but I'm hesitant about how they package it. If they guarantee insulated packaging and Licious-like hygiene, I am willing to switch entirely.",,2026-03-04T21:46:49.040208,https://www.mockplatform.com/swiggy/mock_you_e590e16215c6,Fruits & Vegetables,Yes,Meat & Fish,Fears about quality of fresh produce or meats,0
mock_app_b123752b5440,app_store,Deepa Sen,"I order milk, bread, and eggs from Swiggy Instamart every single morning. It's fast and reliable. But I never buy personal care items or home cleaning liquids here. They are far cheaper at DMart, and Instamart prices have a high premium. I strictly use it for daily groceries.",2,2026-03-24T21:46:49.040215,https://www.mockplatform.com/swiggy/mock_app_b123752b5440,"Dairy, Bread & Eggs",No,,Pricing is higher compared to local supermarkets (DMart),0
mock_pro_624536b26a2c,product_hunt,Rahul Patel,"Instamart is great for snacks and beverages when friends come over. But I will never buy vegetables or fruits here. Last time I ordered tomatoes, they were rotten and small. I'd rather buy fresh produce from my local vendor or Safal. Delivery boy was polite.",,2026-04-17T21:46:49.040222,https://www.mockplatform.com/swiggy/mock_pro_624536b26a2c,Snacks & Munchies,No,,Fears about quality of fresh produce or meats,0
mock_new_f79ade28ada7,news_articles,Karan Bose,"I buy my regular household cleaning items and snacks from Instamart. I saw they launched a gourmet and organic section recently. I'm really interested in trying organic seeds and olive oil, but the app search didn't show them properly. Will try if they recommend them on my cart page.",,2026-07-23T21:46:49.040228,https://www.mockplatform.com/swiggy/mock_new_f79ade28ada7,Cleaning & Household,Yes,Gourmet & Organic,Difficulty discovering category menu or poor search matching,0
mock_com_64678ac0b285,community_forums,Sneha Patel,"Usually only buy bread and curd. But I noticed a pet care section in the menu. I would love to order wet dog food and treats for my labrador from Instamart since it saves me a trip. However, they only have 1-2 local brands. If they stock Pedigree or Royal Canin, I will buy every month.",,2026-05-07T21:46:49.040236,https://www.mockplatform.com/swiggy/mock_com_64678ac0b285,"Dairy, Bread & Eggs",Yes,Pet Care,Prefers specialized apps (Heads Up For Tails),0
mock_pro_01e4e626da31,product_hunt,Arjun Joshi,"Usually only buy bread and curd. But I noticed a pet care section in the menu. I would love to order wet dog food and treats for my labrador from Instamart since it saves me a trip. However, they only have 1-2 local brands. If they stock Pedigree or Royal Canin, I will buy every month.",,2026-04-21T21:46:49.040242,https://www.mockplatform.com/swiggy/mock_pro_01e4e626da31,"Dairy, Bread & Eggs",Yes,Pet Care,Prefers specialized apps (Heads Up For Tails),0
mock_quo_06b63311c220,quora,Sneha Bose,I buy daily groceries. I saw some deals on personal care items like face wash and soaps on Instamart. I'm not sure if the quality is authentic or if they are near expiry. I might try if they show the expiry date on the product page.,,2026-06-01T21:46:49.040249,https://www.mockplatform.com/swiggy/mock_quo_06b63311c220,"Dairy, Bread & Eggs",Undecided,Personal Care,Difficulty discovering category menu or poor search matching,0
mock_app_7b1e0dbf77f5,app_store,Arjun Bose,"Usually only buy bread and curd. But I noticed a pet care section in the menu. I would love to order wet dog food and treats for my labrador from Instamart since it saves me a trip. However, they only have 1-2 local brands. If they stock Pedigree or Royal Canin, I will buy every month. Swiggy support is helpful though.",5,2026-05-23T21:46:49.040255,https://www.mockplatform.com/swiggy/mock_app_7b1e0dbf77f5,"Dairy, Bread & Eggs",Yes,Pet Care,Prefers specialized apps (Heads Up For Tails),0
mock_pro_0650a7606945,product_hunt,Priya Malhotra,"Instamart is great for snacks and beverages when friends come over. But I will never buy vegetables or fruits here. Last time I ordered tomatoes, they were rotten and small. I'd rather buy fresh produce from my local vendor or Safal.",,2026-06-10T21:46:49.040262,https://www.mockplatform.com/swiggy/mock_pro_0650a7606945,Snacks & Munchies,No,,Fears about quality of fresh produce or meats,0
mock_pro_146cf409b1b1,product_hunt,Amit Mehta,"Why is the baby care section on Swiggy Instamart always empty? Whenever I want to order M size Pampers diapers, they are out of stock. I've stopped checking. I buy groceries here but order all my baby needs from FirstCry now. Instamart is saving me so much time.",,2026-07-01T21:46:49.040268,https://www.mockplatform.com/swiggy/mock_pro_146cf409b1b1,"Dairy, Bread & Eggs",No,,"Prefers specialized apps (FirstCry, Nykaa, Heads Up For Tails)",0
mock_pub_1605f922ad05,public_blogs,Karan Mehta,"Swiggy One membership gives me free delivery on Instamart. But the free delivery only applies if my order is above 199. If I just want to buy a single baby bottle cleaner, I have to add random items to hit the threshold. I'm undecided if I should buy these categories here or just walk to the pharmacy. It's getting better day by day.",,2026-07-14T21:46:49.040274,https://www.mockplatform.com/swiggy/mock_pub_1605f922ad05,Snacks & Munchies,Undecided,"Baby Care, Cleaning & Household",Loyalty/Instamart Pass discounts do not apply to other categories,0
mock_twi_a042ccf3ca46,twitter,@vikram_nair,"Instamart is great for snacks and beverages when friends come over. But I will never buy vegetables or fruits here. Last time I ordered tomatoes, they were rotten and small. I'd rather buy fresh produce from my local vendor or Safal.",,2026-03-24T21:46:49.040282,https://www.mockplatform.com/swiggy/mock_twi_a042ccf3ca46,Snacks & Munchies,No,,Fears about quality of fresh produce or meats,0
mock_pla_b409c2bd044e,play_store,Neha Rao,"Usually only buy bread and curd. But I noticed a pet care section in the menu. I would love to order wet dog food and treats for my labrador from Instamart since it saves me a trip. However, they only have 1-2 local brands. If they stock Pedigree or Royal Canin, I will buy every month.",5,2026-07-02T21:46:49.040288,https://www.mockplatform.com/swiggy/mock_pla_b409c2bd044e,"Dairy, Bread & Eggs",Yes,Pet Care,Prefers specialized apps (Heads Up For Tails),0
mock_twi_6d0f6e40571f,twitter,@meera_gupta,"Why is the baby care section on Swiggy Instamart always empty? Whenever I want to order M size Pampers diapers, they are out of stock. I've stopped checking. I buy groceries here but order all my baby needs from FirstCry now.",,2026-07-23T21:46:49.040294,https://www.mockplatform.com/swiggy/mock_twi_6d0f6e40571f,"Dairy, Bread & Eggs",No,,"Prefers specialized apps (FirstCry, Nykaa, Heads Up For Tails)",0
mock_you_5a1bd9bb8228,youtube,Deepa Gupta,"I buy almost everything on Instamart. Yesterday, I ordered a kitchen knife and a charging cable under Home Essentials, and it came in 9 minutes! Amazing. I'd love to buy my personal care cosmetics (shampoo, face wash) here too, but they don't have premium brands like Cetaphil or Minimalist. Please add them!",,2026-03-12T21:46:49.040300,https://www.mockplatform.com/swiggy/mock_you_5a1bd9bb8228,Kitchen & Home Essentials,Yes,Personal Care,"Prefers specialized apps (FirstCry, Nykaa, Heads Up For Tails)",0
mock_you_f2a18aac767f,youtube,Meera Verma,"Instamart is my go-to for fruits and vegetables. I want to try ordering fresh chicken and fish from them, but I'm hesitant about how they package it. If they guarantee insulated packaging and Licious-like hygiene, I am willing to switch entirely.",,2026-04-19T21:46:49.040306,https://www.mockplatform.com/swiggy/mock_you_f2a18aac767f,Fruits & Vegetables,Yes,Meat & Fish,Fears about quality of fresh produce or meats,0
mock_you_3cb9a9c44acb,youtube,Karan Gupta,"Usually only buy bread and curd. But I noticed a pet care section in the menu. I would love to order wet dog food and treats for my labrador from Instamart since it saves me a trip. However, they only have 1-2 local brands. If they stock Pedigree or Royal Canin, I will buy every month. Placed order from Bangalore.",,2026-06-29T21:46:49.040343,https://www.mockplatform.com/swiggy/mock_you_3cb9a9c44acb,"Dairy, Bread & Eggs",Yes,Pet Care,Prefers specialized apps (Heads Up For Tails),0
mock_twi_daa68f32d51e,twitter,@priya_sharma,"I order milk, bread, and eggs from Swiggy Instamart every single morning. It's fast and reliable. But I never buy personal care items or home cleaning liquids here. They are far cheaper at DMart, and Instamart prices have a high premium. I strictly use it for daily groceries.",,2026-06-01T21:46:49.040349,https://www.mockplatform.com/swiggy/mock_twi_daa68f32d51e,"Dairy, Bread & Eggs",No,,Pricing is higher compared to local supermarkets (DMart),0
mock_you_93033cb5534c,youtube,Rohan Patel,"Usually only buy bread and curd. But I noticed a pet care section in the menu. I would love to order wet dog food and treats for my labrador from Instamart since it saves me a trip. However, they only have 1-2 local brands. If they stock Pedigree or Royal Canin, I will buy every month.",,2026-03-01T21:46:49.040356,https://www.mockplatform.com/swiggy/mock_you_93033cb5534c,"Dairy, Bread & Eggs",Yes,Pet Care,Prefers specialized apps (Heads Up For Tails),0
mock_twi_751eae1027fd,twitter,@vikram_rao,I buy daily groceries. I saw some deals on personal care items like face wash and soaps on Instamart. I'm not sure if the quality is authentic or if they are near expiry. I might try if they show the expiry date on the product page.,,2026-03-20T21:46:49.040362,https://www.mockplatform.com/swiggy/mock_twi_751eae1027fd,"Dairy, Bread & Eggs",Undecided,Personal Care,Difficulty discovering category menu or poor search matching,0
mock_red_fd9aa84451eb,reddit,u/vikram_mehta,"I buy my regular household cleaning items and snacks from Instamart. I saw they launched a gourmet and organic section recently. I'm really interested in trying organic seeds and olive oil, but the app search didn't show them properly. Will try if they recommend them on my cart page.",,2026-04-18T21:46:49.040369,https://www.mockplatform.com/swiggy/mock_red_fd9aa84451eb,Cleaning & Household,Yes,Gourmet & Organic,Difficulty discovering category menu or poor search matching,0
mock_you_9ab7ebe20200,youtube,Amit Mehta,"I order milk, bread, and eggs from Swiggy Instamart every single morning. It's fast and reliable. But I never buy personal care items or home cleaning liquids here. They are far cheaper at DMart, and Instamart prices have a high premium. I strictly use it for daily groceries.",,2026-03-02T21:46:49.040379,https://www.mockplatform.com/swiggy/mock_you_9ab7ebe20200,"Dairy, Bread & Eggs",No,,Pricing is higher compared to local supermarkets (DMart),0
mock_new_152c285e5ecd,news_articles,Arjun Malhotra,"Why is the baby care section on Swiggy Instamart always empty? Whenever I want to order M size Pampers diapers, they are out of stock. I've stopped checking. I buy groceries here but order all my baby needs from FirstCry now.",,2026-04-17T21:46:49.040386,https://www.mockplatform.com/swiggy/mock_new_152c285e5ecd,"Dairy, Bread & Eggs",No,,"Prefers specialized apps (FirstCry, Nykaa, Heads Up For Tails)",0
mock_red_e047f6b83413,reddit,u/sneha_joshi,"Usually only buy bread and curd. But I noticed a pet care section in the menu. I would love to order wet dog food and treats for my labrador from Instamart since it saves me a trip. However, they only have 1-2 local brands. If they stock Pedigree or Royal Canin, I will buy every month. It's getting better day by day.",,2026-07-02T21:46:49.040393,https://www.mockplatform.com/swiggy/mock_red_e047f6b83413,"Dairy, Bread & Eggs",Yes,Pet Care,Prefers specialized apps (Heads Up For Tails),0
mock_pla_14f666422fe2,play_store,Priya Bose,"I order milk, bread, and eggs from Swiggy Instamart every single morning. It's fast and reliable. But I never buy personal care items or home cleaning liquids here. They are far cheaper at DMart, and Instamart prices have a high premium. I strictly use it for daily groceries. Instamart is saving me so much time.",3,2026-05-17T21:46:49.040400,https://www.mockplatform.com/swiggy/mock_pla_14f666422fe2,"Dairy, Bread & Eggs",No,,Pricing is higher compared to local supermarkets (DMart),0
mock_quo_c29ea2fdab41,quora,Karan Sharma,"I buy almost everything on Instamart. Yesterday, I ordered a kitchen knife and a charging cable under Home Essentials, and it came in 9 minutes! Amazing. I'd love to buy my personal care cosmetics (shampoo, face wash) here too, but they don't have premium brands like Cetaphil or Minimalist. Please add them! Instamart is saving me so much time.",,2026-05-13T21:46:49.040407,https://www.mockplatform.com/swiggy/mock_quo_c29ea2fdab41,Kitchen & Home Essentials,Yes,Personal Care,"Prefers specialized apps (FirstCry, Nykaa, Heads Up For Tails)",0
mock_you_9d52f57b4a29,youtube,Sneha Gupta,"Instamart is my go-to for fruits and vegetables. I want to try ordering fresh chicken and fish from them, but I'm hesitant about how they package it. If they guarantee insulated packaging and Licious-like hygiene, I am willing to switch entirely.",,2026-04-15T21:46:49.040413,https://www.mockplatform.com/swiggy/mock_you_9d52f57b4a29,Fruits & Vegetables,Yes,Meat & Fish,Fears about quality of fresh produce or meats,0
mock_app_0b044af864e4,app_store,Amit Nair,"I buy my regular household cleaning items and snacks from Instamart. I saw they launched a gourmet and organic section recently. I'm really interested in trying organic seeds and olive oil, but the app search didn't show them properly. Will try if they recommend them on my cart page.",3,2026-04-13T21:46:49.040464,https://www.mockplatform.com/swiggy/mock_app_0b044af864e4,Cleaning & Household,Yes,Gourmet & Organic,Difficulty discovering category menu or poor search matching,0
mock_pub_3d82f68a3612,public_blogs,Anjali Verma,"I buy almost everything on Instamart. Yesterday, I ordered a kitchen knife and a charging cable under Home Essentials, and it came in 9 minutes! Amazing. I'd love to buy my personal care cosmetics (shampoo, face wash) here too, but they don't have premium brands like Cetaphil or Minimalist. Please add them!",,2026-03-04T21:46:49.040471,https://www.mockplatform.com/swiggy/mock_pub_3d82f68a3612,Kitchen & Home Essentials,Yes,Personal Care,"Prefers specialized apps (FirstCry, Nykaa, Heads Up For Tails)",0
mock_pub_fbeb1b6096a3,public_blogs,Anjali Patel,"Why is the baby care section on Swiggy Instamart always empty? Whenever I want to order M size Pampers diapers, they are out of stock. I've stopped checking. I buy groceries here but order all my baby needs from FirstCry now.",,2026-05-15T21:46:49.040478,https://www.mockplatform.com/swiggy/mock_pub_fbeb1b6096a3,"Dairy, Bread & Eggs",No,,"Prefers specialized apps (FirstCry, Nykaa, Heads Up For Tails)",0
mock_you_e893d77caf73,youtube,Sneha Joshi,"Instamart is my go-to for fruits and vegetables. I want to try ordering fresh chicken and fish from them, but I'm hesitant about how they package it. If they guarantee insulated packaging and Licious-like hygiene, I am willing to switch entirely.",,2026-03-07T21:46:49.040490,https://www.mockplatform.com/swiggy/mock_you_e893d77caf73,Fruits & Vegetables,Yes,Meat & Fish,Fears about quality of fresh produce or meats,0
mock_pro_41b2c99bbdf3,product_hunt,Amit Bose,"I order milk, bread, and eggs from Swiggy Instamart every single morning. It's fast and reliable. But I never buy personal care items or home cleaning liquids here. They are far cheaper at DMart, and Instamart prices have a high premium. I strictly use it for daily groceries.",,2026-07-04T21:46:49.040510,https://www.mockplatform.com/swiggy/mock_pro_41b2c99bbdf3,"Dairy, Bread & Eggs",No,,Pricing is higher compared to local supermarkets (DMart),0
mock_com_8a3a57fa7c8a,community_forums,Rahul Sharma,I buy daily groceries. I saw some deals on personal care items like face wash and soaps on Instamart. I'm not sure if the quality is authentic or if they are near expiry. I might try if they show the expiry date on the product page.,,2026-06-22T21:46:49.040529,https://www.mockplatform.com/swiggy/mock_com_8a3a57fa7c8a,"Dairy, Bread & Eggs",Undecided,Personal Care,Difficulty discovering category menu or poor search matching,0
mock_pro_e31dcbd074a8,product_hunt,Karan Patel,"Instamart is my go-to for fruits and vegetables. I want to try ordering fresh chicken and fish from them, but I'm hesitant about how they package it. If they guarantee insulated packaging and Licious-like hygiene, I am willing to switch entirely.",,2026-03-24T21:46:49.040538,https://www.mockplatform.com/swiggy/mock_pro_e31dcbd074a8,Fruits & Vegetables,Yes,Meat & Fish,Fears about quality of fresh produce or meats,0
mock_twi_a2bbc269067c,twitter,@priya_joshi,"I order milk, bread, and eggs from Swiggy Instamart every single morning. It's fast and reliable. But I never buy personal care items or home cleaning liquids here. They are far cheaper at DMart, and Instamart prices have a high premium. I strictly use it for daily groceries. It's getting better day by day.",,2026-07-23T21:46:49.040546,https://www.mockplatform.com/swiggy/mock_twi_a2bbc269067c,"Dairy, Bread & Eggs",No,,Pricing is higher compared to local supermarkets (DMart),0
mock_new_b19ce3ea2aa1,news_articles,Meera Malhotra,I use Swiggy Instamart for urgent snacks or beverages. But the checkout page adds so many fees! Handling fee + delivery charge + surge fee. It doesn't make sense to add a single bottle of handwash because the fees double the price. I'll stick to my local store.,,2026-06-06T21:46:49.040556,https://www.mockplatform.com/swiggy/mock_new_b19ce3ea2aa1,Beverages,No,,High delivery/surge fees on small value items,0
mock_pro_c8bf8d94475d,product_hunt,Arjun Joshi,"I buy my regular household cleaning items and snacks from Instamart. I saw they launched a gourmet and organic section recently. I'm really interested in trying organic seeds and olive oil, but the app search didn't show them properly. Will try if they recommend them on my cart page.",,2026-03-16T21:46:49.040563,https://www.mockplatform.com/swiggy/mock_pro_c8bf8d94475d,Cleaning & Household,Yes,Gourmet & Organic,Difficulty discovering category menu or poor search matching,0
mock_quo_a327c69727ef,quora,Arjun Nair,"I buy my regular household cleaning items and snacks from Instamart. I saw they launched a gourmet and organic section recently. I'm really interested in trying organic seeds and olive oil, but the app search didn't show them properly. Will try if they recommend them on my cart page.",,2026-07-08T21:46:49.040574,https://www.mockplatform.com/swiggy/mock_quo_a327c69727ef,Cleaning & Household,Yes,Gourmet & Organic,Difficulty discovering category menu or poor search matching,0
mock_pub_dbd9a6524b42,public_blogs,Sneha Nair,I use Swiggy Instamart for urgent snacks or beverages. But the checkout page adds so many fees! Handling fee + delivery charge + surge fee. It doesn't make sense to add a single bottle of handwash because the fees double the price. I'll stick to my local store.,,2026-03-29T21:46:49.040580,https://www.mockplatform.com/swiggy/mock_pub_dbd9a6524b42,Beverages,No,,High delivery/surge fees on small value items,0
mock_pub_c236e35f7420,public_blogs,Karan Patel,"Instamart is my go-to for fruits and vegetables. I want to try ordering fresh chicken and fish from them, but I'm hesitant about how they package it. If they guarantee insulated packaging and Licious-like hygiene, I am willing to switch entirely. It's getting better day by day.",,2026-05-15T21:46:49.040587,https://www.mockplatform.com/swiggy/mock_pub_c236e35f7420,Fruits & Vegetables,Yes,Meat & Fish,Fears about quality of fresh produce or meats,0
mock_quo_94527ee7308d,quora,Arjun Mehta,"Instamart is my go-to for fruits and vegetables. I want to try ordering fresh chicken and fish from them, but I'm hesitant about how they package it. If they guarantee insulated packaging and Licious-like hygiene, I am willing to switch entirely. Instamart is saving me so much time.",,2026-04-15T21:46:49.040600,https://www.mockplatform.com/swiggy/mock_quo_94527ee7308d,Fruits & Vegetables,Yes,Meat & Fish,Fears about quality of fresh produce or meats,0
mock_quo_e9c1070be098,quora,Priya Mehta,"Swiggy One membership gives me free delivery on Instamart. But the free delivery only applies if my order is above 199. If I just want to buy a single baby bottle cleaner, I have to add random items to hit the threshold. I'm undecided if I should buy these categories here or just walk to the pharmacy.",,2026-03-11T21:46:49.040622,https://www.mockplatform.com/swiggy/mock_quo_e9c1070be098,Snacks & Munchies,Undecided,"Baby Care, Cleaning & Household",Loyalty/Instamart Pass discounts do not apply to other categories,0
mock_pro_e30bbd1e3c18,product_hunt,Anjali Gupta,I buy daily groceries. I saw some deals on personal care items like face wash and soaps on Instamart. I'm not sure if the quality is authentic or if they are near expiry. I might try if they show the expiry date on the product page. Delivery boy was polite.,,2026-02-27T21:46:49.040631,https://www.mockplatform.com/swiggy/mock_pro_e30bbd1e3c18,"Dairy, Bread & Eggs",Undecided,Personal Care,Difficulty discovering category menu or poor search matching,0
mock_red_6620cc6d6bd8,reddit,u/priya_nair,"I buy almost everything on Instamart. Yesterday, I ordered a kitchen knife and a charging cable under Home Essentials, and it came in 9 minutes! Amazing. I'd love to buy my personal care cosmetics (shampoo, face wash) here too, but they don't have premium brands like Cetaphil or Minimalist. Please add them!",,2026-03-25T21:46:49.040639,https://www.mockplatform.com/swiggy/mock_red_6620cc6d6bd8,Kitchen & Home Essentials,Yes,Personal Care,"Prefers specialized apps (FirstCry, Nykaa, Heads Up For Tails)",0
mock_pla_207f69fa4f9f,play_store,Amit Nair,"Swiggy One membership gives me free delivery on Instamart. But the free delivery only applies if my order is above 199. If I just want to buy a single baby bottle cleaner, I have to add random items to hit the threshold. I'm undecided if I should buy these categories here or just walk to the pharmacy.",1,2026-06-27T21:46:49.040649,https://www.mockplatform.com/swiggy/mock_pla_207f69fa4f9f,Snacks & Munchies,Undecided,"Baby Care, Cleaning & Household",Loyalty/Instamart Pass discounts do not apply to other categories,0
mock_pla_583b9b7e8e67,play_store,Anjali Verma,"Usually only buy bread and curd. But I noticed a pet care section in the menu. I would love to order wet dog food and treats for my labrador from Instamart since it saves me a trip. However, they only have 1-2 local brands. If they stock Pedigree or Royal Canin, I will buy every month. It's getting better day by day.",5,2026-05-05T21:46:49.040659,https://www.mockplatform.com/swiggy/mock_pla_583b9b7e8e67,"Dairy, Bread & Eggs",Yes,Pet Care,Prefers specialized apps (Heads Up For Tails),0
mock_pro_b672e10b2b45,product_hunt,Anjali Verma,"I buy my regular household cleaning items and snacks from Instamart. I saw they launched a gourmet and organic section recently. I'm really interested in trying organic seeds and olive oil, but the app search didn't show them properly. Will try if they recommend them on my cart page.",,2026-04-06T21:46:49.040672,https://www.mockplatform.com/swiggy/mock_pro_b672e10b2b45,Cleaning & Household,Yes,Gourmet & Organic,Difficulty discovering category menu or poor search matching,0
mock_new_916393e520fc,news_articles,Meera Malhotra,"Why is the baby care section on Swiggy Instamart always empty? Whenever I want to order M size Pampers diapers, they are out of stock. I've stopped checking. I buy groceries here but order all my baby needs from FirstCry now.",,2026-06-24T21:46:49.040710,https://www.mockplatform.com/swiggy/mock_new_916393e520fc,"Dairy, Bread & Eggs",No,,"Prefers specialized apps (FirstCry, Nykaa, Heads Up For Tails)",0
mock_new_be03d6a0ccee,news_articles,Amit Mehta,"Why is the baby care section on Swiggy Instamart always empty? Whenever I want to order M size Pampers diapers, they are out of stock. I've stopped checking. I buy groceries here but order all my baby needs from FirstCry now. Instamart is saving me so much time.",,2026-03-05T21:46:49.040721,https://www.mockplatform.com/swiggy/mock_new_be03d6a0ccee,"Dairy, Bread & Eggs",No,,"Prefers specialized apps (FirstCry, Nykaa, Heads Up For Tails)",0
mock_new_04004106be6d,news_articles,Neha Malhotra,I use Swiggy Instamart for urgent snacks or beverages. But the checkout page adds so many fees! Handling fee + delivery charge + surge fee. It doesn't make sense to add a single bottle of handwash because the fees double the price. I'll stick to my local store. Instamart is saving me so much time.,,2026-05-10T21:46:49.040731,https://www.mockplatform.com/swiggy/mock_new_04004106be6d,Beverages,No,,High delivery/surge fees on small value items,0
mock_you_46ab515bbf11,youtube,Amit Joshi,"I buy my regular household cleaning items and snacks from Instamart. I saw they launched a gourmet and organic section recently. I'm really interested in trying organic seeds and olive oil, but the app search didn't show them properly. Will try if they recommend them on my cart page. Delivery boy was polite.",,2026-06-25T21:46:49.040745,https://www.mockplatform.com/swiggy/mock_you_46ab515bbf11,Cleaning & Household,Yes,Gourmet & Organic,Difficulty discovering category menu or poor search matching,0
mock_new_8d2292471cf7,news_articles,Arjun Patel,"Why is the baby care section on Swiggy Instamart always empty? Whenever I want to order M size Pampers diapers, they are out of stock. I've stopped checking. I buy groceries here but order all my baby needs from FirstCry now.",,2026-03-06T21:46:49.040754,https://www.mockplatform.com/swiggy/mock_new_8d2292471cf7,"Dairy, Bread & Eggs",No,,"Prefers specialized apps (FirstCry, Nykaa, Heads Up For Tails)",0
mock_pro_59a7e3c22c12,product_hunt,Anjali Sen,"Instamart is great for snacks and beverages when friends come over. But I will never buy vegetables or fruits here. Last time I ordered tomatoes, they were rotten and small. I'd rather buy fresh produce from my local vendor or Safal.",,2026-04-24T21:46:49.040764,https://www.mockplatform.com/swiggy/mock_pro_59a7e3c22c12,Snacks & Munchies,No,,Fears about quality of fresh produce or meats,0
mock_pub_c036abb6752c,public_blogs,Rohan Verma,I buy daily groceries. I saw some deals on personal care items like face wash and soaps on Instamart. I'm not sure if the quality is authentic or if they are near expiry. I might try if they show the expiry date on the product page. It's getting better day by day.,,2026-04-27T21:46:49.040825,https://www.mockplatform.com/swiggy/mock_pub_c036abb6752c,"Dairy, Bread & Eggs",Undecided,Personal Care,Difficulty discovering category menu or poor search matching,0
mock_new_83582ea59a36,news_articles,Deepa Mehta,"Instamart is my go-to for fruits and vegetables. I want to try ordering fresh chicken and fish from them, but I'm hesitant about how they package it. If they guarantee insulated packaging and Licious-like hygiene, I am willing to switch entirely.",,2026-07-23T21:46:49.040843,https://www.mockplatform.com/swiggy/mock_new_83582ea59a36,Fruits & Vegetables,Yes,Meat & Fish,Fears about quality of fresh produce or meats,0
mock_app_3925fcdaca24,app_store,Rahul Sharma,"I buy my regular household cleaning items and snacks from Instamart. I saw they launched a gourmet and organic section recently. I'm really interested in trying organic seeds and olive oil, but the app search didn't show them properly. Will try if they recommend them on my cart page. Instamart is saving me so much time.",3,2026-06-08T21:46:49.040852,https://www.mockplatform.com/swiggy/mock_app_3925fcdaca24,Cleaning & Household,Yes,Gourmet & Organic,Difficulty discovering category menu or poor search matching,0
mock_red_a775a3ab6ec3,reddit,u/meera_nair,"Instamart is great for snacks and beverages when friends come over. But I will never buy vegetables or fruits here. Last time I ordered tomatoes, they were rotten and small. I'd rather buy fresh produce from my local vendor or Safal.",,2026-04-26T21:46:49.040861,https://www.mockplatform.com/swiggy/mock_red_a775a3ab6ec3,Snacks & Munchies,No,,Fears about quality of fresh produce or meats,0
mock_quo_cd4f549ad6a5,quora,Arjun Bose,"Instamart is great for snacks and beverages when friends come over. But I will never buy vegetables or fruits here. Last time I ordered tomatoes, they were rotten and small. I'd rather buy fresh produce from my local vendor or Safal.",,2026-06-08T21:46:49.040869,https://www.mockplatform.com/swiggy/mock_quo_cd4f549ad6a5,Snacks & Munchies,No,,Fears about quality of fresh produce or meats,0
mock_pub_081e5256b27a,public_blogs,Priya Sen,"Why is the baby care section on Swiggy Instamart always empty? Whenever I want to order M size Pampers diapers, they are out of stock. I've stopped checking. I buy groceries here but order all my baby needs from FirstCry now. Hope they resolve this soon.",,2026-03-27T21:46:49.040887,https://www.mockplatform.com/swiggy/mock_pub_081e5256b27a,"Dairy, Bread & Eggs",No,,"Prefers specialized apps (FirstCry, Nykaa, Heads Up For Tails)",0
mock_pla_ce7d1eeeb8b4,play_store,Deepa Gupta,"Usually only buy bread and curd. But I noticed a pet care section in the menu. I would love to order wet dog food and treats for my labrador from Instamart since it saves me a trip. However, they only have 1-2 local brands. If they stock Pedigree or Royal Canin, I will buy every month.",2,2026-07-02T21:46:49.040896,https://www.mockplatform.com/swiggy/mock_pla_ce7d1eeeb8b4,"Dairy, Bread & Eggs",Yes,Pet Care,Prefers specialized apps (Heads Up For Tails),0
mock_app_bbca73ddae3f,app_store,Sneha Sharma,"I buy almost everything on Instamart. Yesterday, I ordered a kitchen knife and a charging cable under Home Essentials, and it came in 9 minutes! Amazing. I'd love to buy my personal care cosmetics (shampoo, face wash) here too, but they don't have premium brands like Cetaphil or Minimalist. Please add them! Delivery boy was polite.",1,2026-06-18T21:46:49.040908,https://www.mockplatform.com/swiggy/mock_app_bbca73ddae3f,Kitchen & Home Essentials,Yes,Personal Care,"Prefers specialized apps (FirstCry, Nykaa, Heads Up For Tails)",0
mock_com_adf6c0da17c4,community_forums,Sneha Bose,"I buy my regular household cleaning items and snacks from Instamart. I saw they launched a gourmet and organic section recently. I'm really interested in trying organic seeds and olive oil, but the app search didn't show them properly. Will try if they recommend them on my cart page. Delivery boy was polite.",,2026-05-29T21:46:49.040916,https://www.mockplatform.com/swiggy/mock_com_adf6c0da17c4,Cleaning & Household,Yes,Gourmet & Organic,Difficulty discovering category menu or poor search matching,0
mock_pla_0162631a2668,play_store,Priya Malhotra,"I order milk, bread, and eggs from Swiggy Instamart every single morning. It's fast and reliable. But I never buy personal care items or home cleaning liquids here. They are far cheaper at DMart, and Instamart prices have a high premium. I strictly use it for daily groceries.",1,2026-06-06T21:46:49.040923,https://www.mockplatform.com/swiggy/mock_pla_0162631a2668,"Dairy, Bread & Eggs",No,,Pricing is higher compared to local supermarkets (DMart),0
mock_quo_28f175702a70,quora,Vikram Singh,I buy daily groceries. I saw some deals on personal care items like face wash and soaps on Instamart. I'm not sure if the quality is authentic or if they are near expiry. I might try if they show the expiry date on the product page.,,2026-06-16T21:46:49.040931,https://www.mockplatform.com/swiggy/mock_quo_28f175702a70,"Dairy, Bread & Eggs",Undecided,Personal Care,Difficulty discovering category menu or poor search matching,0
mock_app_765c75908504,app_store,Meera Bose,I buy daily groceries. I saw some deals on personal care items like face wash and soaps on Instamart. I'm not sure if the quality is authentic or if they are near expiry. I might try if they show the expiry date on the product page. Hope they resolve this soon.,2,2026-06-06T21:46:49.040937,https://www.mockplatform.com/swiggy/mock_app_765c75908504,"Dairy, Bread & Eggs",Undecided,Personal Care,Difficulty discovering category menu or poor search matching,0
mock_red_ce67856e865e,reddit,u/neha_rao,I buy daily groceries. I saw some deals on personal care items like face wash and soaps on Instamart. I'm not sure if the quality is authentic or if they are near expiry. I might try if they show the expiry date on the product page.,,2026-06-17T21:46:49.040944,https://www.mockplatform.com/swiggy/mock_red_ce67856e865e,"Dairy, Bread & Eggs",Undecided,Personal Care,Difficulty discovering category menu or poor search matching,0
mock_com_0609de14437f,community_forums,Meera Rao,"I buy my regular household cleaning items and snacks from Instamart. I saw they launched a gourmet and organic section recently. I'm really interested in trying organic seeds and olive oil, but the app search didn't show them properly. Will try if they recommend them on my cart page.",,2026-06-06T21:46:49.040951,https://www.mockplatform.com/swiggy/mock_com_0609de14437f,Cleaning & Household,Yes,Gourmet & Organic,Difficulty discovering category menu or poor search matching,0
mock_com_fe336e5857c3,community_forums,Neha Rao,"I buy almost everything on Instamart. Yesterday, I ordered a kitchen knife and a charging cable under Home Essentials, and it came in 9 minutes! Amazing. I'd love to buy my personal care cosmetics (shampoo, face wash) here too, but they don't have premium brands like Cetaphil or Minimalist. Please add them!",,2026-02-28T21:46:49.040957,https://www.mockplatform.com/swiggy/mock_com_fe336e5857c3,Kitchen & Home Essentials,Yes,Personal Care,"Prefers specialized apps (FirstCry, Nykaa, Heads Up For Tails)",0
mock_pub_1ff2c5d92c9b,public_blogs,Priya Singh,I use Swiggy Instamart for urgent snacks or beverages. But the checkout page adds so many fees! Handling fee + delivery charge + surge fee. It doesn't make sense to add a single bottle of handwash because the fees double the price. I'll stick to my local store.,,2026-04-01T21:46:49.040963,https://www.mockplatform.com/swiggy/mock_pub_1ff2c5d92c9b,Beverages,No,,High delivery/surge fees on small value items,0
mock_quo_9368dd24b3b7,quora,Anjali Bose,"Swiggy One membership gives me free delivery on Instamart. But the free delivery only applies if my order is above 199. If I just want to buy a single baby bottle cleaner, I have to add random items to hit the threshold. I'm undecided if I should buy these categories here or just walk to the pharmacy. Instamart is saving me so much time.",,2026-04-24T21:46:49.040971,https://www.mockplatform.com/swiggy/mock_quo_9368dd24b3b7,Snacks & Munchies,Undecided,"Baby Care, Cleaning & Household",Loyalty/Instamart Pass discounts do not apply to other categories,0
mock_com_94cb4d47fb97,community_forums,Rahul Malhotra,"I order milk, bread, and eggs from Swiggy Instamart every single morning. It's fast and reliable. But I never buy personal care items or home cleaning liquids here. They are far cheaper at DMart, and Instamart prices have a high premium. I strictly use it for daily groceries.",,2026-04-16T21:46:49.040980,https://www.mockplatform.com/swiggy/mock_com_94cb4d47fb97,"Dairy, Bread & Eggs",No,,Pricing is higher compared to local supermarkets (DMart),0
mock_pub_cd0a0dd7167c,public_blogs,Karan Mehta,"Instamart is my go-to for fruits and vegetables. I want to try ordering fresh chicken and fish from them, but I'm hesitant about how they package it. If they guarantee insulated packaging and Licious-like hygiene, I am willing to switch entirely.",,2026-03-03T21:46:49.040986,https://www.mockplatform.com/swiggy/mock_pub_cd0a0dd7167c,Fruits & Vegetables,Yes,Meat & Fish,Fears about quality of fresh produce or meats,0
mock_pla_a621161ea3dd,play_store,Rahul Verma,"Instamart is great for snacks and beverages when friends come over. But I will never buy vegetables or fruits here. Last time I ordered tomatoes, they were rotten and small. I'd rather buy fresh produce from my local vendor or Safal. Instamart is saving me so much time.",1,2026-03-16T21:46:49.040992,https://www.mockplatform.com/swiggy/mock_pla_a621161ea3dd,Snacks & Munchies,No,,Fears about quality of fresh produce or meats,0
mock_pub_02b58bcf3531,public_blogs,Anjali Gupta,I buy daily groceries. I saw some deals on personal care items like face wash and soaps on Instamart. I'm not sure if the quality is authentic or if they are near expiry. I might try if they show the expiry date on the product page. Strongly recommend this app.,,2026-05-27T21:46:49.041000,https://www.mockplatform.com/swiggy/mock_pub_02b58bcf3531,"Dairy, Bread & Eggs",Undecided,Personal Care,Difficulty discovering category menu or poor search matching,0
mock_you_97956bc37246,youtube,Sneha Joshi,"Swiggy One membership gives me free delivery on Instamart. But the free delivery only applies if my order is above 199. If I just want to buy a single baby bottle cleaner, I have to add random items to hit the threshold. I'm undecided if I should buy these categories here or just walk to the pharmacy.",,2026-03-19T21:46:49.041007,https://www.mockplatform.com/swiggy/mock_you_97956bc37246,Snacks & Munchies,Undecided,"Baby Care, Cleaning & Household",Loyalty/Instamart Pass discounts do not apply to other categories,0
mock_com_a552012cd5de,community_forums,Karan Singh,"Swiggy One membership gives me free delivery on Instamart. But the free delivery only applies if my order is above 199. If I just want to buy a single baby bottle cleaner, I have to add random items to hit the threshold. I'm undecided if I should buy these categories here or just walk to the pharmacy.",,2026-07-24T21:46:49.041013,https://www.mockplatform.com/swiggy/mock_com_a552012cd5de,Snacks & Munchies,Undecided,"Baby Care, Cleaning & Household",Loyalty/Instamart Pass discounts do not apply to other categories,0
mock_you_3ed4290a1103,youtube,Rahul Bose,"I buy almost everything on Instamart. Yesterday, I ordered a kitchen knife and a charging cable under Home Essentials, and it came in 9 minutes! Amazing. I'd love to buy my personal care cosmetics (shampoo, face wash) here too, but they don't have premium brands like Cetaphil or Minimalist. Please add them!",,2026-07-01T21:46:49.041021,https://www.mockplatform.com/swiggy/mock_you_3ed4290a1103,Kitchen & Home Essentials,Yes,Personal Care,"Prefers specialized apps (FirstCry, Nykaa, Heads Up For Tails)",0
mock_new_7a7352d31b84,news_articles,Priya Verma,"Instamart is my go-to for fruits and vegetables. I want to try ordering fresh chicken and fish from them, but I'm hesitant about how they package it. If they guarantee insulated packaging and Licious-like hygiene, I am willing to switch entirely. It's getting better day by day.",,2026-03-25T21:46:49.041029,https://www.mockplatform.com/swiggy/mock_new_7a7352d31b84,Fruits & Vegetables,Yes,Meat & Fish,Fears about quality of fresh produce or meats,0
mock_pro_927a1900282e,product_hunt,Sneha Singh,"Instamart is my go-to for fruits and vegetables. I want to try ordering fresh chicken and fish from them, but I'm hesitant about how they package it. If they guarantee insulated packaging and Licious-like hygiene, I am willing to switch entirely. Hope they resolve this soon.",,2026-06-10T21:46:49.041043,https://www.mockplatform.com/swiggy/mock_pro_927a1900282e,Fruits & Vegetables,Yes,Meat & Fish,Fears about quality of fresh produce or meats,0
mock_com_ee3e414f9450,community_forums,Anjali Singh,"Instamart is great for snacks and beverages when friends come over. But I will never buy vegetables or fruits here. Last time I ordered tomatoes, they were rotten and small. I'd rather buy fresh produce from my local vendor or Safal. Placed order from Bangalore.",,2026-07-21T21:46:49.041051,https://www.mockplatform.com/swiggy/mock_com_ee3e414f9450,Snacks & Munchies,No,,Fears about quality of fresh produce or meats,0
mock_pub_81a56ee012ee,public_blogs,Karan Patel,"I buy almost everything on Instamart. Yesterday, I ordered a kitchen knife and a charging cable under Home Essentials, and it came in 9 minutes! Amazing. I'd love to buy my personal care cosmetics (shampoo, face wash) here too, but they don't have premium brands like Cetaphil or Minimalist. Please add them!",,2026-07-07T21:46:49.041066,https://www.mockplatform.com/swiggy/mock_pub_81a56ee012ee,Kitchen & Home Essentials,Yes,Personal Care,"Prefers specialized apps (FirstCry, Nykaa, Heads Up For Tails)",0
mock_app_f8334e9151c3,app_store,Arjun Verma,"Instamart is my go-to for fruits and vegetables. I want to try ordering fresh chicken and fish from them, but I'm hesitant about how they package it. If they guarantee insulated packaging and Licious-like hygiene, I am willing to switch entirely.",1,2026-06-30T21:46:49.041073,https://www.mockplatform.com/swiggy/mock_app_f8334e9151c3,Fruits & Vegetables,Yes,Meat & Fish,Fears about quality of fresh produce or meats,0
mock_twi_f29362eda3ca,twitter,@anjali_gupta,"I order milk, bread, and eggs from Swiggy Instamart every single morning. It's fast and reliable. But I never buy personal care items or home cleaning liquids here. They are far cheaper at DMart, and Instamart prices have a high premium. I strictly use it for daily groceries. It's getting better day by day.",,2026-03-27T21:46:49.041079,https://www.mockplatform.com/swiggy/mock_twi_f29362eda3ca,"Dairy, Bread & Eggs",No,,Pricing is higher compared to local supermarkets (DMart),0
mock_pla_00b7cfff18f1,play_store,Arjun Verma,I use Swiggy Instamart for urgent snacks or beverages. But the checkout page adds so many fees! Handling fee + delivery charge + surge fee. It doesn't make sense to add a single bottle of handwash because the fees double the price. I'll stick to my local store. Delivery boy was polite.,1,2026-04-21T21:46:49.041087,https://www.mockplatform.com/swiggy/mock_pla_00b7cfff18f1,Beverages,No,,High delivery/surge fees on small value items,0
mock_pla_033b4a8de55d,play_store,Meera Rao,"Instamart is my go-to for fruits and vegetables. I want to try ordering fresh chicken and fish from them, but I'm hesitant about how they package it. If they guarantee insulated packaging and Licious-like hygiene, I am willing to switch entirely.",4,2026-07-06T21:46:49.041094,https://www.mockplatform.com/swiggy/mock_pla_033b4a8de55d,Fruits & Vegetables,Yes,Meat & Fish,Fears about quality of fresh produce or meats,0
mock_you_a71dfd4f105d,youtube,Anjali Sharma,"Why is the baby care section on Swiggy Instamart always empty? Whenever I want to order M size Pampers diapers, they are out of stock. I've stopped checking. I buy groceries here but order all my baby needs from FirstCry now.",,2026-05-01T21:46:49.041107,https://www.mockplatform.com/swiggy/mock_you_a71dfd4f105d,"Dairy, Bread & Eggs",No,,"Prefers specialized apps (FirstCry, Nykaa, Heads Up For Tails)",0
mock_twi_9be343deac28,twitter,@karan_patel,"Instamart is my go-to for fruits and vegetables. I want to try ordering fresh chicken and fish from them, but I'm hesitant about how they package it. If they guarantee insulated packaging and Licious-like hygiene, I am willing to switch entirely. Delivery boy was polite.",,2026-04-06T21:46:49.041115,https://www.mockplatform.com/swiggy/mock_twi_9be343deac28,Fruits & Vegetables,Yes,Meat & Fish,Fears about quality of fresh produce or meats,0
mock_red_d6e1eef0598a,reddit,u/priya_patel,I buy daily groceries. I saw some deals on personal care items like face wash and soaps on Instamart. I'm not sure if the quality is authentic or if they are near expiry. I might try if they show the expiry date on the product page. Instamart is saving me so much time.,,2026-04-11T21:46:49.041123,https://www.mockplatform.com/swiggy/mock_red_d6e1eef0598a,"Dairy, Bread & Eggs",Undecided,Personal Care,Difficulty discovering category menu or poor search matching,0
mock_quo_da8ae7e537ff,quora,Priya Singh,"I buy almost everything on Instamart. Yesterday, I ordered a kitchen knife and a charging cable under Home Essentials, and it came in 9 minutes! Amazing. I'd love to buy my personal care cosmetics (shampoo, face wash) here too, but they don't have premium brands like Cetaphil or Minimalist. Please add them!",,2026-04-07T21:46:49.041132,https://www.mockplatform.com/swiggy/mock_quo_da8ae7e537ff,Kitchen & Home Essentials,Yes,Personal Care,"Prefers specialized apps (FirstCry, Nykaa, Heads Up For Tails)",0
mock_red_b1bef31ed5a7,reddit,u/deepa_patel,"Instamart is my go-to for fruits and vegetables. I want to try ordering fresh chicken and fish from them, but I'm hesitant about how they package it. If they guarantee insulated packaging and Licious-like hygiene, I am willing to switch entirely.",,2026-06-30T21:46:49.041139,https://www.mockplatform.com/swiggy/mock_red_b1bef31ed5a7,Fruits & Vegetables,Yes,Meat & Fish,Fears about quality of fresh produce or meats,0
mock_quo_6cd4da4c0e5a,quora,Deepa Sen,I buy daily groceries. I saw some deals on personal care items like face wash and soaps on Instamart. I'm not sure if the quality is authentic or if they are near expiry. I might try if they show the expiry date on the product page. Strongly recommend this app.,,2026-06-06T21:46:49.041146,https://www.mockplatform.com/swiggy/mock_quo_6cd4da4c0e5a,"Dairy, Bread & Eggs",Undecided,Personal Care,Difficulty discovering category menu or poor search matching,0
mock_twi_cee109dc3980,twitter,@arjun_rao,"Swiggy One membership gives me free delivery on Instamart. But the free delivery only applies if my order is above 199. If I just want to buy a single baby bottle cleaner, I have to add random items to hit the threshold. I'm undecided if I should buy these categories here or just walk to the pharmacy. Hope they resolve this soon.",,2026-06-20T21:46:49.041154,https://www.mockplatform.com/swiggy/mock_twi_cee109dc3980,Snacks & Munchies,Undecided,"Baby Care, Cleaning & Household",Loyalty/Instamart Pass discounts do not apply to other categories,0
mock_red_4ed2737b3494,reddit,u/amit_sen,"I buy my regular household cleaning items and snacks from Instamart. I saw they launched a gourmet and organic section recently. I'm really interested in trying organic seeds and olive oil, but the app search didn't show them properly. Will try if they recommend them on my cart page. Hope they resolve this soon.",,2026-06-25T21:46:49.041160,https://www.mockplatform.com/swiggy/mock_red_4ed2737b3494,Cleaning & Household,Yes,Gourmet & Organic,Difficulty discovering category menu or poor search matching,0
mock_quo_dcc6ef6541dd,quora,Vikram Patel,I use Swiggy Instamart for urgent snacks or beverages. But the checkout page adds so many fees! Handling fee + delivery charge + surge fee. It doesn't make sense to add a single bottle of handwash because the fees double the price. I'll stick to my local store. Swiggy support is helpful though.,,2026-07-13T21:46:49.041167,https://www.mockplatform.com/swiggy/mock_quo_dcc6ef6541dd,Beverages,No,,High delivery/surge fees on small value items,0
mock_app_6af6c8a3615b,app_store,Deepa Verma,I buy daily groceries. I saw some deals on personal care items like face wash and soaps on Instamart. I'm not sure if the quality is authentic or if they are near expiry. I might try if they show the expiry date on the product page.,2,2026-05-24T21:46:49.041174,https://www.mockplatform.com/swiggy/mock_app_6af6c8a3615b,"Dairy, Bread & Eggs",Undecided,Personal Care,Difficulty discovering category menu or poor search matching,0
mock_you_eb7e1a959fda,youtube,Sneha Gupta,"I buy almost everything on Instamart. Yesterday, I ordered a kitchen knife and a charging cable under Home Essentials, and it came in 9 minutes! Amazing. I'd love to buy my personal care cosmetics (shampoo, face wash) here too, but they don't have premium brands like Cetaphil or Minimalist. Please add them!",,2026-05-17T21:46:49.041180,https://www.mockplatform.com/swiggy/mock_you_eb7e1a959fda,Kitchen & Home Essentials,Yes,Personal Care,"Prefers specialized apps (FirstCry, Nykaa, Heads Up For Tails)",0
mock_com_80386576aa48,community_forums,Arjun Gupta,"Why is the baby care section on Swiggy Instamart always empty? Whenever I want to order M size Pampers diapers, they are out of stock. I've stopped checking. I buy groceries here but order all my baby needs from FirstCry now. Strongly recommend this app.",,2026-05-05T21:46:49.041192,https://www.mockplatform.com/swiggy/mock_com_80386576aa48,"Dairy, Bread & Eggs",No,,"Prefers specialized apps (FirstCry, Nykaa, Heads Up For Tails)",0
mock_pub_ab6b879ec670,public_blogs,Karan Singh,"Swiggy One membership gives me free delivery on Instamart. But the free delivery only applies if my order is above 199. If I just want to buy a single baby bottle cleaner, I have to add random items to hit the threshold. I'm undecided if I should buy these categories here or just walk to the pharmacy. Instamart is saving me so much time.",,2026-03-26T21:46:49.041199,https://www.mockplatform.com/swiggy/mock_pub_ab6b879ec670,Snacks & Munchies,Undecided,"Baby Care, Cleaning & Household",Loyalty/Instamart Pass discounts do not apply to other categories,0
mock_com_3fa0fb5b8c21,community_forums,Rahul Bose,I buy daily groceries. I saw some deals on personal care items like face wash and soaps on Instamart. I'm not sure if the quality is authentic or if they are near expiry. I might try if they show the expiry date on the product page. Placed order from Bangalore.,,2026-05-31T21:46:49.041206,https://www.mockplatform.com/swiggy/mock_com_3fa0fb5b8c21,"Dairy, Bread & Eggs",Undecided,Personal Care,Difficulty discovering category menu or poor search matching,0
mock_twi_ee45a94aba10,twitter,@arjun_sen,"I order milk, bread, and eggs from Swiggy Instamart every single morning. It's fast and reliable. But I never buy personal care items or home cleaning liquids here. They are far cheaper at DMart, and Instamart prices have a high premium. I strictly use it for daily groceries.",,2026-07-15T21:46:49.041212,https://www.mockplatform.com/swiggy/mock_twi_ee45a94aba10,"Dairy, Bread & Eggs",No,,Pricing is higher compared to local supermarkets (DMart),0
mock_new_5bdde2d744ce,news_articles,Neha Nair,I buy daily groceries. I saw some deals on personal care items like face wash and soaps on Instamart. I'm not sure if the quality is authentic or if they are near expiry. I might try if they show the expiry date on the product page. Delivery boy was polite.,,2026-05-01T21:46:49.041220,https://www.mockplatform.com/swiggy/mock_new_5bdde2d744ce,"Dairy, Bread & Eggs",Undecided,Personal Care,Difficulty discovering category menu or poor search matching,0
mock_quo_2ffa34bdec11,quora,Rohan Verma,I use Swiggy Instamart for urgent snacks or beverages. But the checkout page adds so many fees! Handling fee + delivery charge + surge fee. It doesn't make sense to add a single bottle of handwash because the fees double the price. I'll stick to my local store. Instamart is saving me so much time.,,2026-07-05T21:46:49.041229,https://www.mockplatform.com/swiggy/mock_quo_2ffa34bdec11,Beverages,No,,High delivery/surge fees on small value items,0
mock_app_d23fffddf420,app_store,Anjali Bose,"I order milk, bread, and eggs from Swiggy Instamart every single morning. It's fast and reliable. But I never buy personal care items or home cleaning liquids here. They are far cheaper at DMart, and Instamart prices have a high premium. I strictly use it for daily groceries.",1,2026-03-17T21:46:49.041236,https://www.mockplatform.com/swiggy/mock_app_d23fffddf420,"Dairy, Bread & Eggs",No,,Pricing is higher compared to local supermarkets (DMart),0
mock_pro_c33bd5eabf03,product_hunt,Vikram Sen,"Usually only buy bread and curd. But I noticed a pet care section in the menu. I would love to order wet dog food and treats for my labrador from Instamart since it saves me a trip. However, they only have 1-2 local brands. If they stock Pedigree or Royal Canin, I will buy every month.",,2026-07-02T21:46:49.041243,https://www.mockplatform.com/swiggy/mock_pro_c33bd5eabf03,"Dairy, Bread & Eggs",Yes,Pet Care,Prefers specialized apps (Heads Up For Tails),0
mock_you_559d0755dbce,youtube,Rahul Verma,I buy daily groceries. I saw some deals on personal care items like face wash and soaps on Instamart. I'm not sure if the quality is authentic or if they are near expiry. I might try if they show the expiry date on the product page.,,2026-04-23T21:46:49.041250,https://www.mockplatform.com/swiggy/mock_you_559d0755dbce,"Dairy, Bread & Eggs",Undecided,Personal Care,Difficulty discovering category menu or poor search matching,0
mock_pla_a3e2f05a069e,play_store,Neha Sen,I use Swiggy Instamart for urgent snacks or beverages. But the checkout page adds so many fees! Handling fee + delivery charge + surge fee. It doesn't make sense to add a single bottle of handwash because the fees double the price. I'll stick to my local store. Delivery boy was polite.,3,2026-05-04T21:46:49.041257,https://www.mockplatform.com/swiggy/mock_pla_a3e2f05a069e,Beverages,No,,High delivery/surge fees on small value items,0
mock_pub_4ca9f3b5de8c,public_blogs,Rahul Patel,"Instamart is my go-to for fruits and vegetables. I want to try ordering fresh chicken and fish from them, but I'm hesitant about how they package it. If they guarantee insulated packaging and Licious-like hygiene, I am willing to switch entirely.",,2026-07-24T21:46:49.041264,https://www.mockplatform.com/swiggy/mock_pub_4ca9f3b5de8c,Fruits & Vegetables,Yes,Meat & Fish,Fears about quality of fresh produce or meats,0
mock_red_1260faaea278,reddit,u/rahul_verma,"Why is the baby care section on Swiggy Instamart always empty? Whenever I want to order M size Pampers diapers, they are out of stock. I've stopped checking. I buy groceries here but order all my baby needs from FirstCry now. Placed order from Bangalore.",,2026-03-14T21:46:49.041271,https://www.mockplatform.com/swiggy/mock_red_1260faaea278,"Dairy, Bread & Eggs",No,,"Prefers specialized apps (FirstCry, Nykaa, Heads Up For Tails)",0
mock_new_2c6a6225b489,news_articles,Arjun Rao,I buy daily groceries. I saw some deals on personal care items like face wash and soaps on Instamart. I'm not sure if the quality is authentic or if they are near expiry. I might try if they show the expiry date on the product page. Placed order from Bangalore.,,2026-06-27T21:46:49.041277,https://www.mockplatform.com/swiggy/mock_new_2c6a6225b489,"Dairy, Bread & Eggs",Undecided,Personal Care,Difficulty discovering category menu or poor search matching,0
mock_you_3755d5a6763c,youtube,Deepa Bose,I use Swiggy Instamart for urgent snacks or beverages. But the checkout page adds so many fees! Handling fee + delivery charge + surge fee. It doesn't make sense to add a single bottle of handwash because the fees double the price. I'll stick to my local store. Hope they resolve this soon.,,2026-04-04T21:46:49.041283,https://www.mockplatform.com/swiggy/mock_you_3755d5a6763c,Beverages,No,,High delivery/surge fees on small value items,0
mock_pub_6f0b05cfb457,public_blogs,Amit Singh,"I buy my regular household cleaning items and snacks from Instamart. I saw they launched a gourmet and organic section recently. I'm really interested in trying organic seeds and olive oil, but the app search didn't show them properly. Will try if they recommend them on my cart page. It's getting better day by day.",,2026-05-02T21:46:49.041293,https://www.mockplatform.com/swiggy/mock_pub_6f0b05cfb457,Cleaning & Household,Yes,Gourmet & Organic,Difficulty discovering category menu or poor search matching,0
mock_pro_ba30bb5e8c55,product_hunt,Neha Verma,"I order milk, bread, and eggs from Swiggy Instamart every single morning. It's fast and reliable. But I never buy personal care items or home cleaning liquids here. They are far cheaper at DMart, and Instamart prices have a high premium. I strictly use it for daily groceries.",,2026-05-30T21:46:49.041300,https://www.mockplatform.com/swiggy/mock_pro_ba30bb5e8c55,"Dairy, Bread & Eggs",No,,Pricing is higher compared to local supermarkets (DMart),0
mock_pla_50ee6fe962f2,play_store,Rohan Nair,"I buy almost everything on Instamart. Yesterday, I ordered a kitchen knife and a charging cable under Home Essentials, and it came in 9 minutes! Amazing. I'd love to buy my personal care cosmetics (shampoo, face wash) here too, but they don't have premium brands like Cetaphil or Minimalist. Please add them!",4,2026-06-20T21:46:49.041307,https://www.mockplatform.com/swiggy/mock_pla_50ee6fe962f2,Kitchen & Home Essentials,Yes,Personal Care,"Prefers specialized apps (FirstCry, Nykaa, Heads Up For Tails)",0
mock_pla_cbaae5e0c5ae,play_store,Sneha Bose,"Swiggy One membership gives me free delivery on Instamart. But the free delivery only applies if my order is above 199. If I just want to buy a single baby bottle cleaner, I have to add random items to hit the threshold. I'm undecided if I should buy these categories here or just walk to the pharmacy.",3,2026-03-23T21:46:49.041315,https://www.mockplatform.com/swiggy/mock_pla_cbaae5e0c5ae,Snacks & Munchies,Undecided,"Baby Care, Cleaning & Household",Loyalty/Instamart Pass discounts do not apply to other categories,0
mock_twi_0febdc26b0fc,twitter,@deepa_mehta,"I order milk, bread, and eggs from Swiggy Instamart every single morning. It's fast and reliable. But I never buy personal care items or home cleaning liquids here. They are far cheaper at DMart, and Instamart prices have a high premium. I strictly use it for daily groceries.",,2026-03-31T21:46:49.041322,https://www.mockplatform.com/swiggy/mock_twi_0febdc26b0fc,"Dairy, Bread & Eggs",No,,Pricing is higher compared to local supermarkets (DMart),0
mock_red_b408558d138b,reddit,u/rahul_malhotra,"Usually only buy bread and curd. But I noticed a pet care section in the menu. I would love to order wet dog food and treats for my labrador from Instamart since it saves me a trip. However, they only have 1-2 local brands. If they stock Pedigree or Royal Canin, I will buy every month.",,2026-03-25T21:46:49.041328,https://www.mockplatform.com/swiggy/mock_red_b408558d138b,"Dairy, Bread & Eggs",Yes,Pet Care,Prefers specialized apps (Heads Up For Tails),0
mock_pro_bef9d1420e07,product_hunt,Arjun Patel,"Instamart is my go-to for fruits and vegetables. I want to try ordering fresh chicken and fish from them, but I'm hesitant about how they package it. If they guarantee insulated packaging and Licious-like hygiene, I am willing to switch entirely. Instamart is saving me so much time.",,2026-07-10T21:46:49.041335,https://www.mockplatform.com/swiggy/mock_pro_bef9d1420e07,Fruits & Vegetables,Yes,Meat & Fish,Fears about quality of fresh produce or meats,0
